{"referenceId":null,"name":"Calculate Bonus","description":null,"editorJson":{"id":25033,"name":"Calculate Bonus","key":"CalculateBonus","hitIndicator":"FIRST","inputExpressions":[{"id":"6","variableId":"obligationsCompleted","variableType":"formfield","type":"boolean","label":"Obligations Completed?","entries":null,"newVariable":false},{"id":"8","variableId":"additionalAchievements","variableType":"formfield","type":"string","label":"Additional Achievement","entries":null,"newVariable":false},{"id":"12","variableId":"completedDate","variableType":"formfield","type":"date","label":"Completed Date","entries":null,"newVariable":false},{"id":"15","variableId":"yearsOfService","variableType":"formfield","type":"number","label":"Years of Service","entries":null,"newVariable":false}],"outputExpressions":[{"id":"13","variableId":"bonus","variableType":"variable","type":"number","label":"Bonus","entries":null,"newVariable":true}],"rules":[{"6":"== true","8":"!= empty","12":"< fn_subtractDate(dueDate,0,3,0)","13":"salary * 0.05","15":"> 5"},{"6":"== true","8":"!= empty","12":"","13":"salary * 0.04","15":""},{"6":"== true","8":"","12":"","13":"salary * 0.02","15":"> 5"},{"6":"== true","8":"","12":"< fn_subtractDate(dueDate,0,3,0)","13":"salary * 0.01","15":""},{"6":"","8":"","12":"","13":"0","15":""}],"executionVariables":[]}}