{"referenceId":null,"name":"grade calculate","description":null,"editorJson":{"id":25040,"name":"grade calculate","key":"gradecalculate","hitIndicator":"FIRST","inputExpressions":[{"id":"3","variableId":"avg","variableType":"variable","type":"number","label":"Average","entries":null,"newVariable":false}],"outputExpressions":[{"id":"4","variableId":"grade","variableType":"variable","type":"string","label":"Grade","entries":null,"newVariable":false}],"rules":[{"3":"> 90","4":"\"S+ Grade\""},{"3":"> 80","4":"\"S Grade\""},{"3":">= 50","4":"\"B Grade\""},{"3":"< 50","4":"\"F Grade\""}],"executionVariables":[]}}