{"resourceId":27027,"properties":{"process_id":"BoundaryErrorEventExample","name":"Boundary Error Event Example","documentation":"","process_author":"","process_version":"","process_namespace":"http://www.activiti.org/processdef","executionlisteners":"","eventlisteners":"","signaldefinitions":"","messagedefinitions":"","executionvariables":"[{\"variableName\":\"subject\",\"variableType\":\"string\",\"$$hashKey\":\"uiGrid-0009\"},{\"variableName\":\"mailbody\",\"variableType\":\"string\",\"$$hashKey\":\"uiGrid-000F\"},{\"variableName\":\"index\",\"variableType\":\"string\",\"$$hashKey\":\"uiGrid-000L\"},{\"variableName\":\"groupId\",\"variableType\":\"string\",\"$$hashKey\":\"uiGrid-000R\"},{\"variableName\":\"groupDetails\",\"variableType\":\"string\",\"$$hashKey\":\"uiGrid-000X\"},{\"variableName\":\"groupSize\",\"variableType\":\"string\",\"$$hashKey\":\"uiGrid-0013\"}]","metadata":""},"stencil":{"id":"BPMNDiagram"},"childShapes":[{"resourceId":"startEvent1","properties":{"overrideid":"","name":"","documentation":"","executionlisteners":"","initiator":"","formkeydefinition":"","formreference":"","fieldstovariables":"","formproperties":""},"stencil":{"id":"StartNoneEvent"},"childShapes":[],"outgoing":[{"resourceId":"sid-123D70CE-38BE-4996-82C8-10054353B2DD"}],"bounds":{"lowerRight":{"x":90,"y":130},"upperLeft":{"x":60,"y":100}},"dockers":[]},{"resourceId":"sid-F6079747-6711-45F6-B72C-8FED8F8613F1","properties":{"overrideid":"","name":"Type Mail Content\nand Subject","documentation":"","asynchronousdefinition":"false","exclusivedefinition":"false","executionlisteners":"","multiinstance_type":"None","multiinstance_cardinality":"","multiinstance_collection":"","multiinstance_variable":"","multiinstance_condition":"","isforcompensation":"false","usertasksendemail":false,"usertaskassignment":"","formkeydefinition":"","formreference":{"id":19021,"name":"Sub Process Example","referenceId":null,"variablesmapping":[{"mappedVariable":"mailbody","inProcessVariable":"","outProcessVariable":"mailbody","typeOfMapping":"outputMap","inVariableType":"formField","outVariableType":"restResponse"},{"mappedVariable":"subject","inProcessVariable":"","outProcessVariable":"subject","typeOfMapping":"outputMap","inVariableType":"formField","outVariableType":"restResponse"}]},"fieldstovariables":"","duedatedefinition":"","prioritydefinition":"","categorydefinition":"","formproperties":"","tasklisteners":"","emailtemplate":""},"stencil":{"id":"UserTask"},"childShapes":[],"outgoing":[{"resourceId":"sid-258E164C-10A0-4A2A-BA6C-D341BD3D755D"}],"bounds":{"lowerRight":{"x":249,"y":155},"upperLeft":{"x":149,"y":75}},"dockers":[]},{"resourceId":"sid-123D70CE-38BE-4996-82C8-10054353B2DD","properties":{"overrideid":"","name":"","documentation":"","conditionsequenceflow":"","executionlisteners":"","defaultflow":"false"},"stencil":{"id":"SequenceFlow"},"childShapes":[],"outgoing":[{"resourceId":"sid-F6079747-6711-45F6-B72C-8FED8F8613F1"}],"bounds":{"lowerRight":{"x":148.59375,"y":115},"upperLeft":{"x":90.53125,"y":115}},"dockers":[{"x":15,"y":15},{"x":50,"y":40}],"target":{"resourceId":"sid-F6079747-6711-45F6-B72C-8FED8F8613F1"}},{"resourceId":"sid-C7A3728C-1FCA-4124-AC8C-489FB725C3E4","properties":{"scriptformat":"javascript","scripttext":"execution.setVariable(\"groupId\", 3003);\r\nexecution.setVariable(\"index\", 0);","executionvariables":"","overrideid":"","name":"initialization variable","documentation":"","asynchronousdefinition":"false","exclusivedefinition":"false","executionlisteners":"","multiinstance_type":"None","multiinstance_cardinality":"","multiinstance_collection":"","multiinstance_variable":"","multiinstance_condition":"","isforcompensation":"false"},"stencil":{"id":"ScriptTask"},"childShapes":[],"outgoing":[{"resourceId":"sid-3255D0E1-0187-4EB0-A75A-ACD7CE245C8F"}],"bounds":{"lowerRight":{"x":400,"y":155},"upperLeft":{"x":300,"y":75}},"dockers":[]},{"resourceId":"sid-258E164C-10A0-4A2A-BA6C-D341BD3D755D","properties":{"overrideid":"","name":"","documentation":"","conditionsequenceflow":"","executionlisteners":"","defaultflow":"false"},"stencil":{"id":"SequenceFlow"},"childShapes":[],"outgoing":[{"resourceId":"sid-C7A3728C-1FCA-4124-AC8C-489FB725C3E4"}],"bounds":{"lowerRight":{"x":299.453125,"y":115},"upperLeft":{"x":249.546875,"y":115}},"dockers":[{"x":50,"y":40},{"x":50,"y":40}],"target":{"resourceId":"sid-C7A3728C-1FCA-4124-AC8C-489FB725C3E4"}},{"resourceId":"sid-C8BAFA34-C921-4B74-B6A9-DCB00720EA1A","properties":{"overrideid":"","name":"Get Group details","documentation":"","asynchronousdefinition":"false","exclusivedefinition":"false","executionlisteners":"","multiinstance_type":"None","multiinstance_cardinality":"","multiinstance_collection":"","multiinstance_variable":"","multiinstance_condition":"","isforcompensation":"false","servicetaskclass":"com.activiti.extension.conf.MyJavaDelegate","servicetaskexpression":"","servicetaskdelegateexpression":"","servicetaskfields":"","servicetaskresultvariable":"","executionvariables":""},"stencil":{"id":"ServiceTask"},"childShapes":[],"outgoing":[{"resourceId":"sid-43AE3AE3-43F2-4193-B0CF-78D5F233AAAB"}],"bounds":{"lowerRight":{"x":550,"y":155},"upperLeft":{"x":450,"y":75}},"dockers":[]},{"resourceId":"sid-3255D0E1-0187-4EB0-A75A-ACD7CE245C8F","properties":{"overrideid":"","name":"","documentation":"","conditionsequenceflow":"","executionlisteners":"","defaultflow":"false"},"stencil":{"id":"SequenceFlow"},"childShapes":[],"outgoing":[{"resourceId":"sid-C8BAFA34-C921-4B74-B6A9-DCB00720EA1A"}],"bounds":{"lowerRight":{"x":449.78125,"y":115},"upperLeft":{"x":400.21875,"y":115}},"dockers":[{"x":50,"y":40},{"x":50,"y":40}],"target":{"resourceId":"sid-C8BAFA34-C921-4B74-B6A9-DCB00720EA1A"}},{"resourceId":"sid-FA7628DA-3CC6-495C-811C-5F7E85B05031","properties":{"scriptformat":"javascript","scripttext":"var data = JSON.parse(execution.getVariable(\"groupDetails\"));\nexecution.setVariable(\"groupSize\", data.total);","executionvariables":"","overrideid":"","name":"Get Loop Size","documentation":"","asynchronousdefinition":"false","exclusivedefinition":"false","executionlisteners":"","multiinstance_type":"None","multiinstance_cardinality":"","multiinstance_collection":"","multiinstance_variable":"","multiinstance_condition":"","isforcompensation":"false"},"stencil":{"id":"ScriptTask"},"childShapes":[],"outgoing":[{"resourceId":"sid-3DB137FA-1F4A-4FAB-A9D6-B3742EBEDAA1"}],"bounds":{"lowerRight":{"x":715,"y":155},"upperLeft":{"x":615,"y":75}},"dockers":[]},{"resourceId":"sid-43AE3AE3-43F2-4193-B0CF-78D5F233AAAB","properties":{"overrideid":"","name":"","documentation":"","conditionsequenceflow":"","executionlisteners":"","defaultflow":"false"},"stencil":{"id":"SequenceFlow"},"childShapes":[],"outgoing":[{"resourceId":"sid-FA7628DA-3CC6-495C-811C-5F7E85B05031"}],"bounds":{"lowerRight":{"x":614.37109375,"y":115},"upperLeft":{"x":550.62890625,"y":115}},"dockers":[{"x":50,"y":40},{"x":50,"y":40}],"target":{"resourceId":"sid-FA7628DA-3CC6-495C-811C-5F7E85B05031"}},{"resourceId":"sid-288D3C7E-218A-4219-8CB2-BBBE483227EB","properties":{"overrideid":"","name":"","documentation":"","asynchronousdefinition":"false","exclusivedefinition":"false","executionlisteners":"","multiinstance_type":"Sequential","multiinstance_cardinality":"${groupSize}","multiinstance_collection":"","multiinstance_variable":"","multiinstance_condition":"","istransaction":"false"},"stencil":{"id":"SubProcess"},"childShapes":[{"resourceId":"sid-4F8881A4-3F35-43CD-864C-3DC56A4C7B0A","properties":{"scriptformat":"javascript","scripttext":"var i = execution.getVariable(\"index\");\nvar temp = execution.getVariable(\"groupDetails\");\nvar groupData = JSON.parse(temp);\nexecution.setVariable(\"assigneeUser\", groupData.data[i].id);\n\nexecution.setVariable(\"subject\", execution.getVariable(\"subject\"));\nexecution.setVariable(\"mailbody\", execution.getVariable(\"mailbody\"));","executionvariables":"","overrideid":"","name":"Get Group Member one by one","documentation":"","asynchronousdefinition":"false","exclusivedefinition":"false","executionlisteners":"","multiinstance_type":"None","multiinstance_cardinality":"","multiinstance_collection":"","multiinstance_variable":"","multiinstance_condition":"","isforcompensation":"false"},"stencil":{"id":"ScriptTask"},"childShapes":[],"outgoing":[{"resourceId":"sid-4724D5A8-A685-495E-AB90-A261D72E5F20"}],"bounds":{"lowerRight":{"x":182,"y":101.5},"upperLeft":{"x":82,"y":21.5}},"dockers":[]},{"resourceId":"sid-ACFCCB74-B901-4F5D-ADE8-37E9610B2DB8","properties":{"scriptformat":"javascript","scripttext":"var i = execution.getVariable(\"index\");\ni++;\nexecution.setVariable(\"index\",i);","executionvariables":"","overrideid":"","name":"Loop Incement","documentation":"","asynchronousdefinition":"false","exclusivedefinition":"false","executionlisteners":"","multiinstance_type":"None","multiinstance_cardinality":"","multiinstance_collection":"","multiinstance_variable":"","multiinstance_condition":"","isforcompensation":"false"},"stencil":{"id":"ScriptTask"},"childShapes":[],"outgoing":[{"resourceId":"sid-5EBECB1E-4482-4EC3-9335-CCCC8EC883AD"}],"bounds":{"lowerRight":{"x":446,"y":106.5},"upperLeft":{"x":346,"y":26.5}},"dockers":[]},{"resourceId":"sid-F7B71B46-7691-4483-83A6-8F1C75B43B51","properties":{"overrideid":"","name":"","documentation":"","executionlisteners":"","initiator":"","formkeydefinition":"","formreference":"","fieldstovariables":"","formproperties":""},"stencil":{"id":"StartNoneEvent"},"childShapes":[],"outgoing":[{"resourceId":"sid-161AAA6E-D308-427B-9E44-871D30230EB6"}],"bounds":{"lowerRight":{"x":39,"y":78},"upperLeft":{"x":9,"y":48}},"dockers":[]},{"resourceId":"sid-E1749864-B3C5-49BF-AC1B-0C5348EA48A0","properties":{"overrideid":"","name":"Waiting  for Approval","documentation":"","asynchronousdefinition":"false","exclusivedefinition":"false","executionlisteners":"","multiinstance_type":"None","multiinstance_cardinality":"","multiinstance_collection":"","multiinstance_variable":"","multiinstance_condition":"","isforcompensation":"false","usertasksendemail":false,"usertaskassignment":{"assignment":{"type":"static","assignee":"${assigneeUser}"}},"formkeydefinition":"","formreference":{"id":28028,"name":"Sub Process Display Example","referenceId":null},"fieldstovariables":"","duedatedefinition":"","prioritydefinition":"","categorydefinition":"","formproperties":"","tasklisteners":"","emailtemplate":{"emailTemplate":{"type":"custom","templateSubject":"${subject!}","templateText":"<!DOCTYPE html>\n<html lang=\"en\">\n\t<body>\n\t\t<div id=\"m_editable\">\n\t\t\t<table style=\"font-family:Tahoma;font-size:13px\" width=\"706\" align=\"center\">\n\t\t\t\t<tbody>\n\n\t\t\t\t\t<tr bgcolor=\"#2196F3\">\n\t\t\t\t\t<td style=\"padding:10px;color:#ffffff\" align=\"center\" bgcolor=\"#2196F3\">\n\t\t\t\t\t<strong><span class=\"il\">User is awaiting your approval</span></strong>\n\t\t\t\t\t<br>\n\t\t\t\t\t</td>\t\t\t\t\t\n\t\t\t\t\t</tr>\n\n\t\t\t\t\t<tr>\n\t\t\t\t\t\t<td style=\"border:1px solid #4391d6;padding:18px 30px 10px;font-size:20px\" align=\"left\">\n\n\t\t\t\t\t\t   <p>Hi  ,</p>\n                                 <div id=\"m_content\">\n\t\t\t\t\t\t\t\t\t\t<div class=\"m_inner\">\n\t\t\t\t\t\t\t\t\t\t\t\t<p>&nbsp;&nbsp;&nbsp;&nbsp;&nbsp;&nbsp;&nbsp;&nbsp;&nbsp;\n\t\t\t\t\t\t\t\t\t\t\t\tA new profile is submitted and awaiting your approval.\n\t\t\t\t\t\t\t\t\t\t\t\t\n\t\t\t\t\t\t\t\t\t\t\t\t${mailbody!}\n\t\t\t\t\t\t\t\t\t\t\t\t\t\t\t\t\t\t\t\t\t\t\t\t\n\t\t\t\t\t\t\t\t\t\t\t\t\t<div class=\"m_comment\">\n\t\t\t\t\t\t\t\t\t\t\t\t\t<p>Thanks,<br>\n\t\t\t\t\t\t\t\t\t\t\t\t\tTeam Register.</p>\n\t\t\t\t\t\t\t\t\t\t\t\t\t</div>\n\t\t\t\t\t\t\t\t\t\t</div>\n\t\t\t\t\t\t\t\t\t\t\n\t\t\t\t\t\t\t\t</div>\n\n\n\t\t\t\t\t\t</td>\n\n\n\t\t\t\t\t</tr>\n\n\t\t\t\t\t<tr bgcolor=\"#2196F3\">\n\t\t\t\t\t<td style=\"padding:10px;color:#ffffff\" align=\"center\">\n\t\t\t\t\t<strong> \n\t\t\t\t\t\n\t\t\t\t\tNote: This is a system generated mail. Please do not reply to this email ID.\n\t\t\t\t\t</strong>\n\t\t\t\t\t</td>\n\t\t\t\t\t</tr>\n\t\t\t\t\n\t\t\t\t</tbody>\n\t\t\t</table>\n\t\t</div>\n\t</body>\n</html>"}}},"stencil":{"id":"UserTask"},"childShapes":[],"outgoing":[{"resourceId":"sid-43C3BF71-82BD-4451-9576-0FC5F817631C"}],"bounds":{"lowerRight":{"x":311,"y":101.5},"upperLeft":{"x":211,"y":21.5}},"dockers":[]},{"resourceId":"sid-C78C1CB8-85C3-4567-A7BC-304FECEE718F","properties":{"overrideid":"","name":"","documentation":"","asynchronousdefinition":"false","exclusivedefinition":"false","sequencefloworder":""},"stencil":{"id":"ExclusiveGateway"},"childShapes":[],"outgoing":[{"resourceId":"sid-99242338-4A36-4999-AB69-3532763E9444"},{"resourceId":"sid-2F3E3903-21AE-468C-AB67-4ED2427FBB2D"}],"bounds":{"lowerRight":{"x":536,"y":86.5},"upperLeft":{"x":496,"y":46.5}},"dockers":[]},{"resourceId":"sid-75013573-1B9C-408F-80DC-887F6EAE7B73","properties":{"overrideid":"","name":"","documentation":"","executionlisteners":""},"stencil":{"id":"EndNoneEvent"},"childShapes":[],"outgoing":[],"bounds":{"lowerRight":{"x":590,"y":46},"upperLeft":{"x":562,"y":18}},"dockers":[]},{"resourceId":"sid-B759697B-4D33-4D03-AEEB-85ACFBE8C103","properties":{"overrideid":"","name":"","documentation":"","executionlisteners":"","errorref":"Reject"},"stencil":{"id":"EndErrorEvent"},"childShapes":[],"outgoing":[],"bounds":{"lowerRight":{"x":590,"y":114.5},"upperLeft":{"x":562,"y":86.5}},"dockers":[{"x":576,"y":100.5}]}],"outgoing":[{"resourceId":"sid-95B70B6F-3F96-4F59-91CB-A8BEAB8A8DBD"},{"resourceId":"sid-ACF1A12C-0612-4988-B53F-AF4E1FAF0338"}],"bounds":{"lowerRight":{"x":717,"y":311},"upperLeft":{"x":113,"y":190}},"dockers":[]},{"resourceId":"sid-161AAA6E-D308-427B-9E44-871D30230EB6","properties":{"overrideid":"","name":"","documentation":"","conditionsequenceflow":"","executionlisteners":"","defaultflow":"false"},"stencil":{"id":"SequenceFlow"},"childShapes":[],"outgoing":[{"resourceId":"sid-4F8881A4-3F35-43CD-864C-3DC56A4C7B0A"}],"bounds":{"lowerRight":{"x":194.21884643666544,"y":252.78689370050924},"upperLeft":{"x":152.34365356333456,"y":252.20529379949076}},"dockers":[{"x":15,"y":15},{"x":50,"y":40}],"target":{"resourceId":"sid-4F8881A4-3F35-43CD-864C-3DC56A4C7B0A"}},{"resourceId":"sid-4724D5A8-A685-495E-AB90-A261D72E5F20","properties":{"overrideid":"","name":"","documentation":"","conditionsequenceflow":"","executionlisteners":"","defaultflow":"false"},"stencil":{"id":"SequenceFlow"},"childShapes":[],"outgoing":[{"resourceId":"sid-E1749864-B3C5-49BF-AC1B-0C5348EA48A0"}],"bounds":{"lowerRight":{"x":323.6171875,"y":251.5},"upperLeft":{"x":295.3828125,"y":251.5}},"dockers":[{"x":50,"y":40},{"x":50,"y":40}],"target":{"resourceId":"sid-E1749864-B3C5-49BF-AC1B-0C5348EA48A0"}},{"resourceId":"sid-5EBECB1E-4482-4EC3-9335-CCCC8EC883AD","properties":{"overrideid":"","name":"","documentation":"","conditionsequenceflow":"","executionlisteners":"","defaultflow":"false"},"stencil":{"id":"SequenceFlow"},"childShapes":[],"outgoing":[{"resourceId":"sid-C78C1CB8-85C3-4567-A7BC-304FECEE718F"}],"bounds":{"lowerRight":{"x":609.25,"y":256.5},"upperLeft":{"x":559.6875,"y":256.5}},"dockers":[{"x":50,"y":40},{"x":20,"y":20}],"target":{"resourceId":"sid-C78C1CB8-85C3-4567-A7BC-304FECEE718F"}},{"resourceId":"sid-1C9B431B-3F17-498E-B080-EEEF5FF7C91D","properties":{"overrideid":"","name":"","documentation":"","executionlisteners":""},"stencil":{"id":"EndNoneEvent"},"childShapes":[],"outgoing":[],"bounds":{"lowerRight":{"x":793,"y":277},"upperLeft":{"x":765,"y":249}},"dockers":[]},{"resourceId":"sid-EB50577D-C900-4DA6-AD66-67FF74C140FF","properties":{"overrideid":"","name":"","documentation":"","conditionsequenceflow":{"expression":{"type":"variables","outcomeFormId":28028,"outcomeFormName":"Sub Process Display Example","operator":"==","rightOutcomeFormId":28028,"rightOutcomeFormName":"Sub Process Display Example","rightOutcomeName":"Reject"}},"executionlisteners":"","defaultflow":"false","showdiamondmarker":false},"stencil":{"id":"SequenceFlow"},"childShapes":[],"outgoing":[{"resourceId":"sid-F6079747-6711-45F6-B72C-8FED8F8613F1"}],"bounds":{"lowerRight":{"x":271.845234162518,"y":178.96322861205877},"upperLeft":{"x":247.0814862495717,"y":155.36747090002964}},"dockers":[{"x":15,"y":15},{"x":82.4370087131922,"y":65.4608702199805}],"target":{"resourceId":"sid-F6079747-6711-45F6-B72C-8FED8F8613F1"}},{"resourceId":"sid-43C3BF71-82BD-4451-9576-0FC5F817631C","properties":{"overrideid":"","name":"","documentation":"","conditionsequenceflow":"","executionlisteners":"","defaultflow":"false"},"stencil":{"id":"SequenceFlow"},"childShapes":[],"outgoing":[{"resourceId":"sid-ACFCCB74-B901-4F5D-ADE8-37E9610B2DB8"}],"bounds":{"lowerRight":{"x":458.4303726662332,"y":254.62705083949012},"upperLeft":{"x":424.5696273337668,"y":253.37294916050988}},"dockers":[{"x":50,"y":40},{"x":50,"y":40}],"target":{"resourceId":"sid-ACFCCB74-B901-4F5D-ADE8-37E9610B2DB8"}},{"resourceId":"sid-95B70B6F-3F96-4F59-91CB-A8BEAB8A8DBD","properties":{"overrideid":"","name":"","documentation":"","conditionsequenceflow":"","executionlisteners":"","defaultflow":"false"},"stencil":{"id":"SequenceFlow"},"childShapes":[],"outgoing":[{"resourceId":"sid-1C9B431B-3F17-498E-B080-EEEF5FF7C91D"}],"bounds":{"lowerRight":{"x":764.4927766194402,"y":262.50181238390934},"upperLeft":{"x":717.4369108805598,"y":260.88588292859066}},"dockers":[{"x":302,"y":60.5},{"x":14,"y":14}],"target":{"resourceId":"sid-1C9B431B-3F17-498E-B080-EEEF5FF7C91D"}},{"resourceId":"sid-3DB137FA-1F4A-4FAB-A9D6-B3742EBEDAA1","properties":{"overrideid":"","name":"","documentation":"","conditionsequenceflow":"","executionlisteners":"","defaultflow":"false","showdiamondmarker":false},"stencil":{"id":"SequenceFlow"},"childShapes":[],"outgoing":[{"resourceId":"sid-288D3C7E-218A-4219-8CB2-BBBE483227EB"}],"bounds":{"lowerRight":{"x":806.5,"y":204.08465608465607},"upperLeft":{"x":715.74609375,"y":115}},"dockers":[{"x":50,"y":40},{"x":806.5,"y":115},{"x":805.835609134409,"y":204.08465608465607},{"x":592.0348652931855,"y":14.084656084656084}],"target":{"resourceId":"sid-288D3C7E-218A-4219-8CB2-BBBE483227EB"}},{"resourceId":"sid-2F3E3903-21AE-468C-AB67-4ED2427FBB2D","properties":{"overrideid":"","name":"","documentation":"","conditionsequenceflow":"","executionlisteners":"","defaultflow":true},"stencil":{"id":"SequenceFlow"},"childShapes":[],"outgoing":[{"resourceId":"sid-B759697B-4D33-4D03-AEEB-85ACFBE8C103"}],"bounds":{"lowerRight":{"x":674.984375,"y":290.5},"upperLeft":{"x":629.5,"y":276.84375}},"dockers":[{"x":20.5,"y":20.5},{"x":629.5,"y":290.5},{"x":14,"y":14}],"target":{"resourceId":"sid-B759697B-4D33-4D03-AEEB-85ACFBE8C103"}},{"resourceId":"sid-99242338-4A36-4999-AB69-3532763E9444","properties":{"overrideid":"","name":"","documentation":"","conditionsequenceflow":{"expression":{"type":"variables","outcomeFormId":28028,"outcomeFormName":"Sub Process Display Example","operator":"==","rightOutcomeFormId":28028,"rightOutcomeFormName":"Sub Process Display Example","rightOutcomeName":"Approved"}},"executionlisteners":"","defaultflow":false},"stencil":{"id":"SequenceFlow"},"childShapes":[],"outgoing":[{"resourceId":"sid-75013573-1B9C-408F-80DC-887F6EAE7B73"}],"bounds":{"lowerRight":{"x":674.984375,"y":236.3125},"upperLeft":{"x":629.5,"y":222}},"dockers":[{"x":20.5,"y":20.5},{"x":629.5,"y":222},{"x":14,"y":14}],"target":{"resourceId":"sid-75013573-1B9C-408F-80DC-887F6EAE7B73"}},{"resourceId":"sid-ACF1A12C-0612-4988-B53F-AF4E1FAF0338","properties":{"overrideid":"","name":"","documentation":"","errorref":"Reject"},"stencil":{"id":"BoundaryErrorEvent"},"childShapes":[],"outgoing":[{"resourceId":"sid-EB50577D-C900-4DA6-AD66-67FF74C140FF"}],"bounds":{"lowerRight":{"x":298.0538862827626,"y":204.64322102021296},"upperLeft":{"x":268.0538862827626,"y":174.64322102021296}},"dockers":[{"x":179.5,"y":4}]}],"bounds":{"lowerRight":{"x":1200,"y":1050},"upperLeft":{"x":0,"y":0}},"stencilset":{"url":"stencilsets/bpmn2.0/bpmn2.0.json","namespace":"http://b3mn.org/stencilset/bpmn2.0#"},"ssextensions":[]}