{"resourceId":32033,"properties":{"process_id":"BoundarysignaleventExample","name":"Boundary signal event Example","documentation":"","process_author":"","process_version":"","process_namespace":"http://www.activiti.org/processdef","executionlisteners":"","eventlisteners":"{\"eventListeners\":[{\"event\":\"TASK_COMPLETED\",\"implementation\":\"${TrainingListener}\",\"className\":\"\",\"delegateExpression\":\"${TrainingListener}\",\"retrowEvent\":false,\"$$hashKey\":\"uiGrid-000R\",\"fields\":[],\"events\":[{\"event\":\"TASK_COMPLETED\",\"$$hashKey\":\"object:993\"}]}]}","signaldefinitions":"[{\"id\":\"test\",\"name\":\"signaltest\",\"scope\":\"global\",\"$$hashKey\":\"uiGrid-000B\"}]","messagedefinitions":"","executionvariables":"","metadata":""},"stencil":{"id":"BPMNDiagram"},"childShapes":[{"resourceId":"startEvent1","properties":{"overrideid":"","name":"","documentation":"","executionlisteners":"","initiator":"","formkeydefinition":"","formreference":"","fieldstovariables":"","formproperties":""},"stencil":{"id":"StartNoneEvent"},"childShapes":[],"outgoing":[{"resourceId":"sid-30518264-A09F-45AB-BBB6-B75ED4060141"}],"bounds":{"lowerRight":{"x":105,"y":100},"upperLeft":{"x":75,"y":70}},"dockers":[]},{"resourceId":"sid-E0DA409E-E2C4-44FD-8E27-A4351CE31B7C","properties":{"overrideid":"boundary_signal_event_example","name":"Submit user Details","documentation":"","asynchronousdefinition":"false","exclusivedefinition":"false","executionlisteners":"","multiinstance_type":"None","multiinstance_cardinality":"","multiinstance_collection":"","multiinstance_variable":"","multiinstance_condition":"","isforcompensation":"false","usertasksendemail":false,"usertaskassignment":"","formkeydefinition":"","formreference":"","fieldstovariables":"","duedatedefinition":"","prioritydefinition":"","categorydefinition":"","formproperties":"","tasklisteners":"","emailtemplate":""},"stencil":{"id":"UserTask"},"childShapes":[],"outgoing":[{"resourceId":"sid-55F4DD29-AD6F-47A0-8AD7-53AB617D7209"},{"resourceId":"sid-4929D0DD-D92C-4A8A-9427-4C1BDE5311EA"}],"bounds":{"lowerRight":{"x":250,"y":125},"upperLeft":{"x":150,"y":45}},"dockers":[]},{"resourceId":"sid-93A7F880-4D08-4B32-B586-E10E42215D6F","properties":{"overrideid":"","name":"","documentation":"","executionlisteners":""},"stencil":{"id":"EndNoneEvent"},"childShapes":[],"outgoing":[],"bounds":{"lowerRight":{"x":628,"y":95},"upperLeft":{"x":600,"y":67}},"dockers":[]},{"resourceId":"sid-30518264-A09F-45AB-BBB6-B75ED4060141","properties":{"overrideid":"","name":"","documentation":"","conditionsequenceflow":"","executionlisteners":"","defaultflow":"false"},"stencil":{"id":"SequenceFlow"},"childShapes":[],"outgoing":[{"resourceId":"sid-E0DA409E-E2C4-44FD-8E27-A4351CE31B7C"}],"bounds":{"lowerRight":{"x":149.15625,"y":85},"upperLeft":{"x":105.609375,"y":85}},"dockers":[{"x":15,"y":15},{"x":50,"y":40}],"target":{"resourceId":"sid-E0DA409E-E2C4-44FD-8E27-A4351CE31B7C"}},{"resourceId":"sid-F8D1845B-7801-4B12-8498-3655536BFF26","properties":{"overrideid":"","name":"Send Welcome Mail","documentation":"","asynchronousdefinition":"false","exclusivedefinition":"false","executionlisteners":"","multiinstance_type":"None","multiinstance_cardinality":"","multiinstance_collection":"","multiinstance_variable":"","multiinstance_condition":"","isforcompensation":"false","mailtaskto":"malaivasan.d@muraai.com","mailtaskfrom":"","mailtasksubject":"Signal Test","mailtaskcc":"","mailtaskbcc":"","mailtasktext":"Hai Boundary Signal Event Test","mailtaskhtml":"","mailtaskcharset":""},"stencil":{"id":"MailTask"},"childShapes":[],"outgoing":[{"resourceId":"sid-53C2F77C-217F-411A-A93F-38382E1E9C05"}],"bounds":{"lowerRight":{"x":364.5,"y":245},"upperLeft":{"x":264.5,"y":165}},"dockers":[]},{"resourceId":"sid-53C2F77C-217F-411A-A93F-38382E1E9C05","properties":{"overrideid":"","name":"","documentation":"","conditionsequenceflow":"","executionlisteners":"","defaultflow":"false"},"stencil":{"id":"SequenceFlow"},"childShapes":[],"outgoing":[{"resourceId":"sid-93A7F880-4D08-4B32-B586-E10E42215D6F"}],"bounds":{"lowerRight":{"x":614,"y":205},"upperLeft":{"x":364.63671875,"y":95.5625}},"dockers":[{"x":50,"y":40},{"x":614,"y":205},{"x":14,"y":14}],"target":{"resourceId":"sid-93A7F880-4D08-4B32-B586-E10E42215D6F"}},{"resourceId":"sid-619CEF1B-8753-427A-AD91-1B635B79D9A9","properties":{"overrideid":"","name":"","documentation":"","conditionsequenceflow":"","executionlisteners":"","defaultflow":"false"},"stencil":{"id":"SequenceFlow"},"childShapes":[],"outgoing":[{"resourceId":"sid-F8D1845B-7801-4B12-8498-3655536BFF26"}],"bounds":{"lowerRight":{"x":264.20737845756224,"y":205},"upperLeft":{"x":203.80779723803448,"y":141.20625841954617}},"dockers":[{"x":15,"y":14.999999999999998},{"x":203.80779723803448,"y":205},{"x":50,"y":40}],"target":{"resourceId":"sid-F8D1845B-7801-4B12-8498-3655536BFF26"}},{"resourceId":"sid-E02821D9-1589-4552-8DCE-10D545977FE1","properties":{"overrideid":"","name":"Send Information mail","documentation":"","asynchronousdefinition":"false","exclusivedefinition":"false","executionlisteners":"","multiinstance_type":"None","multiinstance_cardinality":"","multiinstance_collection":"","multiinstance_variable":"","multiinstance_condition":"","isforcompensation":"false","mailtaskto":"malaivasan.d@muraai.com","mailtaskfrom":"","mailtasksubject":"Sample","mailtaskcc":"","mailtaskbcc":"","mailtasktext":"Hi sample test","mailtaskhtml":"","mailtaskcharset":""},"stencil":{"id":"MailTask"},"childShapes":[],"outgoing":[{"resourceId":"sid-47D7B2D9-F315-47AB-AD01-6E6DDFE6B1B1"}],"bounds":{"lowerRight":{"x":399.5,"y":121},"upperLeft":{"x":299.5,"y":41}},"dockers":[]},{"resourceId":"sid-55F4DD29-AD6F-47A0-8AD7-53AB617D7209","properties":{"overrideid":"","name":"","documentation":"","conditionsequenceflow":"","executionlisteners":"","defaultflow":"false"},"stencil":{"id":"SequenceFlow"},"childShapes":[],"outgoing":[{"resourceId":"sid-E02821D9-1589-4552-8DCE-10D545977FE1"}],"bounds":{"lowerRight":{"x":299.445670245766,"y":83.66075371895026},"upperLeft":{"x":250.05432975423398,"y":82.33924628104974}},"dockers":[{"x":50,"y":40},{"x":50,"y":40}],"target":{"resourceId":"sid-E02821D9-1589-4552-8DCE-10D545977FE1"}},{"resourceId":"sid-7BE1FA58-DED8-4734-B462-37FAF57EBD49","properties":{"overrideid":"","name":"Employee Approval","documentation":"","asynchronousdefinition":"false","exclusivedefinition":"false","executionlisteners":"","multiinstance_type":"None","multiinstance_cardinality":"","multiinstance_collection":"","multiinstance_variable":"","multiinstance_condition":"","isforcompensation":"false","usertasksendemail":true,"usertaskassignment":"","formkeydefinition":"","formreference":"","fieldstovariables":"","duedatedefinition":"","prioritydefinition":"","categorydefinition":"","formproperties":"","tasklisteners":"","emailtemplate":""},"stencil":{"id":"UserTask"},"childShapes":[],"outgoing":[{"resourceId":"sid-5C64978C-798C-48B1-B383-96E7B660E1E6"}],"bounds":{"lowerRight":{"x":545.5,"y":121},"upperLeft":{"x":445.5,"y":41}},"dockers":[]},{"resourceId":"sid-47D7B2D9-F315-47AB-AD01-6E6DDFE6B1B1","properties":{"overrideid":"","name":"","documentation":"","conditionsequenceflow":"","executionlisteners":"","defaultflow":"false"},"stencil":{"id":"SequenceFlow"},"childShapes":[],"outgoing":[{"resourceId":"sid-7BE1FA58-DED8-4734-B462-37FAF57EBD49"}],"bounds":{"lowerRight":{"x":445.453125,"y":81},"upperLeft":{"x":399.546875,"y":81}},"dockers":[{"x":50,"y":40},{"x":50,"y":40}],"target":{"resourceId":"sid-7BE1FA58-DED8-4734-B462-37FAF57EBD49"}},{"resourceId":"sid-5C64978C-798C-48B1-B383-96E7B660E1E6","properties":{"overrideid":"","name":"","documentation":"","conditionsequenceflow":"","executionlisteners":"","defaultflow":"false"},"stencil":{"id":"SequenceFlow"},"childShapes":[],"outgoing":[{"resourceId":"sid-93A7F880-4D08-4B32-B586-E10E42215D6F"}],"bounds":{"lowerRight":{"x":599.11328125,"y":81},"upperLeft":{"x":546.4921875,"y":81}},"dockers":[{"x":50,"y":40},{"x":14,"y":14}],"target":{"resourceId":"sid-93A7F880-4D08-4B32-B586-E10E42215D6F"}},{"resourceId":"sid-4929D0DD-D92C-4A8A-9427-4C1BDE5311EA","properties":{"overrideid":"","name":"","documentation":"","signalref":"test","cancelactivity":false},"stencil":{"id":"BoundarySignalEvent"},"childShapes":[],"outgoing":[{"resourceId":"sid-619CEF1B-8753-427A-AD91-1B635B79D9A9"}],"bounds":{"lowerRight":{"x":218.80779723803448,"y":140.25385651636452},"upperLeft":{"x":188.80779723803448,"y":110.25385651636452}},"dockers":[{"x":53.80779723803448,"y":80.25385651636452}]}],"bounds":{"lowerRight":{"x":1200,"y":1050},"upperLeft":{"x":0,"y":0}},"stencilset":{"url":"stencilsets/bpmn2.0/bpmn2.0.json","namespace":"http://b3mn.org/stencilset/bpmn2.0#"},"ssextensions":[]}