<?xml version='1.0' encoding='UTF-8'?>
<definitions xmlns="http://www.omg.org/spec/BPMN/20100524/MODEL" xmlns:xsi="http://www.w3.org/2001/XMLSchema-instance" xmlns:xsd="http://www.w3.org/2001/XMLSchema" xmlns:activiti="http://activiti.org/bpmn" xmlns:bpmndi="http://www.omg.org/spec/BPMN/20100524/DI" xmlns:omgdc="http://www.omg.org/spec/DD/20100524/DC" xmlns:omgdi="http://www.omg.org/spec/DD/20100524/DI" typeLanguage="http://www.w3.org/2001/XMLSchema" expressionLanguage="http://www.w3.org/1999/XPath" targetNamespace="http://www.activiti.org/processdef" xmlns:modeler="http://activiti.com/modeler" modeler:version="1.0en" modeler:exportDateTime="20190610155331284" modeler:modelId="31031" modeler:modelVersion="5" modeler:modelLastUpdated="1560162143726">
  <process id="TestSample" name="Boundary timer event Example" isExecutable="true">
    <startEvent id="startEvent1">
      <extensionElements>
        <modeler:editor-resource-id><![CDATA[startEvent1]]></modeler:editor-resource-id>
      </extensionElements>
    </startEvent>
    <userTask id="sid-88F4DDAF-6D9A-49DB-ADFC-9EAD35DDF130" name="Fill the form" activiti:assignee="$INITIATOR">
      <extensionElements>
        <modeler:allow-send-email><![CDATA[true]]></modeler:allow-send-email>
        <modeler:activiti-idm-initiator><![CDATA[true]]></modeler:activiti-idm-initiator>
        <modeler:editor-resource-id><![CDATA[sid-88F4DDAF-6D9A-49DB-ADFC-9EAD35DDF130]]></modeler:editor-resource-id>
      </extensionElements>
    </userTask>
    <sequenceFlow id="sid-CA3C2460-605D-4202-999F-6F6E44A76D4B" sourceRef="startEvent1" targetRef="sid-88F4DDAF-6D9A-49DB-ADFC-9EAD35DDF130">
      <extensionElements>
        <modeler:editor-resource-id><![CDATA[sid-CA3C2460-605D-4202-999F-6F6E44A76D4B]]></modeler:editor-resource-id>
      </extensionElements>
    </sequenceFlow>
    <endEvent id="sid-44E584AD-168E-4D53-A450-75911D95BA05">
      <extensionElements>
        <modeler:editor-resource-id><![CDATA[sid-44E584AD-168E-4D53-A450-75911D95BA05]]></modeler:editor-resource-id>
      </extensionElements>
    </endEvent>
    <sequenceFlow id="sid-9DAE5796-5462-4D64-8958-DFE2A7876F9B" sourceRef="sid-88F4DDAF-6D9A-49DB-ADFC-9EAD35DDF130" targetRef="sid-44E584AD-168E-4D53-A450-75911D95BA05">
      <extensionElements>
        <modeler:editor-resource-id><![CDATA[sid-9DAE5796-5462-4D64-8958-DFE2A7876F9B]]></modeler:editor-resource-id>
      </extensionElements>
    </sequenceFlow>
    <serviceTask id="sid-A2005090-0536-4012-BDB3-8C68488E91E1" name="Send Email" activiti:type="mail">
      <extensionElements>
        <activiti:field name="to">
          <activiti:string><![CDATA[malaivasan.d@muraai.com]]></activiti:string>
        </activiti:field>
        <activiti:field name="from">
          <activiti:string><![CDATA[malaivasan.d@muraai.com]]></activiti:string>
        </activiti:field>
        <activiti:field name="subject">
          <activiti:string><![CDATA[Hai]]></activiti:string>
        </activiti:field>
        <activiti:field name="text">
          <activiti:string><![CDATA[Welcome]]></activiti:string>
        </activiti:field>
        <modeler:editor-resource-id><![CDATA[sid-A2005090-0536-4012-BDB3-8C68488E91E1]]></modeler:editor-resource-id>
      </extensionElements>
    </serviceTask>
    <sequenceFlow id="sid-2790C866-4117-4DB6-8E91-5930662571A4" sourceRef="sid-A2005090-0536-4012-BDB3-8C68488E91E1" targetRef="sid-44E584AD-168E-4D53-A450-75911D95BA05">
      <extensionElements>
        <modeler:editor-resource-id><![CDATA[sid-2790C866-4117-4DB6-8E91-5930662571A4]]></modeler:editor-resource-id>
      </extensionElements>
    </sequenceFlow>
    <sequenceFlow id="sid-08401788-489A-435A-9B42-1532145CB799" sourceRef="sid-12F2ED7E-ECD0-4076-A84B-DFFC44B9681B" targetRef="sid-A2005090-0536-4012-BDB3-8C68488E91E1">
      <extensionElements>
        <modeler:editor-resource-id><![CDATA[sid-08401788-489A-435A-9B42-1532145CB799]]></modeler:editor-resource-id>
      </extensionElements>
    </sequenceFlow>
    <boundaryEvent id="sid-12F2ED7E-ECD0-4076-A84B-DFFC44B9681B" attachedToRef="sid-88F4DDAF-6D9A-49DB-ADFC-9EAD35DDF130" cancelActivity="false">
      <extensionElements>
        <modeler:editor-resource-id><![CDATA[sid-12F2ED7E-ECD0-4076-A84B-DFFC44B9681B]]></modeler:editor-resource-id>
      </extensionElements>
      <timerEventDefinition>
        <timeCycle>R3/PT20S</timeCycle>
      </timerEventDefinition>
    </boundaryEvent>
  </process>
  <bpmndi:BPMNDiagram id="BPMNDiagram_TestSample">
    <bpmndi:BPMNPlane bpmnElement="TestSample" id="BPMNPlane_TestSample">
      <bpmndi:BPMNShape bpmnElement="startEvent1" id="BPMNShape_startEvent1">
        <omgdc:Bounds height="30.0" width="30.0" x="75.0" y="75.0"/>
      </bpmndi:BPMNShape>
      <bpmndi:BPMNShape bpmnElement="sid-88F4DDAF-6D9A-49DB-ADFC-9EAD35DDF130" id="BPMNShape_sid-88F4DDAF-6D9A-49DB-ADFC-9EAD35DDF130">
        <omgdc:Bounds height="80.0" width="100.0" x="152.5" y="50.0"/>
      </bpmndi:BPMNShape>
      <bpmndi:BPMNShape bpmnElement="sid-44E584AD-168E-4D53-A450-75911D95BA05" id="BPMNShape_sid-44E584AD-168E-4D53-A450-75911D95BA05">
        <omgdc:Bounds height="28.0" width="28.0" x="300.0" y="76.0"/>
      </bpmndi:BPMNShape>
      <bpmndi:BPMNShape bpmnElement="sid-A2005090-0536-4012-BDB3-8C68488E91E1" id="BPMNShape_sid-A2005090-0536-4012-BDB3-8C68488E91E1">
        <omgdc:Bounds height="80.0" width="100.0" x="285.0" y="195.0"/>
      </bpmndi:BPMNShape>
      <bpmndi:BPMNShape bpmnElement="sid-12F2ED7E-ECD0-4076-A84B-DFFC44B9681B" id="BPMNShape_sid-12F2ED7E-ECD0-4076-A84B-DFFC44B9681B">
        <omgdc:Bounds height="31.0" width="31.0" x="187.0" y="114.54248046875"/>
      </bpmndi:BPMNShape>
      <bpmndi:BPMNEdge bpmnElement="sid-9DAE5796-5462-4D64-8958-DFE2A7876F9B" id="BPMNEdge_sid-9DAE5796-5462-4D64-8958-DFE2A7876F9B">
        <omgdi:waypoint x="252.5" y="90.0"/>
        <omgdi:waypoint x="300.0" y="90.0"/>
      </bpmndi:BPMNEdge>
      <bpmndi:BPMNEdge bpmnElement="sid-CA3C2460-605D-4202-999F-6F6E44A76D4B" id="BPMNEdge_sid-CA3C2460-605D-4202-999F-6F6E44A76D4B">
        <omgdi:waypoint x="105.0" y="90.0"/>
        <omgdi:waypoint x="152.5" y="90.0"/>
      </bpmndi:BPMNEdge>
      <bpmndi:BPMNEdge bpmnElement="sid-2790C866-4117-4DB6-8E91-5930662571A4" id="BPMNEdge_sid-2790C866-4117-4DB6-8E91-5930662571A4">
        <omgdi:waypoint x="329.2068965517241" y="195.0"/>
        <omgdi:waypoint x="316.00665063981575" y="103.85544489396594"/>
      </bpmndi:BPMNEdge>
      <bpmndi:BPMNEdge bpmnElement="sid-08401788-489A-435A-9B42-1532145CB799" id="BPMNEdge_sid-08401788-489A-435A-9B42-1532145CB799">
        <omgdi:waypoint x="215.5466979798049" y="140.47124523600883"/>
        <omgdi:waypoint x="285.0" y="195.43275775331438"/>
      </bpmndi:BPMNEdge>
    </bpmndi:BPMNPlane>
  </bpmndi:BPMNDiagram>
</definitions>