<?xml version='1.0' encoding='UTF-8'?>
<definitions xmlns="http://www.omg.org/spec/BPMN/20100524/MODEL" xmlns:xsi="http://www.w3.org/2001/XMLSchema-instance" xmlns:xsd="http://www.w3.org/2001/XMLSchema" xmlns:activiti="http://activiti.org/bpmn" xmlns:bpmndi="http://www.omg.org/spec/BPMN/20100524/DI" xmlns:omgdc="http://www.omg.org/spec/DD/20100524/DC" xmlns:omgdi="http://www.omg.org/spec/DD/20100524/DI" typeLanguage="http://www.w3.org/2001/XMLSchema" expressionLanguage="http://www.w3.org/1999/XPath" targetNamespace="http://www.activiti.org/processdef" xmlns:modeler="http://activiti.com/modeler" modeler:version="1.0en" modeler:exportDateTime="20190610155331290" modeler:modelId="27027" modeler:modelVersion="11" modeler:modelLastUpdated="1560162143843">
  <process id="BoundaryErrorEventExample" name="Boundary Error Event Example" isExecutable="true">
    <extensionElements>
      <modeler:executionvariables xmlns:modeler="http://activiti.com/modeler" modeler:variableName="subject" modeler:variableType="string"/>
      <modeler:executionvariables xmlns:modeler="http://activiti.com/modeler" modeler:variableName="mailbody" modeler:variableType="string"/>
      <modeler:executionvariables xmlns:modeler="http://activiti.com/modeler" modeler:variableName="index" modeler:variableType="string"/>
      <modeler:executionvariables xmlns:modeler="http://activiti.com/modeler" modeler:variableName="groupId" modeler:variableType="string"/>
      <modeler:executionvariables xmlns:modeler="http://activiti.com/modeler" modeler:variableName="groupDetails" modeler:variableType="string"/>
      <modeler:executionvariables xmlns:modeler="http://activiti.com/modeler" modeler:variableName="groupSize" modeler:variableType="string"/>
    </extensionElements>
    <startEvent id="startEvent1">
      <extensionElements>
        <modeler:editor-resource-id><![CDATA[startEvent1]]></modeler:editor-resource-id>
      </extensionElements>
    </startEvent>
    <userTask id="sid-F6079747-6711-45F6-B72C-8FED8F8613F1" name="Type Mail Content&#xa;and Subject" activiti:assignee="$INITIATOR" activiti:formKey="19021">
      <extensionElements>
        <modeler:allow-send-email><![CDATA[false]]></modeler:allow-send-email>
        <modeler:form-reference-id><![CDATA[19021]]></modeler:form-reference-id>
        <modeler:form-reference-name><![CDATA[Sub Process Example]]></modeler:form-reference-name>
        <modeler:activiti-idm-initiator><![CDATA[true]]></modeler:activiti-idm-initiator>
        <modeler:variablesMapping>
          <modeler:mappedVariable><![CDATA[mailbody]]></modeler:mappedVariable>
          <modeler:outProcessVariable><![CDATA[mailbody]]></modeler:outProcessVariable>
          <modeler:inVariableType><![CDATA[formField]]></modeler:inVariableType>
          <modeler:outVariableType><![CDATA[restResponse]]></modeler:outVariableType>
          <modeler:typeOfMapping><![CDATA[outputMap]]></modeler:typeOfMapping>
        </modeler:variablesMapping>
        <modeler:variablesMapping>
          <modeler:mappedVariable><![CDATA[subject]]></modeler:mappedVariable>
          <modeler:outProcessVariable><![CDATA[subject]]></modeler:outProcessVariable>
          <modeler:inVariableType><![CDATA[formField]]></modeler:inVariableType>
          <modeler:outVariableType><![CDATA[restResponse]]></modeler:outVariableType>
          <modeler:typeOfMapping><![CDATA[outputMap]]></modeler:typeOfMapping>
        </modeler:variablesMapping>
        <modeler:editor-resource-id><![CDATA[sid-F6079747-6711-45F6-B72C-8FED8F8613F1]]></modeler:editor-resource-id>
      </extensionElements>
    </userTask>
    <sequenceFlow id="sid-123D70CE-38BE-4996-82C8-10054353B2DD" sourceRef="startEvent1" targetRef="sid-F6079747-6711-45F6-B72C-8FED8F8613F1">
      <extensionElements>
        <modeler:editor-resource-id><![CDATA[sid-123D70CE-38BE-4996-82C8-10054353B2DD]]></modeler:editor-resource-id>
      </extensionElements>
    </sequenceFlow>
    <scriptTask id="sid-C7A3728C-1FCA-4124-AC8C-489FB725C3E4" name="initialization variable" scriptFormat="javascript" activiti:autoStoreVariables="false">
      <extensionElements>
        <modeler:editor-resource-id><![CDATA[sid-C7A3728C-1FCA-4124-AC8C-489FB725C3E4]]></modeler:editor-resource-id>
      </extensionElements>
      <script><![CDATA[execution.setVariable("groupId", 3003);
execution.setVariable("index", 0);]]></script>
    </scriptTask>
    <sequenceFlow id="sid-258E164C-10A0-4A2A-BA6C-D341BD3D755D" sourceRef="sid-F6079747-6711-45F6-B72C-8FED8F8613F1" targetRef="sid-C7A3728C-1FCA-4124-AC8C-489FB725C3E4">
      <extensionElements>
        <modeler:editor-resource-id><![CDATA[sid-258E164C-10A0-4A2A-BA6C-D341BD3D755D]]></modeler:editor-resource-id>
      </extensionElements>
    </sequenceFlow>
    <serviceTask id="sid-C8BAFA34-C921-4B74-B6A9-DCB00720EA1A" name="Get Group details" activiti:class="com.activiti.extension.conf.MyJavaDelegate">
      <extensionElements>
        <modeler:editor-resource-id><![CDATA[sid-C8BAFA34-C921-4B74-B6A9-DCB00720EA1A]]></modeler:editor-resource-id>
      </extensionElements>
    </serviceTask>
    <sequenceFlow id="sid-3255D0E1-0187-4EB0-A75A-ACD7CE245C8F" sourceRef="sid-C7A3728C-1FCA-4124-AC8C-489FB725C3E4" targetRef="sid-C8BAFA34-C921-4B74-B6A9-DCB00720EA1A">
      <extensionElements>
        <modeler:editor-resource-id><![CDATA[sid-3255D0E1-0187-4EB0-A75A-ACD7CE245C8F]]></modeler:editor-resource-id>
      </extensionElements>
    </sequenceFlow>
    <scriptTask id="sid-FA7628DA-3CC6-495C-811C-5F7E85B05031" name="Get Loop Size" scriptFormat="javascript" activiti:autoStoreVariables="false">
      <extensionElements>
        <modeler:editor-resource-id><![CDATA[sid-FA7628DA-3CC6-495C-811C-5F7E85B05031]]></modeler:editor-resource-id>
      </extensionElements>
      <script><![CDATA[var data = JSON.parse(execution.getVariable("groupDetails"));
execution.setVariable("groupSize", data.total);]]></script>
    </scriptTask>
    <sequenceFlow id="sid-43AE3AE3-43F2-4193-B0CF-78D5F233AAAB" sourceRef="sid-C8BAFA34-C921-4B74-B6A9-DCB00720EA1A" targetRef="sid-FA7628DA-3CC6-495C-811C-5F7E85B05031">
      <extensionElements>
        <modeler:editor-resource-id><![CDATA[sid-43AE3AE3-43F2-4193-B0CF-78D5F233AAAB]]></modeler:editor-resource-id>
      </extensionElements>
    </sequenceFlow>
    <subProcess id="sid-288D3C7E-218A-4219-8CB2-BBBE483227EB" name="subProcess">
      <extensionElements>
        <modeler:editor-resource-id><![CDATA[sid-288D3C7E-218A-4219-8CB2-BBBE483227EB]]></modeler:editor-resource-id>
      </extensionElements>
      <multiInstanceLoopCharacteristics isSequential="true">
        <loopCardinality>${groupSize}</loopCardinality>
      </multiInstanceLoopCharacteristics>
      <scriptTask id="sid-4F8881A4-3F35-43CD-864C-3DC56A4C7B0A" name="Get Group Member one by one" scriptFormat="javascript" activiti:autoStoreVariables="false">
        <extensionElements>
          <modeler:editor-resource-id><![CDATA[sid-4F8881A4-3F35-43CD-864C-3DC56A4C7B0A]]></modeler:editor-resource-id>
        </extensionElements>
        <script><![CDATA[var i = execution.getVariable("index");
var temp = execution.getVariable("groupDetails");
var groupData = JSON.parse(temp);
execution.setVariable("assigneeUser", groupData.data[i].id);

execution.setVariable("subject", execution.getVariable("subject"));
execution.setVariable("mailbody", execution.getVariable("mailbody"));]]></script>
      </scriptTask>
      <scriptTask id="sid-ACFCCB74-B901-4F5D-ADE8-37E9610B2DB8" name="Loop Incement" scriptFormat="javascript" activiti:autoStoreVariables="false">
        <extensionElements>
          <modeler:editor-resource-id><![CDATA[sid-ACFCCB74-B901-4F5D-ADE8-37E9610B2DB8]]></modeler:editor-resource-id>
        </extensionElements>
        <script><![CDATA[var i = execution.getVariable("index");
i++;
execution.setVariable("index",i);]]></script>
      </scriptTask>
      <startEvent id="sid-F7B71B46-7691-4483-83A6-8F1C75B43B51">
        <extensionElements>
          <modeler:editor-resource-id><![CDATA[sid-F7B71B46-7691-4483-83A6-8F1C75B43B51]]></modeler:editor-resource-id>
        </extensionElements>
      </startEvent>
      <userTask id="sid-E1749864-B3C5-49BF-AC1B-0C5348EA48A0" name="Waiting  for Approval" activiti:assignee="${assigneeUser}" activiti:formKey="28028">
        <extensionElements>
          <modeler:allow-send-email><![CDATA[false]]></modeler:allow-send-email>
          <modeler:email-template email-template-type="custom" email-template-subject="${subject!}"><![CDATA[<!DOCTYPE html>
<html lang="en">
	<body>
		<div id="m_editable">
			<table style="font-family:Tahoma;font-size:13px" width="706" align="center">
				<tbody>

					<tr bgcolor="#2196F3">
					<td style="padding:10px;color:#ffffff" align="center" bgcolor="#2196F3">
					<strong><span class="il">User is awaiting your approval</span></strong>
					<br>
					</td>					
					</tr>

					<tr>
						<td style="border:1px solid #4391d6;padding:18px 30px 10px;font-size:20px" align="left">

						   <p>Hi  ,</p>
                                 <div id="m_content">
										<div class="m_inner">
												<p>&nbsp;&nbsp;&nbsp;&nbsp;&nbsp;&nbsp;&nbsp;&nbsp;&nbsp;
												A new profile is submitted and awaiting your approval.
												
												${mailbody!}
																								
													<div class="m_comment">
													<p>Thanks,<br>
													Team Register.</p>
													</div>
										</div>
										
								</div>


						</td>


					</tr>

					<tr bgcolor="#2196F3">
					<td style="padding:10px;color:#ffffff" align="center">
					<strong> 
					
					Note: This is a system generated mail. Please do not reply to this email ID.
					</strong>
					</td>
					</tr>
				
				</tbody>
			</table>
		</div>
	</body>
</html>]]></modeler:email-template>
          <modeler:form-reference-id><![CDATA[28028]]></modeler:form-reference-id>
          <modeler:form-reference-name><![CDATA[Sub Process Display Example]]></modeler:form-reference-name>
          <modeler:initiator-can-complete><![CDATA[false]]></modeler:initiator-can-complete>
          <modeler:editor-resource-id><![CDATA[sid-E1749864-B3C5-49BF-AC1B-0C5348EA48A0]]></modeler:editor-resource-id>
        </extensionElements>
      </userTask>
      <exclusiveGateway id="sid-C78C1CB8-85C3-4567-A7BC-304FECEE718F" default="sid-2F3E3903-21AE-468C-AB67-4ED2427FBB2D">
        <extensionElements>
          <modeler:editor-resource-id><![CDATA[sid-C78C1CB8-85C3-4567-A7BC-304FECEE718F]]></modeler:editor-resource-id>
        </extensionElements>
      </exclusiveGateway>
      <endEvent id="sid-75013573-1B9C-408F-80DC-887F6EAE7B73">
        <extensionElements>
          <modeler:editor-resource-id><![CDATA[sid-75013573-1B9C-408F-80DC-887F6EAE7B73]]></modeler:editor-resource-id>
        </extensionElements>
      </endEvent>
      <endEvent id="sid-B759697B-4D33-4D03-AEEB-85ACFBE8C103">
        <extensionElements>
          <modeler:editor-resource-id><![CDATA[sid-B759697B-4D33-4D03-AEEB-85ACFBE8C103]]></modeler:editor-resource-id>
        </extensionElements>
        <errorEventDefinition errorRef="Reject"/>
      </endEvent>
      <sequenceFlow id="sid-161AAA6E-D308-427B-9E44-871D30230EB6" sourceRef="sid-F7B71B46-7691-4483-83A6-8F1C75B43B51" targetRef="sid-4F8881A4-3F35-43CD-864C-3DC56A4C7B0A">
        <extensionElements>
          <modeler:editor-resource-id><![CDATA[sid-161AAA6E-D308-427B-9E44-871D30230EB6]]></modeler:editor-resource-id>
        </extensionElements>
      </sequenceFlow>
      <sequenceFlow id="sid-4724D5A8-A685-495E-AB90-A261D72E5F20" sourceRef="sid-4F8881A4-3F35-43CD-864C-3DC56A4C7B0A" targetRef="sid-E1749864-B3C5-49BF-AC1B-0C5348EA48A0">
        <extensionElements>
          <modeler:editor-resource-id><![CDATA[sid-4724D5A8-A685-495E-AB90-A261D72E5F20]]></modeler:editor-resource-id>
        </extensionElements>
      </sequenceFlow>
      <sequenceFlow id="sid-5EBECB1E-4482-4EC3-9335-CCCC8EC883AD" sourceRef="sid-ACFCCB74-B901-4F5D-ADE8-37E9610B2DB8" targetRef="sid-C78C1CB8-85C3-4567-A7BC-304FECEE718F">
        <extensionElements>
          <modeler:editor-resource-id><![CDATA[sid-5EBECB1E-4482-4EC3-9335-CCCC8EC883AD]]></modeler:editor-resource-id>
        </extensionElements>
      </sequenceFlow>
      <sequenceFlow id="sid-43C3BF71-82BD-4451-9576-0FC5F817631C" sourceRef="sid-E1749864-B3C5-49BF-AC1B-0C5348EA48A0" targetRef="sid-ACFCCB74-B901-4F5D-ADE8-37E9610B2DB8">
        <extensionElements>
          <modeler:editor-resource-id><![CDATA[sid-43C3BF71-82BD-4451-9576-0FC5F817631C]]></modeler:editor-resource-id>
        </extensionElements>
      </sequenceFlow>
      <sequenceFlow id="sid-2F3E3903-21AE-468C-AB67-4ED2427FBB2D" sourceRef="sid-C78C1CB8-85C3-4567-A7BC-304FECEE718F" targetRef="sid-B759697B-4D33-4D03-AEEB-85ACFBE8C103">
        <extensionElements>
          <modeler:editor-resource-id><![CDATA[sid-2F3E3903-21AE-468C-AB67-4ED2427FBB2D]]></modeler:editor-resource-id>
        </extensionElements>
      </sequenceFlow>
      <sequenceFlow id="sid-99242338-4A36-4999-AB69-3532763E9444" sourceRef="sid-C78C1CB8-85C3-4567-A7BC-304FECEE718F" targetRef="sid-75013573-1B9C-408F-80DC-887F6EAE7B73">
        <extensionElements>
          <modeler:conditionDefinition modeler:index="0" modeler:outcomeFormId="28028" modeler:outcomeFormName="Sub Process Display Example" modeler:rightOutcomeName="Approved" modeler:operator="=="/>
          <modeler:editor-resource-id><![CDATA[sid-99242338-4A36-4999-AB69-3532763E9444]]></modeler:editor-resource-id>
        </extensionElements>
        <conditionExpression xsi:type="tFormalExpression"><![CDATA[${(activiti_flowConditionsBean.exists(execution, 'form28028outcome') && form28028outcome == 'Approved')}]]></conditionExpression>
      </sequenceFlow>
    </subProcess>
    <endEvent id="sid-1C9B431B-3F17-498E-B080-EEEF5FF7C91D">
      <extensionElements>
        <modeler:editor-resource-id><![CDATA[sid-1C9B431B-3F17-498E-B080-EEEF5FF7C91D]]></modeler:editor-resource-id>
      </extensionElements>
    </endEvent>
    <sequenceFlow id="sid-EB50577D-C900-4DA6-AD66-67FF74C140FF" sourceRef="sid-ACF1A12C-0612-4988-B53F-AF4E1FAF0338" targetRef="sid-F6079747-6711-45F6-B72C-8FED8F8613F1">
      <extensionElements>
        <modeler:conditionDefinition modeler:index="0" modeler:outcomeFormId="28028" modeler:outcomeFormName="Sub Process Display Example" modeler:rightOutcomeName="Reject" modeler:operator="=="/>
        <modeler:editor-resource-id><![CDATA[sid-EB50577D-C900-4DA6-AD66-67FF74C140FF]]></modeler:editor-resource-id>
      </extensionElements>
      <conditionExpression xsi:type="tFormalExpression"><![CDATA[${(activiti_flowConditionsBean.exists(execution, 'form28028outcome') && form28028outcome == 'Reject')}]]></conditionExpression>
    </sequenceFlow>
    <sequenceFlow id="sid-95B70B6F-3F96-4F59-91CB-A8BEAB8A8DBD" sourceRef="sid-288D3C7E-218A-4219-8CB2-BBBE483227EB" targetRef="sid-1C9B431B-3F17-498E-B080-EEEF5FF7C91D">
      <extensionElements>
        <modeler:editor-resource-id><![CDATA[sid-95B70B6F-3F96-4F59-91CB-A8BEAB8A8DBD]]></modeler:editor-resource-id>
      </extensionElements>
    </sequenceFlow>
    <sequenceFlow id="sid-3DB137FA-1F4A-4FAB-A9D6-B3742EBEDAA1" sourceRef="sid-FA7628DA-3CC6-495C-811C-5F7E85B05031" targetRef="sid-288D3C7E-218A-4219-8CB2-BBBE483227EB">
      <extensionElements>
        <modeler:editor-resource-id><![CDATA[sid-3DB137FA-1F4A-4FAB-A9D6-B3742EBEDAA1]]></modeler:editor-resource-id>
      </extensionElements>
    </sequenceFlow>
    <boundaryEvent id="sid-ACF1A12C-0612-4988-B53F-AF4E1FAF0338" attachedToRef="sid-288D3C7E-218A-4219-8CB2-BBBE483227EB">
      <extensionElements>
        <modeler:editor-resource-id><![CDATA[sid-ACF1A12C-0612-4988-B53F-AF4E1FAF0338]]></modeler:editor-resource-id>
      </extensionElements>
      <errorEventDefinition errorRef="Reject"/>
    </boundaryEvent>
  </process>
  <bpmndi:BPMNDiagram id="BPMNDiagram_BoundaryErrorEventExample">
    <bpmndi:BPMNPlane bpmnElement="BoundaryErrorEventExample" id="BPMNPlane_BoundaryErrorEventExample">
      <bpmndi:BPMNShape bpmnElement="startEvent1" id="BPMNShape_startEvent1">
        <omgdc:Bounds height="30.0" width="30.0" x="60.0" y="100.0"/>
      </bpmndi:BPMNShape>
      <bpmndi:BPMNShape bpmnElement="sid-F6079747-6711-45F6-B72C-8FED8F8613F1" id="BPMNShape_sid-F6079747-6711-45F6-B72C-8FED8F8613F1">
        <omgdc:Bounds height="80.0" width="100.0" x="149.0" y="75.0"/>
      </bpmndi:BPMNShape>
      <bpmndi:BPMNShape bpmnElement="sid-C7A3728C-1FCA-4124-AC8C-489FB725C3E4" id="BPMNShape_sid-C7A3728C-1FCA-4124-AC8C-489FB725C3E4">
        <omgdc:Bounds height="80.0" width="100.0" x="300.0" y="75.0"/>
      </bpmndi:BPMNShape>
      <bpmndi:BPMNShape bpmnElement="sid-C8BAFA34-C921-4B74-B6A9-DCB00720EA1A" id="BPMNShape_sid-C8BAFA34-C921-4B74-B6A9-DCB00720EA1A">
        <omgdc:Bounds height="80.0" width="100.0" x="450.0" y="75.0"/>
      </bpmndi:BPMNShape>
      <bpmndi:BPMNShape bpmnElement="sid-FA7628DA-3CC6-495C-811C-5F7E85B05031" id="BPMNShape_sid-FA7628DA-3CC6-495C-811C-5F7E85B05031">
        <omgdc:Bounds height="80.0" width="100.0" x="615.0" y="75.0"/>
      </bpmndi:BPMNShape>
      <bpmndi:BPMNShape bpmnElement="sid-288D3C7E-218A-4219-8CB2-BBBE483227EB" id="BPMNShape_sid-288D3C7E-218A-4219-8CB2-BBBE483227EB">
        <omgdc:Bounds height="121.0" width="604.0" x="113.0" y="190.0"/>
      </bpmndi:BPMNShape>
      <bpmndi:BPMNShape bpmnElement="sid-4F8881A4-3F35-43CD-864C-3DC56A4C7B0A" id="BPMNShape_sid-4F8881A4-3F35-43CD-864C-3DC56A4C7B0A">
        <omgdc:Bounds height="80.0" width="100.0" x="195.0" y="211.5"/>
      </bpmndi:BPMNShape>
      <bpmndi:BPMNShape bpmnElement="sid-ACFCCB74-B901-4F5D-ADE8-37E9610B2DB8" id="BPMNShape_sid-ACFCCB74-B901-4F5D-ADE8-37E9610B2DB8">
        <omgdc:Bounds height="80.0" width="100.0" x="459.0" y="216.5"/>
      </bpmndi:BPMNShape>
      <bpmndi:BPMNShape bpmnElement="sid-F7B71B46-7691-4483-83A6-8F1C75B43B51" id="BPMNShape_sid-F7B71B46-7691-4483-83A6-8F1C75B43B51">
        <omgdc:Bounds height="30.0" width="30.0" x="122.0" y="238.0"/>
      </bpmndi:BPMNShape>
      <bpmndi:BPMNShape bpmnElement="sid-E1749864-B3C5-49BF-AC1B-0C5348EA48A0" id="BPMNShape_sid-E1749864-B3C5-49BF-AC1B-0C5348EA48A0">
        <omgdc:Bounds height="80.0" width="100.0" x="324.0" y="211.5"/>
      </bpmndi:BPMNShape>
      <bpmndi:BPMNShape bpmnElement="sid-C78C1CB8-85C3-4567-A7BC-304FECEE718F" id="BPMNShape_sid-C78C1CB8-85C3-4567-A7BC-304FECEE718F">
        <omgdc:Bounds height="40.0" width="40.0" x="609.0" y="236.5"/>
      </bpmndi:BPMNShape>
      <bpmndi:BPMNShape bpmnElement="sid-75013573-1B9C-408F-80DC-887F6EAE7B73" id="BPMNShape_sid-75013573-1B9C-408F-80DC-887F6EAE7B73">
        <omgdc:Bounds height="28.0" width="28.0" x="675.0" y="208.0"/>
      </bpmndi:BPMNShape>
      <bpmndi:BPMNShape bpmnElement="sid-B759697B-4D33-4D03-AEEB-85ACFBE8C103" id="BPMNShape_sid-B759697B-4D33-4D03-AEEB-85ACFBE8C103">
        <omgdc:Bounds height="28.0" width="28.0" x="675.0" y="276.5"/>
      </bpmndi:BPMNShape>
      <bpmndi:BPMNShape bpmnElement="sid-1C9B431B-3F17-498E-B080-EEEF5FF7C91D" id="BPMNShape_sid-1C9B431B-3F17-498E-B080-EEEF5FF7C91D">
        <omgdc:Bounds height="28.0" width="28.0" x="765.0" y="249.0"/>
      </bpmndi:BPMNShape>
      <bpmndi:BPMNShape bpmnElement="sid-ACF1A12C-0612-4988-B53F-AF4E1FAF0338" id="BPMNShape_sid-ACF1A12C-0612-4988-B53F-AF4E1FAF0338">
        <omgdc:Bounds height="30.0" width="30.0" x="268.0538862827626" y="174.64322102021296"/>
      </bpmndi:BPMNShape>
      <bpmndi:BPMNEdge bpmnElement="sid-5EBECB1E-4482-4EC3-9335-CCCC8EC883AD" id="BPMNEdge_sid-5EBECB1E-4482-4EC3-9335-CCCC8EC883AD">
        <omgdi:waypoint x="559.0" y="256.5"/>
        <omgdi:waypoint x="609.0" y="256.5"/>
      </bpmndi:BPMNEdge>
      <bpmndi:BPMNEdge bpmnElement="sid-258E164C-10A0-4A2A-BA6C-D341BD3D755D" id="BPMNEdge_sid-258E164C-10A0-4A2A-BA6C-D341BD3D755D">
        <omgdi:waypoint x="249.0" y="115.0"/>
        <omgdi:waypoint x="300.0" y="115.0"/>
      </bpmndi:BPMNEdge>
      <bpmndi:BPMNEdge bpmnElement="sid-43C3BF71-82BD-4451-9576-0FC5F817631C" id="BPMNEdge_sid-43C3BF71-82BD-4451-9576-0FC5F817631C">
        <omgdi:waypoint x="424.0" y="253.35185185185185"/>
        <omgdi:waypoint x="459.0" y="254.64814814814815"/>
      </bpmndi:BPMNEdge>
      <bpmndi:BPMNEdge bpmnElement="sid-3DB137FA-1F4A-4FAB-A9D6-B3742EBEDAA1" id="BPMNEdge_sid-3DB137FA-1F4A-4FAB-A9D6-B3742EBEDAA1">
        <omgdi:waypoint x="715.0" y="115.0"/>
        <omgdi:waypoint x="806.5" y="115.0"/>
        <omgdi:waypoint x="805.835609134409" y="204.08465608465607"/>
        <omgdi:waypoint x="717.0" y="204.08465608465607"/>
      </bpmndi:BPMNEdge>
      <bpmndi:BPMNEdge bpmnElement="sid-161AAA6E-D308-427B-9E44-871D30230EB6" id="BPMNEdge_sid-161AAA6E-D308-427B-9E44-871D30230EB6">
        <omgdi:waypoint x="151.99855345001833" y="252.79168675763862"/>
        <omgdi:waypoint x="195.0" y="252.19444444444446"/>
      </bpmndi:BPMNEdge>
      <bpmndi:BPMNEdge bpmnElement="sid-EB50577D-C900-4DA6-AD66-67FF74C140FF" id="BPMNEdge_sid-EB50577D-C900-4DA6-AD66-67FF74C140FF">
        <omgdi:waypoint x="272.19427832387953" y="179.29580999235856"/>
        <omgdi:waypoint x="246.6958255369666" y="155.0"/>
      </bpmndi:BPMNEdge>
      <bpmndi:BPMNEdge bpmnElement="sid-99242338-4A36-4999-AB69-3532763E9444" id="BPMNEdge_sid-99242338-4A36-4999-AB69-3532763E9444">
        <omgdi:waypoint x="629.5" y="237.0"/>
        <omgdi:waypoint x="629.5" y="222.0"/>
        <omgdi:waypoint x="675.0" y="222.0"/>
      </bpmndi:BPMNEdge>
      <bpmndi:BPMNEdge bpmnElement="sid-43AE3AE3-43F2-4193-B0CF-78D5F233AAAB" id="BPMNEdge_sid-43AE3AE3-43F2-4193-B0CF-78D5F233AAAB">
        <omgdi:waypoint x="550.0" y="115.0"/>
        <omgdi:waypoint x="615.0" y="115.0"/>
      </bpmndi:BPMNEdge>
      <bpmndi:BPMNEdge bpmnElement="sid-3255D0E1-0187-4EB0-A75A-ACD7CE245C8F" id="BPMNEdge_sid-3255D0E1-0187-4EB0-A75A-ACD7CE245C8F">
        <omgdi:waypoint x="400.0" y="115.0"/>
        <omgdi:waypoint x="450.0" y="115.0"/>
      </bpmndi:BPMNEdge>
      <bpmndi:BPMNEdge bpmnElement="sid-95B70B6F-3F96-4F59-91CB-A8BEAB8A8DBD" id="BPMNEdge_sid-95B70B6F-3F96-4F59-91CB-A8BEAB8A8DBD">
        <omgdi:waypoint x="717.0" y="260.8708791208791"/>
        <omgdi:waypoint x="765.0082476721625" y="262.51951399973086"/>
      </bpmndi:BPMNEdge>
      <bpmndi:BPMNEdge bpmnElement="sid-123D70CE-38BE-4996-82C8-10054353B2DD" id="BPMNEdge_sid-123D70CE-38BE-4996-82C8-10054353B2DD">
        <omgdi:waypoint x="90.0" y="115.0"/>
        <omgdi:waypoint x="149.0" y="115.0"/>
      </bpmndi:BPMNEdge>
      <bpmndi:BPMNEdge bpmnElement="sid-4724D5A8-A685-495E-AB90-A261D72E5F20" id="BPMNEdge_sid-4724D5A8-A685-495E-AB90-A261D72E5F20">
        <omgdi:waypoint x="295.0" y="251.5"/>
        <omgdi:waypoint x="324.0" y="251.5"/>
      </bpmndi:BPMNEdge>
      <bpmndi:BPMNEdge bpmnElement="sid-2F3E3903-21AE-468C-AB67-4ED2427FBB2D" id="BPMNEdge_sid-2F3E3903-21AE-468C-AB67-4ED2427FBB2D">
        <omgdi:waypoint x="629.5" y="276.0"/>
        <omgdi:waypoint x="629.5" y="290.5"/>
        <omgdi:waypoint x="675.0" y="290.5"/>
      </bpmndi:BPMNEdge>
    </bpmndi:BPMNPlane>
  </bpmndi:BPMNDiagram>
</definitions>