<?xml version='1.0' encoding='UTF-8'?>
<definitions xmlns="http://www.omg.org/spec/BPMN/20100524/MODEL" xmlns:xsi="http://www.w3.org/2001/XMLSchema-instance" xmlns:xsd="http://www.w3.org/2001/XMLSchema" xmlns:activiti="http://activiti.org/bpmn" xmlns:bpmndi="http://www.omg.org/spec/BPMN/20100524/DI" xmlns:omgdc="http://www.omg.org/spec/DD/20100524/DC" xmlns:omgdi="http://www.omg.org/spec/DD/20100524/DI" typeLanguage="http://www.w3.org/2001/XMLSchema" expressionLanguage="http://www.w3.org/1999/XPath" targetNamespace="http://www.activiti.org/processdef" xmlns:modeler="http://activiti.com/modeler" modeler:version="1.0en" modeler:exportDateTime="20190610155331273" modeler:modelId="33033" modeler:modelVersion="4" modeler:modelLastUpdated="1560162143554">
  <message id="test" name="messageTrigger"/>
  <process id="BoundaryMessageEventExample" name="Boundary Message Event Example" isExecutable="true">
    <extensionElements>
      <activiti:eventListener events="TASK_COMPLETED" delegateExpression="${TrainingListener}"/>
    </extensionElements>
    <startEvent id="startEvent1">
      <extensionElements>
        <modeler:editor-resource-id><![CDATA[startEvent1]]></modeler:editor-resource-id>
      </extensionElements>
    </startEvent>
    <userTask id="boundary_message_event_example" name="Submit user Details" activiti:assignee="$INITIATOR">
      <extensionElements>
        <modeler:allow-send-email><![CDATA[false]]></modeler:allow-send-email>
        <modeler:activiti-idm-initiator><![CDATA[true]]></modeler:activiti-idm-initiator>
        <modeler:editor-resource-id><![CDATA[sid-EA03A078-3122-4F72-97D4-83D4C1A4AE96]]></modeler:editor-resource-id>
      </extensionElements>
    </userTask>
    <sequenceFlow id="sid-590E4561-6117-4C34-988C-A192902049DA" sourceRef="startEvent1" targetRef="boundary_message_event_example">
      <extensionElements>
        <modeler:editor-resource-id><![CDATA[sid-590E4561-6117-4C34-988C-A192902049DA]]></modeler:editor-resource-id>
      </extensionElements>
    </sequenceFlow>
    <serviceTask id="sid-E2D7C04F-0802-46C8-9932-2A318984C189" name="Send Information mail" activiti:type="mail">
      <extensionElements>
        <activiti:field name="to">
          <activiti:string><![CDATA[malaivasan.d@muraai.com]]></activiti:string>
        </activiti:field>
        <activiti:field name="subject">
          <activiti:string><![CDATA[Test bme]]></activiti:string>
        </activiti:field>
        <activiti:field name="text">
          <activiti:string><![CDATA[welcome bme test]]></activiti:string>
        </activiti:field>
        <modeler:editor-resource-id><![CDATA[sid-E2D7C04F-0802-46C8-9932-2A318984C189]]></modeler:editor-resource-id>
      </extensionElements>
    </serviceTask>
    <userTask id="sid-41C0CF25-CCAF-49B8-8CBA-2B3973A7AB28" name="Employee Approval" activiti:assignee="$INITIATOR">
      <extensionElements>
        <modeler:allow-send-email><![CDATA[true]]></modeler:allow-send-email>
        <modeler:activiti-idm-initiator><![CDATA[true]]></modeler:activiti-idm-initiator>
        <modeler:editor-resource-id><![CDATA[sid-41C0CF25-CCAF-49B8-8CBA-2B3973A7AB28]]></modeler:editor-resource-id>
      </extensionElements>
    </userTask>
    <sequenceFlow id="sid-CA366038-DF16-45E4-ADBF-ADBAB8F043AB" sourceRef="sid-E2D7C04F-0802-46C8-9932-2A318984C189" targetRef="sid-41C0CF25-CCAF-49B8-8CBA-2B3973A7AB28">
      <extensionElements>
        <modeler:editor-resource-id><![CDATA[sid-CA366038-DF16-45E4-ADBF-ADBAB8F043AB]]></modeler:editor-resource-id>
      </extensionElements>
    </sequenceFlow>
    <endEvent id="sid-4607CAF6-DD4F-4D42-A946-61E3BFB869E7">
      <extensionElements>
        <modeler:editor-resource-id><![CDATA[sid-4607CAF6-DD4F-4D42-A946-61E3BFB869E7]]></modeler:editor-resource-id>
      </extensionElements>
    </endEvent>
    <sequenceFlow id="sid-5D831A36-B511-4DEB-8A43-FA8B7B95DE0B" sourceRef="sid-41C0CF25-CCAF-49B8-8CBA-2B3973A7AB28" targetRef="sid-4607CAF6-DD4F-4D42-A946-61E3BFB869E7">
      <extensionElements>
        <modeler:editor-resource-id><![CDATA[sid-5D831A36-B511-4DEB-8A43-FA8B7B95DE0B]]></modeler:editor-resource-id>
      </extensionElements>
    </sequenceFlow>
    <serviceTask id="sid-2C049652-0570-427D-BCB7-F47684740DB8" name="Send Welcome Mail" activiti:type="mail">
      <extensionElements>
        <activiti:field name="to">
          <activiti:string><![CDATA[malaivasan.d@muraai.com]]></activiti:string>
        </activiti:field>
        <activiti:field name="subject">
          <activiti:string><![CDATA[Boundary message event test]]></activiti:string>
        </activiti:field>
        <activiti:field name="text">
          <activiti:string><![CDATA[Welcome Boundary Message Event Activiti]]></activiti:string>
        </activiti:field>
        <modeler:editor-resource-id><![CDATA[sid-2C049652-0570-427D-BCB7-F47684740DB8]]></modeler:editor-resource-id>
      </extensionElements>
    </serviceTask>
    <sequenceFlow id="sid-EB8C414B-D8E3-4AFA-855B-76AF459B7771" sourceRef="sid-2C049652-0570-427D-BCB7-F47684740DB8" targetRef="sid-4607CAF6-DD4F-4D42-A946-61E3BFB869E7">
      <extensionElements>
        <modeler:editor-resource-id><![CDATA[sid-EB8C414B-D8E3-4AFA-855B-76AF459B7771]]></modeler:editor-resource-id>
      </extensionElements>
    </sequenceFlow>
    <sequenceFlow id="sid-04034932-F54D-4EC2-A163-50F71F485F1E" sourceRef="boundary_message_event_example" targetRef="sid-E2D7C04F-0802-46C8-9932-2A318984C189">
      <extensionElements>
        <modeler:editor-resource-id><![CDATA[sid-04034932-F54D-4EC2-A163-50F71F485F1E]]></modeler:editor-resource-id>
      </extensionElements>
    </sequenceFlow>
    <sequenceFlow id="sid-535D713E-BDE7-4090-92A8-0A4D25E4C336" sourceRef="sid-86F24355-05E0-4B26-86A1-DD758C114FD1" targetRef="sid-2C049652-0570-427D-BCB7-F47684740DB8">
      <extensionElements>
        <modeler:editor-resource-id><![CDATA[sid-535D713E-BDE7-4090-92A8-0A4D25E4C336]]></modeler:editor-resource-id>
      </extensionElements>
    </sequenceFlow>
    <boundaryEvent id="sid-86F24355-05E0-4B26-86A1-DD758C114FD1" attachedToRef="boundary_message_event_example" cancelActivity="false">
      <extensionElements>
        <modeler:editor-resource-id><![CDATA[sid-86F24355-05E0-4B26-86A1-DD758C114FD1]]></modeler:editor-resource-id>
      </extensionElements>
      <messageEventDefinition messageRef="test"/>
    </boundaryEvent>
  </process>
  <bpmndi:BPMNDiagram id="BPMNDiagram_BoundaryMessageEventExample">
    <bpmndi:BPMNPlane bpmnElement="BoundaryMessageEventExample" id="BPMNPlane_BoundaryMessageEventExample">
      <bpmndi:BPMNShape bpmnElement="startEvent1" id="BPMNShape_startEvent1">
        <omgdc:Bounds height="30.0" width="30.0" x="90.0" y="70.0"/>
      </bpmndi:BPMNShape>
      <bpmndi:BPMNShape bpmnElement="boundary_message_event_example" id="BPMNShape_boundary_message_event_example">
        <omgdc:Bounds height="80.0" width="100.0" x="180.0" y="45.0"/>
      </bpmndi:BPMNShape>
      <bpmndi:BPMNShape bpmnElement="sid-E2D7C04F-0802-46C8-9932-2A318984C189" id="BPMNShape_sid-E2D7C04F-0802-46C8-9932-2A318984C189">
        <omgdc:Bounds height="80.0" width="100.0" x="345.0" y="45.0"/>
      </bpmndi:BPMNShape>
      <bpmndi:BPMNShape bpmnElement="sid-41C0CF25-CCAF-49B8-8CBA-2B3973A7AB28" id="BPMNShape_sid-41C0CF25-CCAF-49B8-8CBA-2B3973A7AB28">
        <omgdc:Bounds height="80.0" width="100.0" x="480.0" y="45.0"/>
      </bpmndi:BPMNShape>
      <bpmndi:BPMNShape bpmnElement="sid-4607CAF6-DD4F-4D42-A946-61E3BFB869E7" id="BPMNShape_sid-4607CAF6-DD4F-4D42-A946-61E3BFB869E7">
        <omgdc:Bounds height="28.0" width="28.0" x="516.0" y="176.0"/>
      </bpmndi:BPMNShape>
      <bpmndi:BPMNShape bpmnElement="sid-2C049652-0570-427D-BCB7-F47684740DB8" id="BPMNShape_sid-2C049652-0570-427D-BCB7-F47684740DB8">
        <omgdc:Bounds height="80.0" width="100.0" x="345.0" y="150.0"/>
      </bpmndi:BPMNShape>
      <bpmndi:BPMNShape bpmnElement="sid-86F24355-05E0-4B26-86A1-DD758C114FD1" id="BPMNShape_sid-86F24355-05E0-4B26-86A1-DD758C114FD1">
        <omgdc:Bounds height="30.0" width="30.0" x="215.65345603628077" y="110.51427424940712"/>
      </bpmndi:BPMNShape>
      <bpmndi:BPMNEdge bpmnElement="sid-590E4561-6117-4C34-988C-A192902049DA" id="BPMNEdge_sid-590E4561-6117-4C34-988C-A192902049DA">
        <omgdi:waypoint x="120.0" y="85.0"/>
        <omgdi:waypoint x="180.0" y="85.0"/>
      </bpmndi:BPMNEdge>
      <bpmndi:BPMNEdge bpmnElement="sid-5D831A36-B511-4DEB-8A43-FA8B7B95DE0B" id="BPMNEdge_sid-5D831A36-B511-4DEB-8A43-FA8B7B95DE0B">
        <omgdi:waypoint x="530.0" y="125.0"/>
        <omgdi:waypoint x="530.0" y="176.0"/>
      </bpmndi:BPMNEdge>
      <bpmndi:BPMNEdge bpmnElement="sid-CA366038-DF16-45E4-ADBF-ADBAB8F043AB" id="BPMNEdge_sid-CA366038-DF16-45E4-ADBF-ADBAB8F043AB">
        <omgdi:waypoint x="445.0" y="85.0"/>
        <omgdi:waypoint x="480.0" y="85.0"/>
      </bpmndi:BPMNEdge>
      <bpmndi:BPMNEdge bpmnElement="sid-04034932-F54D-4EC2-A163-50F71F485F1E" id="BPMNEdge_sid-04034932-F54D-4EC2-A163-50F71F485F1E">
        <omgdi:waypoint x="280.0" y="85.0"/>
        <omgdi:waypoint x="345.0" y="85.0"/>
      </bpmndi:BPMNEdge>
      <bpmndi:BPMNEdge bpmnElement="sid-EB8C414B-D8E3-4AFA-855B-76AF459B7771" id="BPMNEdge_sid-EB8C414B-D8E3-4AFA-855B-76AF459B7771">
        <omgdi:waypoint x="445.0" y="190.0"/>
        <omgdi:waypoint x="516.0" y="190.0"/>
      </bpmndi:BPMNEdge>
      <bpmndi:BPMNEdge bpmnElement="sid-535D713E-BDE7-4090-92A8-0A4D25E4C336" id="BPMNEdge_sid-535D713E-BDE7-4090-92A8-0A4D25E4C336">
        <omgdi:waypoint x="229.33514979409009" y="140.45623090346692"/>
        <omgdi:waypoint x="224.96397796072333" y="190.0"/>
        <omgdi:waypoint x="345.0" y="190.0"/>
      </bpmndi:BPMNEdge>
    </bpmndi:BPMNPlane>
  </bpmndi:BPMNDiagram>
</definitions>