{"resourceId":33033,"properties":{"process_id":"BoundaryMessageEventExample","name":"Boundary Message Event Example","documentation":"","process_author":"","process_version":"","process_namespace":"http://www.activiti.org/processdef","executionlisteners":"","eventlisteners":"{\"eventListeners\":[{\"event\":\"TASK_COMPLETED\",\"implementation\":\"${TrainingListener}\",\"className\":\"\",\"delegateExpression\":\"${TrainingListener}\",\"retrowEvent\":false,\"$$hashKey\":\"uiGrid-0009\",\"fields\":[],\"events\":[{\"event\":\"TASK_COMPLETED\",\"$$hashKey\":\"object:481\"}]}]}","signaldefinitions":"","messagedefinitions":"[{\"id\":\"test\",\"name\":\"messageTrigger\",\"$$hashKey\":\"uiGrid-0010\"}]","executionvariables":"","metadata":""},"stencil":{"id":"BPMNDiagram"},"childShapes":[{"resourceId":"startEvent1","properties":{"overrideid":"","name":"","documentation":"","executionlisteners":"","initiator":"","formkeydefinition":"","formreference":"","fieldstovariables":"","formproperties":""},"stencil":{"id":"StartNoneEvent"},"childShapes":[],"outgoing":[{"resourceId":"sid-590E4561-6117-4C34-988C-A192902049DA"}],"bounds":{"lowerRight":{"x":120,"y":100},"upperLeft":{"x":90,"y":70}},"dockers":[]},{"resourceId":"sid-EA03A078-3122-4F72-97D4-83D4C1A4AE96","properties":{"overrideid":"boundary_message_event_example","name":"Submit user Details","documentation":"","asynchronousdefinition":"false","exclusivedefinition":"false","executionlisteners":"","multiinstance_type":"None","multiinstance_cardinality":"","multiinstance_collection":"","multiinstance_variable":"","multiinstance_condition":"","isforcompensation":"false","usertasksendemail":false,"usertaskassignment":"","formkeydefinition":"","formreference":"","fieldstovariables":"","duedatedefinition":"","prioritydefinition":"","categorydefinition":"","formproperties":"","tasklisteners":"","emailtemplate":""},"stencil":{"id":"UserTask"},"childShapes":[],"outgoing":[{"resourceId":"sid-04034932-F54D-4EC2-A163-50F71F485F1E"},{"resourceId":"sid-86F24355-05E0-4B26-86A1-DD758C114FD1"}],"bounds":{"lowerRight":{"x":280,"y":125},"upperLeft":{"x":180,"y":45}},"dockers":[]},{"resourceId":"sid-590E4561-6117-4C34-988C-A192902049DA","properties":{"overrideid":"","name":"","documentation":"","conditionsequenceflow":"","executionlisteners":"","defaultflow":"false"},"stencil":{"id":"SequenceFlow"},"childShapes":[],"outgoing":[{"resourceId":"sid-EA03A078-3122-4F72-97D4-83D4C1A4AE96"}],"bounds":{"lowerRight":{"x":179.1953125,"y":85},"upperLeft":{"x":120.6484375,"y":85}},"dockers":[{"x":15,"y":15},{"x":50,"y":40}],"target":{"resourceId":"sid-EA03A078-3122-4F72-97D4-83D4C1A4AE96"}},{"resourceId":"sid-E2D7C04F-0802-46C8-9932-2A318984C189","properties":{"overrideid":"","name":"Send Information mail","documentation":"","asynchronousdefinition":"false","exclusivedefinition":"false","executionlisteners":"","multiinstance_type":"None","multiinstance_cardinality":"","multiinstance_collection":"","multiinstance_variable":"","multiinstance_condition":"","isforcompensation":"false","mailtaskto":"malaivasan.d@muraai.com","mailtaskfrom":"","mailtasksubject":"Test bme","mailtaskcc":"","mailtaskbcc":"","mailtasktext":"welcome bme test","mailtaskhtml":"","mailtaskcharset":""},"stencil":{"id":"MailTask"},"childShapes":[],"outgoing":[{"resourceId":"sid-CA366038-DF16-45E4-ADBF-ADBAB8F043AB"}],"bounds":{"lowerRight":{"x":445,"y":125},"upperLeft":{"x":345,"y":45}},"dockers":[]},{"resourceId":"sid-41C0CF25-CCAF-49B8-8CBA-2B3973A7AB28","properties":{"overrideid":"","name":"Employee Approval","documentation":"","asynchronousdefinition":"false","exclusivedefinition":"false","executionlisteners":"","multiinstance_type":"None","multiinstance_cardinality":"","multiinstance_collection":"","multiinstance_variable":"","multiinstance_condition":"","isforcompensation":"false","usertasksendemail":true,"usertaskassignment":"","formkeydefinition":"","formreference":"","fieldstovariables":"","duedatedefinition":"","prioritydefinition":"","categorydefinition":"","formproperties":"","tasklisteners":"","emailtemplate":""},"stencil":{"id":"UserTask"},"childShapes":[],"outgoing":[{"resourceId":"sid-5D831A36-B511-4DEB-8A43-FA8B7B95DE0B"}],"bounds":{"lowerRight":{"x":580,"y":125},"upperLeft":{"x":480,"y":45}},"dockers":[]},{"resourceId":"sid-CA366038-DF16-45E4-ADBF-ADBAB8F043AB","properties":{"overrideid":"","name":"","documentation":"","conditionsequenceflow":"","executionlisteners":"","defaultflow":"false"},"stencil":{"id":"SequenceFlow"},"childShapes":[],"outgoing":[{"resourceId":"sid-41C0CF25-CCAF-49B8-8CBA-2B3973A7AB28"}],"bounds":{"lowerRight":{"x":479.4296875,"y":85},"upperLeft":{"x":445.5703125,"y":85}},"dockers":[{"x":50,"y":40},{"x":50,"y":40}],"target":{"resourceId":"sid-41C0CF25-CCAF-49B8-8CBA-2B3973A7AB28"}},{"resourceId":"sid-4607CAF6-DD4F-4D42-A946-61E3BFB869E7","properties":{"overrideid":"","name":"","documentation":"","executionlisteners":""},"stencil":{"id":"EndNoneEvent"},"childShapes":[],"outgoing":[],"bounds":{"lowerRight":{"x":544,"y":204},"upperLeft":{"x":516,"y":176}},"dockers":[]},{"resourceId":"sid-5D831A36-B511-4DEB-8A43-FA8B7B95DE0B","properties":{"overrideid":"","name":"","documentation":"","conditionsequenceflow":"","executionlisteners":"","defaultflow":"false"},"stencil":{"id":"SequenceFlow"},"childShapes":[],"outgoing":[{"resourceId":"sid-4607CAF6-DD4F-4D42-A946-61E3BFB869E7"}],"bounds":{"lowerRight":{"x":530,"y":175.875},"upperLeft":{"x":530,"y":125.375}},"dockers":[{"x":50,"y":40},{"x":14,"y":14}],"target":{"resourceId":"sid-4607CAF6-DD4F-4D42-A946-61E3BFB869E7"}},{"resourceId":"sid-2C049652-0570-427D-BCB7-F47684740DB8","properties":{"overrideid":"","name":"Send Welcome Mail","documentation":"","asynchronousdefinition":"false","exclusivedefinition":"false","executionlisteners":"","multiinstance_type":"None","multiinstance_cardinality":"","multiinstance_collection":"","multiinstance_variable":"","multiinstance_condition":"","isforcompensation":"false","mailtaskto":"malaivasan.d@muraai.com","mailtaskfrom":"","mailtasksubject":"Boundary message event test","mailtaskcc":"","mailtaskbcc":"","mailtasktext":"Welcome Boundary Message Event Activiti","mailtaskhtml":"","mailtaskcharset":""},"stencil":{"id":"MailTask"},"childShapes":[],"outgoing":[{"resourceId":"sid-EB8C414B-D8E3-4AFA-855B-76AF459B7771"}],"bounds":{"lowerRight":{"x":445,"y":230},"upperLeft":{"x":345,"y":150}},"dockers":[]},{"resourceId":"sid-EB8C414B-D8E3-4AFA-855B-76AF459B7771","properties":{"overrideid":"","name":"","documentation":"","conditionsequenceflow":"","executionlisteners":"","defaultflow":"false"},"stencil":{"id":"SequenceFlow"},"childShapes":[],"outgoing":[{"resourceId":"sid-4607CAF6-DD4F-4D42-A946-61E3BFB869E7"}],"bounds":{"lowerRight":{"x":515.2890625,"y":190},"upperLeft":{"x":445.5703125,"y":190}},"dockers":[{"x":50,"y":40},{"x":14,"y":14}],"target":{"resourceId":"sid-4607CAF6-DD4F-4D42-A946-61E3BFB869E7"}},{"resourceId":"sid-04034932-F54D-4EC2-A163-50F71F485F1E","properties":{"overrideid":"","name":"","documentation":"","conditionsequenceflow":"","executionlisteners":"","defaultflow":"false"},"stencil":{"id":"SequenceFlow"},"childShapes":[],"outgoing":[{"resourceId":"sid-E2D7C04F-0802-46C8-9932-2A318984C189"}],"bounds":{"lowerRight":{"x":344.37109375,"y":85},"upperLeft":{"x":280.62890625,"y":85}},"dockers":[{"x":50,"y":40},{"x":50,"y":40}],"target":{"resourceId":"sid-E2D7C04F-0802-46C8-9932-2A318984C189"}},{"resourceId":"sid-535D713E-BDE7-4090-92A8-0A4D25E4C336","properties":{"overrideid":"","name":"","documentation":"","conditionsequenceflow":"","executionlisteners":"","defaultflow":"false"},"stencil":{"id":"SequenceFlow"},"childShapes":[],"outgoing":[{"resourceId":"sid-2C049652-0570-427D-BCB7-F47684740DB8"}],"bounds":{"lowerRight":{"x":344.8489623792716,"y":190},"upperLeft":{"x":224.96397796072333,"y":140.6166572009533}},"dockers":[{"x":15.000000000000014,"y":15},{"x":224.96397796072333,"y":190},{"x":50,"y":40}],"target":{"resourceId":"sid-2C049652-0570-427D-BCB7-F47684740DB8"}},{"resourceId":"sid-86F24355-05E0-4B26-86A1-DD758C114FD1","properties":{"overrideid":"","name":"","documentation":"","messageref":"test","cancelactivity":false},"stencil":{"id":"BoundaryMessageEvent"},"childShapes":[],"outgoing":[{"resourceId":"sid-535D713E-BDE7-4090-92A8-0A4D25E4C336"}],"bounds":{"lowerRight":{"x":245.65345603628077,"y":140.51427424940712},"upperLeft":{"x":215.65345603628077,"y":110.51427424940712}},"dockers":[{"x":50.5,"y":71}]}],"bounds":{"lowerRight":{"x":1200,"y":1050},"upperLeft":{"x":0,"y":0}},"stencilset":{"url":"stencilsets/bpmn2.0/bpmn2.0.json","namespace":"http://b3mn.org/stencilset/bpmn2.0#"},"ssextensions":[]}