{"resourceId":31031,"properties":{"process_id":"TestSample","name":"Boundary timer event Example","documentation":"","process_author":"","process_version":"","process_namespace":"http://www.activiti.org/processdef","executionlisteners":"","eventlisteners":"","signaldefinitions":"","messagedefinitions":"","executionvariables":"","metadata":""},"stencil":{"id":"BPMNDiagram"},"childShapes":[{"resourceId":"startEvent1","properties":{"overrideid":"","name":"","documentation":"","executionlisteners":"","initiator":"","formkeydefinition":"","formreference":"","fieldstovariables":"","formproperties":""},"stencil":{"id":"StartNoneEvent"},"childShapes":[],"outgoing":[{"resourceId":"sid-CA3C2460-605D-4202-999F-6F6E44A76D4B"}],"bounds":{"lowerRight":{"x":105,"y":105},"upperLeft":{"x":75,"y":75}},"dockers":[]},{"resourceId":"sid-88F4DDAF-6D9A-49DB-ADFC-9EAD35DDF130","properties":{"overrideid":"","name":"Fill the form","documentation":"","asynchronousdefinition":"false","exclusivedefinition":"false","executionlisteners":"","multiinstance_type":"None","multiinstance_cardinality":"","multiinstance_collection":"","multiinstance_variable":"","multiinstance_condition":"","isforcompensation":"false","usertasksendemail":true,"usertaskassignment":"","formkeydefinition":"","formreference":"","fieldstovariables":"","duedatedefinition":"","prioritydefinition":"","categorydefinition":"","formproperties":"","tasklisteners":"","emailtemplate":""},"stencil":{"id":"UserTask"},"childShapes":[],"outgoing":[{"resourceId":"sid-9DAE5796-5462-4D64-8958-DFE2A7876F9B"},{"resourceId":"sid-12F2ED7E-ECD0-4076-A84B-DFFC44B9681B"}],"bounds":{"lowerRight":{"x":252.5,"y":130},"upperLeft":{"x":152.5,"y":50}},"dockers":[]},{"resourceId":"sid-CA3C2460-605D-4202-999F-6F6E44A76D4B","properties":{"overrideid":"","name":"","documentation":"","conditionsequenceflow":"","executionlisteners":"","defaultflow":"false"},"stencil":{"id":"SequenceFlow"},"childShapes":[],"outgoing":[{"resourceId":"sid-88F4DDAF-6D9A-49DB-ADFC-9EAD35DDF130"}],"bounds":{"lowerRight":{"x":152.28125,"y":90},"upperLeft":{"x":105.0625,"y":90}},"dockers":[{"x":15,"y":15},{"x":50,"y":40}],"target":{"resourceId":"sid-88F4DDAF-6D9A-49DB-ADFC-9EAD35DDF130"}},{"resourceId":"sid-44E584AD-168E-4D53-A450-75911D95BA05","properties":{"overrideid":"","name":"","documentation":"","executionlisteners":""},"stencil":{"id":"EndNoneEvent"},"childShapes":[],"outgoing":[],"bounds":{"lowerRight":{"x":328,"y":104},"upperLeft":{"x":300,"y":76}},"dockers":[]},{"resourceId":"sid-9DAE5796-5462-4D64-8958-DFE2A7876F9B","properties":{"overrideid":"","name":"","documentation":"","conditionsequenceflow":"","executionlisteners":"","defaultflow":"false"},"stencil":{"id":"SequenceFlow"},"childShapes":[],"outgoing":[{"resourceId":"sid-44E584AD-168E-4D53-A450-75911D95BA05"}],"bounds":{"lowerRight":{"x":299.0625,"y":90},"upperLeft":{"x":253.15234375,"y":90}},"dockers":[{"x":50,"y":40},{"x":14,"y":14}],"target":{"resourceId":"sid-44E584AD-168E-4D53-A450-75911D95BA05"}},{"resourceId":"sid-A2005090-0536-4012-BDB3-8C68488E91E1","properties":{"overrideid":"","name":"Send Email","documentation":"","asynchronousdefinition":"false","exclusivedefinition":"false","executionlisteners":"","multiinstance_type":"None","multiinstance_cardinality":"","multiinstance_collection":"","multiinstance_variable":"","multiinstance_condition":"","isforcompensation":"false","mailtaskto":"malaivasan.d@muraai.com","mailtaskfrom":"malaivasan.d@muraai.com","mailtasksubject":"Hai","mailtaskcc":"","mailtaskbcc":"","mailtasktext":"Welcome","mailtaskhtml":"","mailtaskcharset":""},"stencil":{"id":"MailTask"},"childShapes":[],"outgoing":[{"resourceId":"sid-2790C866-4117-4DB6-8E91-5930662571A4"}],"bounds":{"lowerRight":{"x":385,"y":275},"upperLeft":{"x":285,"y":195}},"dockers":[]},{"resourceId":"sid-2790C866-4117-4DB6-8E91-5930662571A4","properties":{"overrideid":"","name":"","documentation":"","conditionsequenceflow":"","executionlisteners":"","defaultflow":"false"},"stencil":{"id":"SequenceFlow"},"childShapes":[],"outgoing":[{"resourceId":"sid-44E584AD-168E-4D53-A450-75911D95BA05"}],"bounds":{"lowerRight":{"x":329.11448031144175,"y":194.36188786471672},"upperLeft":{"x":316.11208218855825,"y":104.58342463528328}},"dockers":[{"x":50,"y":40},{"x":14,"y":14}],"target":{"resourceId":"sid-44E584AD-168E-4D53-A450-75911D95BA05"}},{"resourceId":"sid-08401788-489A-435A-9B42-1532145CB799","properties":{"overrideid":"","name":"","documentation":"","conditionsequenceflow":"","executionlisteners":"","defaultflow":"false"},"stencil":{"id":"SequenceFlow"},"childShapes":[],"outgoing":[{"resourceId":"sid-A2005090-0536-4012-BDB3-8C68488E91E1"}],"bounds":{"lowerRight":{"x":284.7158313762622,"y":195.2078823778276},"upperLeft":{"x":215.1279186237378,"y":140.13984635142046}},"dockers":[{"x":16,"y":16},{"x":50,"y":40}],"target":{"resourceId":"sid-A2005090-0536-4012-BDB3-8C68488E91E1"}},{"resourceId":"sid-12F2ED7E-ECD0-4076-A84B-DFFC44B9681B","properties":{"overrideid":"","name":"","documentation":"","timercycledefinition":"R3/PT20S","timerdatedefinition":"","timerdurationdefinition":"PT10S","cancelactivity":false},"stencil":{"id":"BoundaryTimerEvent"},"childShapes":[],"outgoing":[{"resourceId":"sid-08401788-489A-435A-9B42-1532145CB799"}],"bounds":{"lowerRight":{"x":218,"y":145.54248046875},"upperLeft":{"x":187,"y":114.54248046875}},"dockers":[{"x":50,"y":80.04248046875}]}],"bounds":{"lowerRight":{"x":1200,"y":1050},"upperLeft":{"x":0,"y":0}},"stencilset":{"url":"stencilsets/bpmn2.0/bpmn2.0.json","namespace":"http://b3mn.org/stencilset/bpmn2.0#"},"ssextensions":[]}