<?xml version='1.0' encoding='UTF-8'?>
<definitions xmlns="http://www.omg.org/spec/BPMN/20100524/MODEL" xmlns:xsi="http://www.w3.org/2001/XMLSchema-instance" xmlns:xsd="http://www.w3.org/2001/XMLSchema" xmlns:activiti="http://activiti.org/bpmn" xmlns:bpmndi="http://www.omg.org/spec/BPMN/20100524/DI" xmlns:omgdc="http://www.omg.org/spec/DD/20100524/DC" xmlns:omgdi="http://www.omg.org/spec/DD/20100524/DI" typeLanguage="http://www.w3.org/2001/XMLSchema" expressionLanguage="http://www.w3.org/1999/XPath" targetNamespace="http://www.activiti.org/processdef" xmlns:modeler="http://activiti.com/modeler" modeler:version="1.0en" modeler:exportDateTime="20190610155331278" modeler:modelId="32033" modeler:modelVersion="7" modeler:modelLastUpdated="1560162143648">
  <signal id="test" name="signaltest" activiti:scope="global"/>
  <process id="BoundarysignaleventExample" name="Boundary signal event Example" isExecutable="true">
    <extensionElements>
      <activiti:eventListener events="TASK_COMPLETED" delegateExpression="${TrainingListener}"/>
    </extensionElements>
    <startEvent id="startEvent1">
      <extensionElements>
        <modeler:editor-resource-id><![CDATA[startEvent1]]></modeler:editor-resource-id>
      </extensionElements>
    </startEvent>
    <userTask id="boundary_signal_event_example" name="Submit user Details" activiti:assignee="$INITIATOR">
      <extensionElements>
        <modeler:allow-send-email><![CDATA[false]]></modeler:allow-send-email>
        <modeler:activiti-idm-initiator><![CDATA[true]]></modeler:activiti-idm-initiator>
        <modeler:editor-resource-id><![CDATA[sid-E0DA409E-E2C4-44FD-8E27-A4351CE31B7C]]></modeler:editor-resource-id>
      </extensionElements>
    </userTask>
    <endEvent id="sid-93A7F880-4D08-4B32-B586-E10E42215D6F">
      <extensionElements>
        <modeler:editor-resource-id><![CDATA[sid-93A7F880-4D08-4B32-B586-E10E42215D6F]]></modeler:editor-resource-id>
      </extensionElements>
    </endEvent>
    <sequenceFlow id="sid-30518264-A09F-45AB-BBB6-B75ED4060141" sourceRef="startEvent1" targetRef="boundary_signal_event_example">
      <extensionElements>
        <modeler:editor-resource-id><![CDATA[sid-30518264-A09F-45AB-BBB6-B75ED4060141]]></modeler:editor-resource-id>
      </extensionElements>
    </sequenceFlow>
    <serviceTask id="sid-F8D1845B-7801-4B12-8498-3655536BFF26" name="Send Welcome Mail" activiti:type="mail">
      <extensionElements>
        <activiti:field name="to">
          <activiti:string><![CDATA[malaivasan.d@muraai.com]]></activiti:string>
        </activiti:field>
        <activiti:field name="subject">
          <activiti:string><![CDATA[Signal Test]]></activiti:string>
        </activiti:field>
        <activiti:field name="text">
          <activiti:string><![CDATA[Hai Boundary Signal Event Test]]></activiti:string>
        </activiti:field>
        <modeler:editor-resource-id><![CDATA[sid-F8D1845B-7801-4B12-8498-3655536BFF26]]></modeler:editor-resource-id>
      </extensionElements>
    </serviceTask>
    <sequenceFlow id="sid-53C2F77C-217F-411A-A93F-38382E1E9C05" sourceRef="sid-F8D1845B-7801-4B12-8498-3655536BFF26" targetRef="sid-93A7F880-4D08-4B32-B586-E10E42215D6F">
      <extensionElements>
        <modeler:editor-resource-id><![CDATA[sid-53C2F77C-217F-411A-A93F-38382E1E9C05]]></modeler:editor-resource-id>
      </extensionElements>
    </sequenceFlow>
    <sequenceFlow id="sid-619CEF1B-8753-427A-AD91-1B635B79D9A9" sourceRef="sid-4929D0DD-D92C-4A8A-9427-4C1BDE5311EA" targetRef="sid-F8D1845B-7801-4B12-8498-3655536BFF26">
      <extensionElements>
        <modeler:editor-resource-id><![CDATA[sid-619CEF1B-8753-427A-AD91-1B635B79D9A9]]></modeler:editor-resource-id>
      </extensionElements>
    </sequenceFlow>
    <serviceTask id="sid-E02821D9-1589-4552-8DCE-10D545977FE1" name="Send Information mail" activiti:type="mail">
      <extensionElements>
        <activiti:field name="to">
          <activiti:string><![CDATA[malaivasan.d@muraai.com]]></activiti:string>
        </activiti:field>
        <activiti:field name="subject">
          <activiti:string><![CDATA[Sample]]></activiti:string>
        </activiti:field>
        <activiti:field name="text">
          <activiti:string><![CDATA[Hi sample test]]></activiti:string>
        </activiti:field>
        <modeler:editor-resource-id><![CDATA[sid-E02821D9-1589-4552-8DCE-10D545977FE1]]></modeler:editor-resource-id>
      </extensionElements>
    </serviceTask>
    <sequenceFlow id="sid-55F4DD29-AD6F-47A0-8AD7-53AB617D7209" sourceRef="boundary_signal_event_example" targetRef="sid-E02821D9-1589-4552-8DCE-10D545977FE1">
      <extensionElements>
        <modeler:editor-resource-id><![CDATA[sid-55F4DD29-AD6F-47A0-8AD7-53AB617D7209]]></modeler:editor-resource-id>
      </extensionElements>
    </sequenceFlow>
    <userTask id="sid-7BE1FA58-DED8-4734-B462-37FAF57EBD49" name="Employee Approval" activiti:assignee="$INITIATOR">
      <extensionElements>
        <modeler:allow-send-email><![CDATA[true]]></modeler:allow-send-email>
        <modeler:activiti-idm-initiator><![CDATA[true]]></modeler:activiti-idm-initiator>
        <modeler:editor-resource-id><![CDATA[sid-7BE1FA58-DED8-4734-B462-37FAF57EBD49]]></modeler:editor-resource-id>
      </extensionElements>
    </userTask>
    <sequenceFlow id="sid-47D7B2D9-F315-47AB-AD01-6E6DDFE6B1B1" sourceRef="sid-E02821D9-1589-4552-8DCE-10D545977FE1" targetRef="sid-7BE1FA58-DED8-4734-B462-37FAF57EBD49">
      <extensionElements>
        <modeler:editor-resource-id><![CDATA[sid-47D7B2D9-F315-47AB-AD01-6E6DDFE6B1B1]]></modeler:editor-resource-id>
      </extensionElements>
    </sequenceFlow>
    <sequenceFlow id="sid-5C64978C-798C-48B1-B383-96E7B660E1E6" sourceRef="sid-7BE1FA58-DED8-4734-B462-37FAF57EBD49" targetRef="sid-93A7F880-4D08-4B32-B586-E10E42215D6F">
      <extensionElements>
        <modeler:editor-resource-id><![CDATA[sid-5C64978C-798C-48B1-B383-96E7B660E1E6]]></modeler:editor-resource-id>
      </extensionElements>
    </sequenceFlow>
    <boundaryEvent id="sid-4929D0DD-D92C-4A8A-9427-4C1BDE5311EA" attachedToRef="boundary_signal_event_example" cancelActivity="false">
      <extensionElements>
        <modeler:editor-resource-id><![CDATA[sid-4929D0DD-D92C-4A8A-9427-4C1BDE5311EA]]></modeler:editor-resource-id>
      </extensionElements>
      <signalEventDefinition signalRef="test"/>
    </boundaryEvent>
  </process>
  <bpmndi:BPMNDiagram id="BPMNDiagram_BoundarysignaleventExample">
    <bpmndi:BPMNPlane bpmnElement="BoundarysignaleventExample" id="BPMNPlane_BoundarysignaleventExample">
      <bpmndi:BPMNShape bpmnElement="startEvent1" id="BPMNShape_startEvent1">
        <omgdc:Bounds height="30.0" width="30.0" x="75.0" y="70.0"/>
      </bpmndi:BPMNShape>
      <bpmndi:BPMNShape bpmnElement="boundary_signal_event_example" id="BPMNShape_boundary_signal_event_example">
        <omgdc:Bounds height="80.0" width="100.0" x="150.0" y="45.0"/>
      </bpmndi:BPMNShape>
      <bpmndi:BPMNShape bpmnElement="sid-93A7F880-4D08-4B32-B586-E10E42215D6F" id="BPMNShape_sid-93A7F880-4D08-4B32-B586-E10E42215D6F">
        <omgdc:Bounds height="28.0" width="28.0" x="600.0" y="67.0"/>
      </bpmndi:BPMNShape>
      <bpmndi:BPMNShape bpmnElement="sid-F8D1845B-7801-4B12-8498-3655536BFF26" id="BPMNShape_sid-F8D1845B-7801-4B12-8498-3655536BFF26">
        <omgdc:Bounds height="80.0" width="100.0" x="264.5" y="165.0"/>
      </bpmndi:BPMNShape>
      <bpmndi:BPMNShape bpmnElement="sid-E02821D9-1589-4552-8DCE-10D545977FE1" id="BPMNShape_sid-E02821D9-1589-4552-8DCE-10D545977FE1">
        <omgdc:Bounds height="80.0" width="100.0" x="299.5" y="41.0"/>
      </bpmndi:BPMNShape>
      <bpmndi:BPMNShape bpmnElement="sid-7BE1FA58-DED8-4734-B462-37FAF57EBD49" id="BPMNShape_sid-7BE1FA58-DED8-4734-B462-37FAF57EBD49">
        <omgdc:Bounds height="80.0" width="100.0" x="445.5" y="41.0"/>
      </bpmndi:BPMNShape>
      <bpmndi:BPMNShape bpmnElement="sid-4929D0DD-D92C-4A8A-9427-4C1BDE5311EA" id="BPMNShape_sid-4929D0DD-D92C-4A8A-9427-4C1BDE5311EA">
        <omgdc:Bounds height="30.0" width="30.0" x="188.80779723803448" y="110.25385651636452"/>
      </bpmndi:BPMNShape>
      <bpmndi:BPMNEdge bpmnElement="sid-619CEF1B-8753-427A-AD91-1B635B79D9A9" id="BPMNEdge_sid-619CEF1B-8753-427A-AD91-1B635B79D9A9">
        <omgdi:waypoint x="203.80779723803448" y="140.25385651636452"/>
        <omgdi:waypoint x="203.80779723803448" y="205.0"/>
        <omgdi:waypoint x="264.5" y="205.0"/>
      </bpmndi:BPMNEdge>
      <bpmndi:BPMNEdge bpmnElement="sid-55F4DD29-AD6F-47A0-8AD7-53AB617D7209" id="BPMNEdge_sid-55F4DD29-AD6F-47A0-8AD7-53AB617D7209">
        <omgdi:waypoint x="250.0" y="83.66220735785953"/>
        <omgdi:waypoint x="299.5" y="82.33779264214047"/>
      </bpmndi:BPMNEdge>
      <bpmndi:BPMNEdge bpmnElement="sid-47D7B2D9-F315-47AB-AD01-6E6DDFE6B1B1" id="BPMNEdge_sid-47D7B2D9-F315-47AB-AD01-6E6DDFE6B1B1">
        <omgdi:waypoint x="399.5" y="81.0"/>
        <omgdi:waypoint x="445.5" y="81.0"/>
      </bpmndi:BPMNEdge>
      <bpmndi:BPMNEdge bpmnElement="sid-5C64978C-798C-48B1-B383-96E7B660E1E6" id="BPMNEdge_sid-5C64978C-798C-48B1-B383-96E7B660E1E6">
        <omgdi:waypoint x="545.5" y="81.0"/>
        <omgdi:waypoint x="600.0" y="81.0"/>
      </bpmndi:BPMNEdge>
      <bpmndi:BPMNEdge bpmnElement="sid-30518264-A09F-45AB-BBB6-B75ED4060141" id="BPMNEdge_sid-30518264-A09F-45AB-BBB6-B75ED4060141">
        <omgdi:waypoint x="105.0" y="85.0"/>
        <omgdi:waypoint x="150.0" y="85.0"/>
      </bpmndi:BPMNEdge>
      <bpmndi:BPMNEdge bpmnElement="sid-53C2F77C-217F-411A-A93F-38382E1E9C05" id="BPMNEdge_sid-53C2F77C-217F-411A-A93F-38382E1E9C05">
        <omgdi:waypoint x="364.5" y="205.0"/>
        <omgdi:waypoint x="614.0" y="205.0"/>
        <omgdi:waypoint x="614.0" y="95.0"/>
      </bpmndi:BPMNEdge>
    </bpmndi:BPMNPlane>
  </bpmndi:BPMNDiagram>
</definitions>