<?xml version='1.0' encoding='UTF-8'?>
<definitions xmlns="http://www.omg.org/spec/BPMN/20100524/MODEL" xmlns:xsi="http://www.w3.org/2001/XMLSchema-instance" xmlns:xsd="http://www.w3.org/2001/XMLSchema" xmlns:activiti="http://activiti.org/bpmn" xmlns:bpmndi="http://www.omg.org/spec/BPMN/20100524/DI" xmlns:omgdc="http://www.omg.org/spec/DD/20100524/DC" xmlns:omgdi="http://www.omg.org/spec/DD/20100524/DI" typeLanguage="http://www.w3.org/2001/XMLSchema" expressionLanguage="http://www.w3.org/1999/XPath" targetNamespace="http://www.activiti.org/processdef" xmlns:modeler="http://activiti.com/modeler" modeler:version="1.0en" modeler:exportDateTime="20190610155331414" modeler:modelId="25032" modeler:modelVersion="6" modeler:modelLastUpdated="1560162144658">
  <process id="decisiontablesSample" name="decision tables Sample" isExecutable="true">
    <startEvent id="startEvent1" name="Submit yearly achievements report" activiti:formKey="25034">
      <extensionElements>
        <modeler:form-reference-id><![CDATA[25034]]></modeler:form-reference-id>
        <modeler:form-reference-name><![CDATA[Achievement for current year]]></modeler:form-reference-name>
        <modeler:editor-resource-id><![CDATA[startEvent1]]></modeler:editor-resource-id>
      </extensionElements>
    </startEvent>
    <serviceTask id="sid-92BDF5E3-9A44-4130-9C0C-E4A860DD6DB6" name="Calculate bonus" activiti:delegateExpression="${activiti_executeDecisionDelegate}">
      <extensionElements>
        <activiti:field name="decisionTableReferenceKey">
          <activiti:string><![CDATA[CalculateBonus]]></activiti:string>
        </activiti:field>
        <modeler:decisiontable-reference modeler:decisiontablereferenceid="25033" modeler:decisiontablereferencename="Calculate Bonus"/>
        <modeler:editor-resource-id><![CDATA[sid-92BDF5E3-9A44-4130-9C0C-E4A860DD6DB6]]></modeler:editor-resource-id>
      </extensionElements>
    </serviceTask>
    <exclusiveGateway id="sid-4F6F5158-45E3-4936-84A9-73225E6FE2CC" default="sid-64A7EDCB-21E1-4C56-B9B2-85586D380499">
      <extensionElements>
        <modeler:editor-resource-id><![CDATA[sid-4F6F5158-45E3-4936-84A9-73225E6FE2CC]]></modeler:editor-resource-id>
      </extensionElements>
    </exclusiveGateway>
    <sequenceFlow id="sid-2B589A1C-22D5-436F-AADD-E50B6EEA73C5" sourceRef="sid-92BDF5E3-9A44-4130-9C0C-E4A860DD6DB6" targetRef="sid-4F6F5158-45E3-4936-84A9-73225E6FE2CC">
      <extensionElements>
        <modeler:editor-resource-id><![CDATA[sid-2B589A1C-22D5-436F-AADD-E50B6EEA73C5]]></modeler:editor-resource-id>
      </extensionElements>
    </sequenceFlow>
    <serviceTask id="sid-82952D21-1F6E-414B-9F54-4C1B0DAF2B93" name="Bonus notification email" activiti:type="mail">
      <extensionElements>
        <activiti:field name="to">
          <activiti:string><![CDATA[malaivasan.d@muraai.com]]></activiti:string>
        </activiti:field>
        <activiti:field name="subject">
          <activiti:expression><![CDATA[Annual Review ${bonus}]]></activiti:expression>
        </activiti:field>
        <activiti:field name="text">
          <activiti:expression><![CDATA[your bonus of this year is ${bonus}]]></activiti:expression>
        </activiti:field>
        <modeler:editor-resource-id><![CDATA[sid-82952D21-1F6E-414B-9F54-4C1B0DAF2B93]]></modeler:editor-resource-id>
      </extensionElements>
    </serviceTask>
    <endEvent id="sid-1F6FC00A-6C96-4D3F-8E04-B73B99CF90A5">
      <extensionElements>
        <modeler:editor-resource-id><![CDATA[sid-1F6FC00A-6C96-4D3F-8E04-B73B99CF90A5]]></modeler:editor-resource-id>
      </extensionElements>
    </endEvent>
    <sequenceFlow id="sid-C6448297-B2EC-4630-9E65-EA7FABD46FE2" sourceRef="sid-82952D21-1F6E-414B-9F54-4C1B0DAF2B93" targetRef="sid-1F6FC00A-6C96-4D3F-8E04-B73B99CF90A5">
      <extensionElements>
        <modeler:editor-resource-id><![CDATA[sid-C6448297-B2EC-4630-9E65-EA7FABD46FE2]]></modeler:editor-resource-id>
      </extensionElements>
    </sequenceFlow>
    <sequenceFlow id="sid-64A7EDCB-21E1-4C56-B9B2-85586D380499" sourceRef="sid-4F6F5158-45E3-4936-84A9-73225E6FE2CC" targetRef="sid-1F6FC00A-6C96-4D3F-8E04-B73B99CF90A5">
      <extensionElements>
        <modeler:editor-resource-id><![CDATA[sid-64A7EDCB-21E1-4C56-B9B2-85586D380499]]></modeler:editor-resource-id>
      </extensionElements>
    </sequenceFlow>
    <sequenceFlow id="sid-DC39AFC8-81AA-4435-8C92-4F591952E2EE" sourceRef="sid-4F6F5158-45E3-4936-84A9-73225E6FE2CC" targetRef="sid-82952D21-1F6E-414B-9F54-4C1B0DAF2B93">
      <extensionElements>
        <modeler:conditionDefinition modeler:index="0" modeler:leftRestResponseId="bonus" modeler:rightValue="0" modeler:operator=">"/>
        <modeler:editor-resource-id><![CDATA[sid-DC39AFC8-81AA-4435-8C92-4F591952E2EE]]></modeler:editor-resource-id>
      </extensionElements>
      <conditionExpression xsi:type="tFormalExpression"><![CDATA[${(activiti_flowConditionsBean.exists(execution, 'bonus') && bonus > 0)}]]></conditionExpression>
    </sequenceFlow>
    <sequenceFlow id="sid-C06692C6-1891-4B12-AD7F-901F40FA19DD" sourceRef="startEvent1" targetRef="sid-92BDF5E3-9A44-4130-9C0C-E4A860DD6DB6">
      <extensionElements>
        <modeler:editor-resource-id><![CDATA[sid-C06692C6-1891-4B12-AD7F-901F40FA19DD]]></modeler:editor-resource-id>
      </extensionElements>
    </sequenceFlow>
  </process>
  <bpmndi:BPMNDiagram id="BPMNDiagram_decisiontablesSample">
    <bpmndi:BPMNPlane bpmnElement="decisiontablesSample" id="BPMNPlane_decisiontablesSample">
      <bpmndi:BPMNShape bpmnElement="startEvent1" id="BPMNShape_startEvent1">
        <omgdc:Bounds height="30.0" width="30.0" x="240.0" y="105.0"/>
      </bpmndi:BPMNShape>
      <bpmndi:BPMNShape bpmnElement="sid-92BDF5E3-9A44-4130-9C0C-E4A860DD6DB6" id="BPMNShape_sid-92BDF5E3-9A44-4130-9C0C-E4A860DD6DB6">
        <omgdc:Bounds height="80.0" width="100.0" x="360.0" y="78.0"/>
      </bpmndi:BPMNShape>
      <bpmndi:BPMNShape bpmnElement="sid-4F6F5158-45E3-4936-84A9-73225E6FE2CC" id="BPMNShape_sid-4F6F5158-45E3-4936-84A9-73225E6FE2CC">
        <omgdc:Bounds height="40.0" width="40.0" x="540.0" y="98.0"/>
      </bpmndi:BPMNShape>
      <bpmndi:BPMNShape bpmnElement="sid-82952D21-1F6E-414B-9F54-4C1B0DAF2B93" id="BPMNShape_sid-82952D21-1F6E-414B-9F54-4C1B0DAF2B93">
        <omgdc:Bounds height="80.0" width="100.0" x="645.0" y="0.0"/>
      </bpmndi:BPMNShape>
      <bpmndi:BPMNShape bpmnElement="sid-1F6FC00A-6C96-4D3F-8E04-B73B99CF90A5" id="BPMNShape_sid-1F6FC00A-6C96-4D3F-8E04-B73B99CF90A5">
        <omgdc:Bounds height="28.0" width="28.0" x="795.0" y="104.0"/>
      </bpmndi:BPMNShape>
      <bpmndi:BPMNEdge bpmnElement="sid-2B589A1C-22D5-436F-AADD-E50B6EEA73C5" id="BPMNEdge_sid-2B589A1C-22D5-436F-AADD-E50B6EEA73C5">
        <omgdi:waypoint x="460.0" y="118.0"/>
        <omgdi:waypoint x="540.0" y="118.0"/>
      </bpmndi:BPMNEdge>
      <bpmndi:BPMNEdge bpmnElement="sid-C06692C6-1891-4B12-AD7F-901F40FA19DD" id="BPMNEdge_sid-C06692C6-1891-4B12-AD7F-901F40FA19DD">
        <omgdi:waypoint x="269.99875145663174" y="119.80646772314023"/>
        <omgdi:waypoint x="360.0" y="118.64516129032258"/>
      </bpmndi:BPMNEdge>
      <bpmndi:BPMNEdge bpmnElement="sid-64A7EDCB-21E1-4C56-B9B2-85586D380499" id="BPMNEdge_sid-64A7EDCB-21E1-4C56-B9B2-85586D380499">
        <omgdi:waypoint x="579.5383064516129" y="118.4616935483871"/>
        <omgdi:waypoint x="795.0000283389624" y="118.02816895706448"/>
      </bpmndi:BPMNEdge>
      <bpmndi:BPMNEdge bpmnElement="sid-C6448297-B2EC-4630-9E65-EA7FABD46FE2" id="BPMNEdge_sid-C6448297-B2EC-4630-9E65-EA7FABD46FE2">
        <omgdi:waypoint x="745.0" y="74.21052631578948"/>
        <omgdi:waypoint x="797.4456983425024" y="110.09442518171214"/>
      </bpmndi:BPMNEdge>
      <bpmndi:BPMNEdge bpmnElement="sid-DC39AFC8-81AA-4435-8C92-4F591952E2EE" id="BPMNEdge_sid-DC39AFC8-81AA-4435-8C92-4F591952E2EE">
        <omgdi:waypoint x="573.1291079812206" y="111.12910798122066"/>
        <omgdi:waypoint x="645.0" y="69.182156133829"/>
      </bpmndi:BPMNEdge>
    </bpmndi:BPMNPlane>
  </bpmndi:BPMNDiagram>
</definitions>