{"resourceId":25039,"properties":{"process_id":"DecisionExample1","name":"Decision Example1","documentation":"","process_author":"","process_version":"","process_namespace":"http://www.activiti.org/processdef","executionlisteners":"","eventlisteners":"","signaldefinitions":"","messagedefinitions":"","executionvariables":"[{\"variableName\":\"total\",\"variableType\":\"integer\",\"$$hashKey\":\"uiGrid-0042\"},{\"variableName\":\"avg\",\"variableType\":\"integer\",\"$$hashKey\":\"uiGrid-0044\"},{\"variableName\":\"name\",\"variableType\":\"string\",\"$$hashKey\":\"uiGrid-004G\"},{\"variableName\":\"m1\",\"variableType\":\"string\",\"$$hashKey\":\"uiGrid-004M\"},{\"variableName\":\"m2\",\"variableType\":\"string\",\"$$hashKey\":\"uiGrid-004S\"},{\"variableName\":\"m3\",\"variableType\":\"string\",\"$$hashKey\":\"uiGrid-004Y\"},{\"variableName\":\"grade\",\"variableType\":\"string\",\"$$hashKey\":\"uiGrid-0054\"}]","metadata":""},"stencil":{"id":"BPMNDiagram"},"childShapes":[{"resourceId":"startEvent1","properties":{"overrideid":"","name":"","documentation":"","executionlisteners":"","initiator":"","formkeydefinition":"","formreference":"","fieldstovariables":"","formproperties":""},"stencil":{"id":"StartNoneEvent"},"childShapes":[],"outgoing":[{"resourceId":"sid-A9C51067-D2C6-4B2A-8763-A6F8D991408E"}],"bounds":{"lowerRight":{"x":130,"y":120},"upperLeft":{"x":100,"y":90}},"dockers":[]},{"resourceId":"sid-574241A0-BE78-4064-878A-A1390038704E","properties":{"overrideid":"","name":"submit the student details","documentation":"","asynchronousdefinition":"false","exclusivedefinition":"false","executionlisteners":"","multiinstance_type":"None","multiinstance_cardinality":"","multiinstance_collection":"","multiinstance_variable":"","multiinstance_condition":"","isforcompensation":"false","usertasksendemail":false,"usertaskassignment":"","formkeydefinition":"","formreference":{"id":25036,"name":"Student","referenceId":null,"variablesmapping":[{"mappedVariable":"mark1","inProcessVariable":"","outProcessVariable":"m1","typeOfMapping":"outputMap","inVariableType":"formField","outVariableType":"restResponse"},{"mappedVariable":"mark2","inProcessVariable":"","outProcessVariable":"m2","typeOfMapping":"outputMap","inVariableType":"formField","outVariableType":"restResponse"},{"mappedVariable":"mark3","inProcessVariable":"","outProcessVariable":"m3","typeOfMapping":"outputMap","inVariableType":"formField","outVariableType":"restResponse"},{"mappedVariable":"name","inProcessVariable":"","outProcessVariable":"name","typeOfMapping":"outputMap","inVariableType":"formField","outVariableType":"restResponse"}]},"fieldstovariables":"","duedatedefinition":"","prioritydefinition":"","categorydefinition":"","formproperties":"","tasklisteners":"","emailtemplate":""},"stencil":{"id":"UserTask"},"childShapes":[],"outgoing":[{"resourceId":"sid-2AB2287E-61FB-4021-82A0-7FF4E4DC24F1"}],"bounds":{"lowerRight":{"x":295,"y":140},"upperLeft":{"x":195,"y":60}},"dockers":[]},{"resourceId":"sid-A9C51067-D2C6-4B2A-8763-A6F8D991408E","properties":{"overrideid":"","name":"","documentation":"","conditionsequenceflow":"","executionlisteners":"","defaultflow":"false"},"stencil":{"id":"SequenceFlow"},"childShapes":[],"outgoing":[{"resourceId":"sid-574241A0-BE78-4064-878A-A1390038704E"}],"bounds":{"lowerRight":{"x":194.2351138253687,"y":104.41469187789879},"upperLeft":{"x":130.2180111746313,"y":101.95249562210121}},"dockers":[{"x":15,"y":15},{"x":50,"y":40}],"target":{"resourceId":"sid-574241A0-BE78-4064-878A-A1390038704E"}},{"resourceId":"sid-7F7BDA70-C204-4E7F-92E9-83A9CF25DC27","properties":{"scriptformat":"javascript","scripttext":"execution.setVariable(\"total\", execution.getVariable(\"mark1\")+execution.getVariable(\"mark2\")+execution.getVariable(\"mark3\"));\nexecution.setVariable(\"avg\", execution.getVariable(\"total\")/3);","executionvariables":"","overrideid":"","name":"Calculation","documentation":"","asynchronousdefinition":"false","exclusivedefinition":"false","executionlisteners":"","multiinstance_type":"None","multiinstance_cardinality":"","multiinstance_collection":"","multiinstance_variable":"","multiinstance_condition":"","isforcompensation":"false"},"stencil":{"id":"ScriptTask"},"childShapes":[],"outgoing":[{"resourceId":"sid-C060F718-0D28-41B3-8B0E-CEFBF3C6B591"}],"bounds":{"lowerRight":{"x":460,"y":140},"upperLeft":{"x":360,"y":60}},"dockers":[]},{"resourceId":"sid-B6E533BA-62A5-4163-BC35-65BDB6429A5A","properties":{"overrideid":"","name":"Decision Contition","documentation":"","asynchronousdefinition":"false","exclusivedefinition":"false","executionlisteners":"","multiinstance_type":"None","multiinstance_cardinality":"","multiinstance_collection":"","multiinstance_variable":"","multiinstance_condition":"","isforcompensation":"false","decisiontaskdecisiontablereference":{"id":25040,"name":"grade calculate","referenceId":null}},"stencil":{"id":"DecisionTask"},"childShapes":[],"outgoing":[{"resourceId":"sid-381FF2C3-38AC-4A93-BF78-57B412FC4CCC"}],"bounds":{"lowerRight":{"x":640,"y":140},"upperLeft":{"x":540,"y":60}},"dockers":[]},{"resourceId":"sid-0E8FFFCF-18C7-4D3F-A2AF-F71EEBF2C8F9","properties":{"overrideid":"","name":"Display Result","documentation":"","asynchronousdefinition":"false","exclusivedefinition":"false","executionlisteners":"","multiinstance_type":"None","multiinstance_cardinality":"","multiinstance_collection":"","multiinstance_variable":"","multiinstance_condition":"","isforcompensation":"false","usertasksendemail":false,"usertaskassignment":"","formkeydefinition":"","formreference":{"id":25037,"name":"Student Display","referenceId":null,"variablesmapping":[]},"fieldstovariables":"","duedatedefinition":"","prioritydefinition":"","categorydefinition":"","formproperties":"","tasklisteners":"","emailtemplate":""},"stencil":{"id":"UserTask"},"childShapes":[],"outgoing":[{"resourceId":"sid-921C8F58-4C9E-4DA9-B301-BB171435C98C"}],"bounds":{"lowerRight":{"x":790,"y":140},"upperLeft":{"x":690,"y":60}},"dockers":[]},{"resourceId":"sid-381FF2C3-38AC-4A93-BF78-57B412FC4CCC","properties":{"overrideid":"","name":"","documentation":"","conditionsequenceflow":"","executionlisteners":"","defaultflow":"false"},"stencil":{"id":"SequenceFlow"},"childShapes":[],"outgoing":[{"resourceId":"sid-0E8FFFCF-18C7-4D3F-A2AF-F71EEBF2C8F9"}],"bounds":{"lowerRight":{"x":689.78125,"y":100},"upperLeft":{"x":640.21875,"y":100}},"dockers":[{"x":50,"y":40},{"x":50,"y":40}],"target":{"resourceId":"sid-0E8FFFCF-18C7-4D3F-A2AF-F71EEBF2C8F9"}},{"resourceId":"sid-F881EB7E-D30D-46BC-B2D6-64179B2AF2CA","properties":{"overrideid":"","name":"","documentation":"","executionlisteners":""},"stencil":{"id":"EndNoneEvent"},"childShapes":[],"outgoing":[],"bounds":{"lowerRight":{"x":892.5,"y":114},"upperLeft":{"x":864.5,"y":86}},"dockers":[]},{"resourceId":"sid-921C8F58-4C9E-4DA9-B301-BB171435C98C","properties":{"overrideid":"","name":"","documentation":"","conditionsequenceflow":"","executionlisteners":"","defaultflow":"false"},"stencil":{"id":"SequenceFlow"},"childShapes":[],"outgoing":[{"resourceId":"sid-F881EB7E-D30D-46BC-B2D6-64179B2AF2CA"}],"bounds":{"lowerRight":{"x":863.974609375,"y":100},"upperLeft":{"x":790.7734375,"y":100}},"dockers":[{"x":50,"y":40},{"x":14,"y":14}],"target":{"resourceId":"sid-F881EB7E-D30D-46BC-B2D6-64179B2AF2CA"}},{"resourceId":"sid-C060F718-0D28-41B3-8B0E-CEFBF3C6B591","properties":{"overrideid":"","name":"","documentation":"","conditionsequenceflow":"","executionlisteners":"","defaultflow":"false"},"stencil":{"id":"SequenceFlow"},"childShapes":[],"outgoing":[{"resourceId":"sid-B6E533BA-62A5-4163-BC35-65BDB6429A5A"}],"bounds":{"lowerRight":{"x":539.78125,"y":100},"upperLeft":{"x":460.21875,"y":100}},"dockers":[{"x":50,"y":40},{"x":50,"y":40}],"target":{"resourceId":"sid-B6E533BA-62A5-4163-BC35-65BDB6429A5A"}},{"resourceId":"sid-2AB2287E-61FB-4021-82A0-7FF4E4DC24F1","properties":{"overrideid":"","name":"","documentation":"","conditionsequenceflow":"","executionlisteners":"","defaultflow":"false"},"stencil":{"id":"SequenceFlow"},"childShapes":[],"outgoing":[{"resourceId":"sid-7F7BDA70-C204-4E7F-92E9-83A9CF25DC27"}],"bounds":{"lowerRight":{"x":359.37109375,"y":100},"upperLeft":{"x":295.62890625,"y":100}},"dockers":[{"x":50,"y":40},{"x":50,"y":40}],"target":{"resourceId":"sid-7F7BDA70-C204-4E7F-92E9-83A9CF25DC27"}}],"bounds":{"lowerRight":{"x":1200,"y":1050},"upperLeft":{"x":0,"y":0}},"stencilset":{"url":"stencilsets/bpmn2.0/bpmn2.0.json","namespace":"http://b3mn.org/stencilset/bpmn2.0#"},"ssextensions":[]}