{"resourceId":25032,"properties":{"process_id":"decisiontablesSample","name":"decision tables Sample","documentation":"","process_author":"","process_version":"","process_namespace":"http://www.activiti.org/processdef","executionlisteners":"","eventlisteners":"","signaldefinitions":"","messagedefinitions":"","executionvariables":"","metadata":""},"stencil":{"id":"BPMNDiagram"},"childShapes":[{"resourceId":"startEvent1","properties":{"overrideid":"","name":"Submit yearly achievements report","documentation":"","executionlisteners":"","initiator":"","formkeydefinition":"","formreference":{"id":25034,"name":"Achievement for current year","referenceId":null,"variablesmapping":[]},"fieldstovariables":"","formproperties":""},"stencil":{"id":"StartNoneEvent"},"childShapes":[],"outgoing":[{"resourceId":"sid-C06692C6-1891-4B12-AD7F-901F40FA19DD"}],"bounds":{"lowerRight":{"x":270,"y":135},"upperLeft":{"x":240,"y":105}},"dockers":[]},{"resourceId":"sid-92BDF5E3-9A44-4130-9C0C-E4A860DD6DB6","properties":{"overrideid":"","name":"Calculate bonus","documentation":"","asynchronousdefinition":"false","exclusivedefinition":"false","executionlisteners":"","multiinstance_type":"None","multiinstance_cardinality":"","multiinstance_collection":"","multiinstance_variable":"","multiinstance_condition":"","isforcompensation":"false","decisiontaskdecisiontablereference":{"id":25033,"name":"Calculate Bonus","referenceId":null}},"stencil":{"id":"DecisionTask"},"childShapes":[],"outgoing":[{"resourceId":"sid-2B589A1C-22D5-436F-AADD-E50B6EEA73C5"}],"bounds":{"lowerRight":{"x":460,"y":158},"upperLeft":{"x":360,"y":78}},"dockers":[]},{"resourceId":"sid-4F6F5158-45E3-4936-84A9-73225E6FE2CC","properties":{"overrideid":"","name":"","documentation":"","asynchronousdefinition":"false","exclusivedefinition":"false","sequencefloworder":""},"stencil":{"id":"ExclusiveGateway"},"childShapes":[],"outgoing":[{"resourceId":"sid-DC39AFC8-81AA-4435-8C92-4F591952E2EE"},{"resourceId":"sid-64A7EDCB-21E1-4C56-B9B2-85586D380499"}],"bounds":{"lowerRight":{"x":580,"y":138},"upperLeft":{"x":540,"y":98}},"dockers":[]},{"resourceId":"sid-2B589A1C-22D5-436F-AADD-E50B6EEA73C5","properties":{"overrideid":"","name":"","documentation":"","conditionsequenceflow":"","executionlisteners":"","defaultflow":"false"},"stencil":{"id":"SequenceFlow"},"childShapes":[],"outgoing":[{"resourceId":"sid-4F6F5158-45E3-4936-84A9-73225E6FE2CC"}],"bounds":{"lowerRight":{"x":540.25,"y":118},"upperLeft":{"x":460.21875,"y":118}},"dockers":[{"x":50,"y":40},{"x":20,"y":20}],"target":{"resourceId":"sid-4F6F5158-45E3-4936-84A9-73225E6FE2CC"}},{"resourceId":"sid-82952D21-1F6E-414B-9F54-4C1B0DAF2B93","properties":{"overrideid":"","name":"Bonus notification email","documentation":"","asynchronousdefinition":"false","exclusivedefinition":"false","executionlisteners":"","multiinstance_type":"None","multiinstance_cardinality":"","multiinstance_collection":"","multiinstance_variable":"","multiinstance_condition":"","isforcompensation":"false","mailtaskto":"malaivasan.d@muraai.com","mailtaskfrom":"","mailtasksubject":"Annual Review ${bonus}","mailtaskcc":"","mailtaskbcc":"","mailtasktext":"your bonus of this year is ${bonus}","mailtaskhtml":"","mailtaskcharset":""},"stencil":{"id":"MailTask"},"childShapes":[],"outgoing":[{"resourceId":"sid-C6448297-B2EC-4630-9E65-EA7FABD46FE2"}],"bounds":{"lowerRight":{"x":745,"y":80},"upperLeft":{"x":645,"y":0}},"dockers":[]},{"resourceId":"sid-1F6FC00A-6C96-4D3F-8E04-B73B99CF90A5","properties":{"overrideid":"","name":"","documentation":"","executionlisteners":""},"stencil":{"id":"EndNoneEvent"},"childShapes":[],"outgoing":[],"bounds":{"lowerRight":{"x":823,"y":132},"upperLeft":{"x":795,"y":104}},"dockers":[]},{"resourceId":"sid-C6448297-B2EC-4630-9E65-EA7FABD46FE2","properties":{"overrideid":"","name":"","documentation":"","conditionsequenceflow":"","executionlisteners":"","defaultflow":"false"},"stencil":{"id":"SequenceFlow"},"childShapes":[],"outgoing":[{"resourceId":"sid-1F6FC00A-6C96-4D3F-8E04-B73B99CF90A5"}],"bounds":{"lowerRight":{"x":797.0418802387502,"y":109.81812858440802},"upperLeft":{"x":745.7003072612498,"y":74.68968391559198}},"dockers":[{"x":50,"y":40},{"x":14,"y":14}],"target":{"resourceId":"sid-1F6FC00A-6C96-4D3F-8E04-B73B99CF90A5"}},{"resourceId":"sid-64A7EDCB-21E1-4C56-B9B2-85586D380499","properties":{"overrideid":"","name":"","documentation":"","conditionsequenceflow":"","executionlisteners":"","defaultflow":true},"stencil":{"id":"SequenceFlow"},"childShapes":[],"outgoing":[{"resourceId":"sid-1F6FC00A-6C96-4D3F-8E04-B73B99CF90A5"}],"bounds":{"lowerRight":{"x":794.4101582742115,"y":118.45892543163825},"upperLeft":{"x":580.9140604757885,"y":118.02935581836175}},"dockers":[{"x":20.5,"y":20.5},{"x":14,"y":14}],"target":{"resourceId":"sid-1F6FC00A-6C96-4D3F-8E04-B73B99CF90A5"}},{"resourceId":"sid-DC39AFC8-81AA-4435-8C92-4F591952E2EE","properties":{"overrideid":"","name":"","documentation":"","conditionsequenceflow":{"expression":{"type":"variables","leftRestResponseId":"bonus","operator":">","rightValue":"0"}},"executionlisteners":"","defaultflow":false},"stencil":{"id":"SequenceFlow"},"childShapes":[],"outgoing":[{"resourceId":"sid-82952D21-1F6E-414B-9F54-4C1B0DAF2B93"}],"bounds":{"lowerRight":{"x":644.7496188202882,"y":110.94319498758459},"upperLeft":{"x":573.4476468047118,"y":69.32828938741541}},"dockers":[{"x":20.5,"y":20.5},{"x":50,"y":40}],"target":{"resourceId":"sid-82952D21-1F6E-414B-9F54-4C1B0DAF2B93"}},{"resourceId":"sid-C06692C6-1891-4B12-AD7F-901F40FA19DD","properties":{"overrideid":"","name":"","documentation":"","conditionsequenceflow":"","executionlisteners":"","defaultflow":"false"},"stencil":{"id":"SequenceFlow"},"childShapes":[],"outgoing":[{"resourceId":"sid-92BDF5E3-9A44-4130-9C0C-E4A860DD6DB6"}],"bounds":{"lowerRight":{"x":359.35164573622455,"y":119.79959784820934},"upperLeft":{"x":270.53116676377545,"y":118.65352715179066}},"dockers":[{"x":15,"y":15},{"x":50,"y":40}],"target":{"resourceId":"sid-92BDF5E3-9A44-4130-9C0C-E4A860DD6DB6"}}],"bounds":{"lowerRight":{"x":1200,"y":1050},"upperLeft":{"x":0,"y":0}},"stencilset":{"url":"stencilsets/bpmn2.0/bpmn2.0.json","namespace":"http://b3mn.org/stencilset/bpmn2.0#"},"ssextensions":[]}