<?xml version='1.0' encoding='UTF-8'?>
<definitions xmlns="http://www.omg.org/spec/BPMN/20100524/MODEL" xmlns:xsi="http://www.w3.org/2001/XMLSchema-instance" xmlns:xsd="http://www.w3.org/2001/XMLSchema" xmlns:activiti="http://activiti.org/bpmn" xmlns:bpmndi="http://www.omg.org/spec/BPMN/20100524/DI" xmlns:omgdc="http://www.omg.org/spec/DD/20100524/DC" xmlns:omgdi="http://www.omg.org/spec/DD/20100524/DI" typeLanguage="http://www.w3.org/2001/XMLSchema" expressionLanguage="http://www.w3.org/1999/XPath" targetNamespace="http://www.activiti.org/processdef" xmlns:modeler="http://activiti.com/modeler" modeler:version="1.0en" modeler:exportDateTime="20190610155331370" modeler:modelId="25039" modeler:modelVersion="4" modeler:modelLastUpdated="1560162144252">
  <process id="DecisionExample1" name="Decision Example1" isExecutable="true">
    <extensionElements>
      <modeler:executionvariables xmlns:modeler="http://activiti.com/modeler" modeler:variableName="total" modeler:variableType="integer"/>
      <modeler:executionvariables xmlns:modeler="http://activiti.com/modeler" modeler:variableName="avg" modeler:variableType="integer"/>
      <modeler:executionvariables xmlns:modeler="http://activiti.com/modeler" modeler:variableName="name" modeler:variableType="string"/>
      <modeler:executionvariables xmlns:modeler="http://activiti.com/modeler" modeler:variableName="m1" modeler:variableType="string"/>
      <modeler:executionvariables xmlns:modeler="http://activiti.com/modeler" modeler:variableName="m2" modeler:variableType="string"/>
      <modeler:executionvariables xmlns:modeler="http://activiti.com/modeler" modeler:variableName="m3" modeler:variableType="string"/>
      <modeler:executionvariables xmlns:modeler="http://activiti.com/modeler" modeler:variableName="grade" modeler:variableType="string"/>
    </extensionElements>
    <startEvent id="startEvent1">
      <extensionElements>
        <modeler:editor-resource-id><![CDATA[startEvent1]]></modeler:editor-resource-id>
      </extensionElements>
    </startEvent>
    <userTask id="sid-574241A0-BE78-4064-878A-A1390038704E" name="submit the student details" activiti:assignee="$INITIATOR" activiti:formKey="25036">
      <extensionElements>
        <modeler:allow-send-email><![CDATA[false]]></modeler:allow-send-email>
        <modeler:form-reference-id><![CDATA[25036]]></modeler:form-reference-id>
        <modeler:form-reference-name><![CDATA[Student]]></modeler:form-reference-name>
        <modeler:activiti-idm-initiator><![CDATA[true]]></modeler:activiti-idm-initiator>
        <modeler:variablesMapping>
          <modeler:mappedVariable><![CDATA[mark1]]></modeler:mappedVariable>
          <modeler:outProcessVariable><![CDATA[m1]]></modeler:outProcessVariable>
          <modeler:inVariableType><![CDATA[formField]]></modeler:inVariableType>
          <modeler:outVariableType><![CDATA[restResponse]]></modeler:outVariableType>
          <modeler:typeOfMapping><![CDATA[outputMap]]></modeler:typeOfMapping>
        </modeler:variablesMapping>
        <modeler:variablesMapping>
          <modeler:mappedVariable><![CDATA[mark2]]></modeler:mappedVariable>
          <modeler:outProcessVariable><![CDATA[m2]]></modeler:outProcessVariable>
          <modeler:inVariableType><![CDATA[formField]]></modeler:inVariableType>
          <modeler:outVariableType><![CDATA[restResponse]]></modeler:outVariableType>
          <modeler:typeOfMapping><![CDATA[outputMap]]></modeler:typeOfMapping>
        </modeler:variablesMapping>
        <modeler:variablesMapping>
          <modeler:mappedVariable><![CDATA[mark3]]></modeler:mappedVariable>
          <modeler:outProcessVariable><![CDATA[m3]]></modeler:outProcessVariable>
          <modeler:inVariableType><![CDATA[formField]]></modeler:inVariableType>
          <modeler:outVariableType><![CDATA[restResponse]]></modeler:outVariableType>
          <modeler:typeOfMapping><![CDATA[outputMap]]></modeler:typeOfMapping>
        </modeler:variablesMapping>
        <modeler:variablesMapping>
          <modeler:mappedVariable><![CDATA[name]]></modeler:mappedVariable>
          <modeler:outProcessVariable><![CDATA[name]]></modeler:outProcessVariable>
          <modeler:inVariableType><![CDATA[formField]]></modeler:inVariableType>
          <modeler:outVariableType><![CDATA[restResponse]]></modeler:outVariableType>
          <modeler:typeOfMapping><![CDATA[outputMap]]></modeler:typeOfMapping>
        </modeler:variablesMapping>
        <modeler:editor-resource-id><![CDATA[sid-574241A0-BE78-4064-878A-A1390038704E]]></modeler:editor-resource-id>
      </extensionElements>
    </userTask>
    <sequenceFlow id="sid-A9C51067-D2C6-4B2A-8763-A6F8D991408E" sourceRef="startEvent1" targetRef="sid-574241A0-BE78-4064-878A-A1390038704E">
      <extensionElements>
        <modeler:editor-resource-id><![CDATA[sid-A9C51067-D2C6-4B2A-8763-A6F8D991408E]]></modeler:editor-resource-id>
      </extensionElements>
    </sequenceFlow>
    <scriptTask id="sid-7F7BDA70-C204-4E7F-92E9-83A9CF25DC27" name="Calculation" scriptFormat="javascript" activiti:autoStoreVariables="false">
      <extensionElements>
        <modeler:editor-resource-id><![CDATA[sid-7F7BDA70-C204-4E7F-92E9-83A9CF25DC27]]></modeler:editor-resource-id>
      </extensionElements>
      <script><![CDATA[execution.setVariable("total", execution.getVariable("mark1")+execution.getVariable("mark2")+execution.getVariable("mark3"));
execution.setVariable("avg", execution.getVariable("total")/3);]]></script>
    </scriptTask>
    <serviceTask id="sid-B6E533BA-62A5-4163-BC35-65BDB6429A5A" name="Decision Contition" activiti:delegateExpression="${activiti_executeDecisionDelegate}">
      <extensionElements>
        <activiti:field name="decisionTableReferenceKey">
          <activiti:string><![CDATA[gradecalculate]]></activiti:string>
        </activiti:field>
        <modeler:decisiontable-reference modeler:decisiontablereferenceid="25040" modeler:decisiontablereferencename="grade calculate"/>
        <modeler:editor-resource-id><![CDATA[sid-B6E533BA-62A5-4163-BC35-65BDB6429A5A]]></modeler:editor-resource-id>
      </extensionElements>
    </serviceTask>
    <userTask id="sid-0E8FFFCF-18C7-4D3F-A2AF-F71EEBF2C8F9" name="Display Result" activiti:assignee="$INITIATOR" activiti:formKey="25037">
      <extensionElements>
        <modeler:allow-send-email><![CDATA[false]]></modeler:allow-send-email>
        <modeler:form-reference-id><![CDATA[25037]]></modeler:form-reference-id>
        <modeler:form-reference-name><![CDATA[Student Display]]></modeler:form-reference-name>
        <modeler:activiti-idm-initiator><![CDATA[true]]></modeler:activiti-idm-initiator>
        <modeler:editor-resource-id><![CDATA[sid-0E8FFFCF-18C7-4D3F-A2AF-F71EEBF2C8F9]]></modeler:editor-resource-id>
      </extensionElements>
    </userTask>
    <sequenceFlow id="sid-381FF2C3-38AC-4A93-BF78-57B412FC4CCC" sourceRef="sid-B6E533BA-62A5-4163-BC35-65BDB6429A5A" targetRef="sid-0E8FFFCF-18C7-4D3F-A2AF-F71EEBF2C8F9">
      <extensionElements>
        <modeler:editor-resource-id><![CDATA[sid-381FF2C3-38AC-4A93-BF78-57B412FC4CCC]]></modeler:editor-resource-id>
      </extensionElements>
    </sequenceFlow>
    <endEvent id="sid-F881EB7E-D30D-46BC-B2D6-64179B2AF2CA">
      <extensionElements>
        <modeler:editor-resource-id><![CDATA[sid-F881EB7E-D30D-46BC-B2D6-64179B2AF2CA]]></modeler:editor-resource-id>
      </extensionElements>
    </endEvent>
    <sequenceFlow id="sid-921C8F58-4C9E-4DA9-B301-BB171435C98C" sourceRef="sid-0E8FFFCF-18C7-4D3F-A2AF-F71EEBF2C8F9" targetRef="sid-F881EB7E-D30D-46BC-B2D6-64179B2AF2CA">
      <extensionElements>
        <modeler:editor-resource-id><![CDATA[sid-921C8F58-4C9E-4DA9-B301-BB171435C98C]]></modeler:editor-resource-id>
      </extensionElements>
    </sequenceFlow>
    <sequenceFlow id="sid-C060F718-0D28-41B3-8B0E-CEFBF3C6B591" sourceRef="sid-7F7BDA70-C204-4E7F-92E9-83A9CF25DC27" targetRef="sid-B6E533BA-62A5-4163-BC35-65BDB6429A5A">
      <extensionElements>
        <modeler:editor-resource-id><![CDATA[sid-C060F718-0D28-41B3-8B0E-CEFBF3C6B591]]></modeler:editor-resource-id>
      </extensionElements>
    </sequenceFlow>
    <sequenceFlow id="sid-2AB2287E-61FB-4021-82A0-7FF4E4DC24F1" sourceRef="sid-574241A0-BE78-4064-878A-A1390038704E" targetRef="sid-7F7BDA70-C204-4E7F-92E9-83A9CF25DC27">
      <extensionElements>
        <modeler:editor-resource-id><![CDATA[sid-2AB2287E-61FB-4021-82A0-7FF4E4DC24F1]]></modeler:editor-resource-id>
      </extensionElements>
    </sequenceFlow>
  </process>
  <bpmndi:BPMNDiagram id="BPMNDiagram_DecisionExample1">
    <bpmndi:BPMNPlane bpmnElement="DecisionExample1" id="BPMNPlane_DecisionExample1">
      <bpmndi:BPMNShape bpmnElement="startEvent1" id="BPMNShape_startEvent1">
        <omgdc:Bounds height="30.0" width="30.0" x="100.0" y="90.0"/>
      </bpmndi:BPMNShape>
      <bpmndi:BPMNShape bpmnElement="sid-574241A0-BE78-4064-878A-A1390038704E" id="BPMNShape_sid-574241A0-BE78-4064-878A-A1390038704E">
        <omgdc:Bounds height="80.0" width="100.0" x="195.0" y="60.0"/>
      </bpmndi:BPMNShape>
      <bpmndi:BPMNShape bpmnElement="sid-7F7BDA70-C204-4E7F-92E9-83A9CF25DC27" id="BPMNShape_sid-7F7BDA70-C204-4E7F-92E9-83A9CF25DC27">
        <omgdc:Bounds height="80.0" width="100.0" x="360.0" y="60.0"/>
      </bpmndi:BPMNShape>
      <bpmndi:BPMNShape bpmnElement="sid-B6E533BA-62A5-4163-BC35-65BDB6429A5A" id="BPMNShape_sid-B6E533BA-62A5-4163-BC35-65BDB6429A5A">
        <omgdc:Bounds height="80.0" width="100.0" x="540.0" y="60.0"/>
      </bpmndi:BPMNShape>
      <bpmndi:BPMNShape bpmnElement="sid-0E8FFFCF-18C7-4D3F-A2AF-F71EEBF2C8F9" id="BPMNShape_sid-0E8FFFCF-18C7-4D3F-A2AF-F71EEBF2C8F9">
        <omgdc:Bounds height="80.0" width="100.0" x="690.0" y="60.0"/>
      </bpmndi:BPMNShape>
      <bpmndi:BPMNShape bpmnElement="sid-F881EB7E-D30D-46BC-B2D6-64179B2AF2CA" id="BPMNShape_sid-F881EB7E-D30D-46BC-B2D6-64179B2AF2CA">
        <omgdc:Bounds height="28.0" width="28.0" x="864.5" y="86.0"/>
      </bpmndi:BPMNShape>
      <bpmndi:BPMNEdge bpmnElement="sid-2AB2287E-61FB-4021-82A0-7FF4E4DC24F1" id="BPMNEdge_sid-2AB2287E-61FB-4021-82A0-7FF4E4DC24F1">
        <omgdi:waypoint x="295.0" y="100.0"/>
        <omgdi:waypoint x="360.0" y="100.0"/>
      </bpmndi:BPMNEdge>
      <bpmndi:BPMNEdge bpmnElement="sid-921C8F58-4C9E-4DA9-B301-BB171435C98C" id="BPMNEdge_sid-921C8F58-4C9E-4DA9-B301-BB171435C98C">
        <omgdi:waypoint x="790.0" y="100.0"/>
        <omgdi:waypoint x="864.5" y="100.0"/>
      </bpmndi:BPMNEdge>
      <bpmndi:BPMNEdge bpmnElement="sid-381FF2C3-38AC-4A93-BF78-57B412FC4CCC" id="BPMNEdge_sid-381FF2C3-38AC-4A93-BF78-57B412FC4CCC">
        <omgdi:waypoint x="640.0" y="100.0"/>
        <omgdi:waypoint x="690.0" y="100.0"/>
      </bpmndi:BPMNEdge>
      <bpmndi:BPMNEdge bpmnElement="sid-C060F718-0D28-41B3-8B0E-CEFBF3C6B591" id="BPMNEdge_sid-C060F718-0D28-41B3-8B0E-CEFBF3C6B591">
        <omgdi:waypoint x="460.0" y="100.0"/>
        <omgdi:waypoint x="540.0" y="100.0"/>
      </bpmndi:BPMNEdge>
      <bpmndi:BPMNEdge bpmnElement="sid-A9C51067-D2C6-4B2A-8763-A6F8D991408E" id="BPMNEdge_sid-A9C51067-D2C6-4B2A-8763-A6F8D991408E">
        <omgdi:waypoint x="129.9889176194697" y="104.42350316848193"/>
        <omgdi:waypoint x="195.0" y="101.92307692307693"/>
      </bpmndi:BPMNEdge>
    </bpmndi:BPMNPlane>
  </bpmndi:BPMNDiagram>
</definitions>