{"resourceId":13013,"properties":{"process_id":"TestDocGenerate","name":"Test Doc Generate","documentation":"","process_author":"","process_version":"","process_namespace":"http://www.activiti.org/processdef","executionlisteners":"","eventlisteners":"","signaldefinitions":"","messagedefinitions":"","executionvariables":"[{\"variableName\":\"name\",\"variableType\":\"string\",\"$$hashKey\":\"uiGrid-0007\"},{\"variableName\":\"course\",\"variableType\":\"string\",\"$$hashKey\":\"uiGrid-0009\"},{\"variableName\":\"rollno\",\"variableType\":\"string\",\"$$hashKey\":\"uiGrid-000B\"},{\"variableName\":\"batch\",\"variableType\":\"string\",\"$$hashKey\":\"uiGrid-000D\"},{\"variableName\":\"year\",\"variableType\":\"string\",\"$$hashKey\":\"uiGrid-000F\"},{\"variableName\":\"email\",\"variableType\":\"string\",\"$$hashKey\":\"uiGrid-000H\"},{\"variableName\":\"blood\",\"variableType\":\"string\",\"$$hashKey\":\"uiGrid-000L\"},{\"variableName\":\"phone\",\"variableType\":\"string\",\"$$hashKey\":\"uiGrid-000N\"},{\"variableName\":\"street\",\"variableType\":\"string\",\"$$hashKey\":\"uiGrid-000P\"},{\"variableName\":\"post\",\"variableType\":\"string\",\"$$hashKey\":\"uiGrid-000R\"},{\"variableName\":\"talk\",\"variableType\":\"string\",\"$$hashKey\":\"uiGrid-000T\"},{\"variableName\":\"dist\",\"variableType\":\"string\",\"$$hashKey\":\"uiGrid-000V\"},{\"variableName\":\"pin\",\"variableType\":\"string\",\"$$hashKey\":\"uiGrid-000X\"},{\"variableName\":\"dateofbirth\",\"variableType\":\"string\",\"$$hashKey\":\"uiGrid-000Z\"}]","metadata":""},"stencil":{"id":"BPMNDiagram"},"childShapes":[{"resourceId":"startEvent1","properties":{"overrideid":"","name":"","documentation":"","executionlisteners":"","initiator":"","formkeydefinition":"","formreference":"","fieldstovariables":"","formproperties":""},"stencil":{"id":"StartNoneEvent"},"childShapes":[],"outgoing":[{"resourceId":"sid-5D4D4C35-6F1A-4F4C-BDA4-705D1699D2D1"}],"bounds":{"lowerRight":{"x":130,"y":105},"upperLeft":{"x":100,"y":75}},"dockers":[]},{"resourceId":"sid-E1676B1A-3BAD-4745-84CF-33D2A7F6A082","properties":{"scriptformat":"javascript","scripttext":"execution.setVariable(\"rollno\",\"R-\"+execution.getProcessInstanceId());\r\n\r\n//var myDate = new Date(execution.getVariable('dob'));\r\n//var t = myDate.toISOString();\r\n//var t = myDate.toString();\r\n\r\n/*var todayTime=new Date(execution.getVariable(\"dob\"));\r\nvar month = todayTime.getMonth() + 1;\r\nvar day = todayTime.getDate();\r\nvar year1 = todayTime.getFullYear();\r\nvar t=day+\"/\"+month+\"/\"+year1;*/\r\n\r\n\r\n//execution.setVariable(\"dateofbirth\",execution.getVariable(\"dob\"));","executionvariables":"","overrideid":"","name":"Value Initialization","documentation":"","asynchronousdefinition":"false","exclusivedefinition":"false","executionlisteners":"","multiinstance_type":"None","multiinstance_cardinality":"","multiinstance_collection":"","multiinstance_variable":"","multiinstance_condition":"","isforcompensation":"false"},"stencil":{"id":"ScriptTask"},"childShapes":[],"outgoing":[{"resourceId":"sid-3240F5E0-51D4-42E4-B98E-FB5FDEC5B13F"}],"bounds":{"lowerRight":{"x":400,"y":125},"upperLeft":{"x":300,"y":45}},"dockers":[]},{"resourceId":"sid-43896225-533A-40E1-94AC-CC95D6B2E9C3","properties":{"overrideid":"testdoc","name":"pdf generate","documentation":"","generatedocumenttemplate":{"id":2002,"name":"College ID.docx"},"generatedocumenttaskoutputformat":"pdf","executionvariable_document":{"variableName":"processId","variableType":"document"},"generatedocumentfilename":"ID Card","additionaldatasources_document":"","additionaldatasourcenames_document":""},"stencil":{"id":"GenerateDocumentTask"},"childShapes":[],"outgoing":[{"resourceId":"sid-50C60289-4DE2-411A-8468-F32B907261D6"}],"bounds":{"lowerRight":{"x":565,"y":125},"upperLeft":{"x":465,"y":45}},"dockers":[]},{"resourceId":"sid-3240F5E0-51D4-42E4-B98E-FB5FDEC5B13F","properties":{"overrideid":"","name":"","documentation":"","conditionsequenceflow":"","executionlisteners":"","defaultflow":"false"},"stencil":{"id":"SequenceFlow"},"childShapes":[],"outgoing":[{"resourceId":"sid-43896225-533A-40E1-94AC-CC95D6B2E9C3"}],"bounds":{"lowerRight":{"x":464.37109375,"y":85},"upperLeft":{"x":400.62890625,"y":85}},"dockers":[{"x":50,"y":40},{"x":50,"y":40}],"target":{"resourceId":"sid-43896225-533A-40E1-94AC-CC95D6B2E9C3"}},{"resourceId":"sid-29FFCA0A-ADC0-470E-8E7E-30627943FB3D","properties":{"overrideid":"","name":"","documentation":"","executionlisteners":""},"stencil":{"id":"EndNoneEvent"},"childShapes":[],"outgoing":[],"bounds":{"lowerRight":{"x":628,"y":104},"upperLeft":{"x":600,"y":76}},"dockers":[]},{"resourceId":"sid-50C60289-4DE2-411A-8468-F32B907261D6","properties":{"overrideid":"","name":"","documentation":"","conditionsequenceflow":"","executionlisteners":"","defaultflow":"false"},"stencil":{"id":"SequenceFlow"},"childShapes":[],"outgoing":[{"resourceId":"sid-29FFCA0A-ADC0-470E-8E7E-30627943FB3D"}],"bounds":{"lowerRight":{"x":599.0793979453466,"y":89.24643423966397},"upperLeft":{"x":565.4987270546534,"y":87.55044076033603}},"dockers":[{"x":50,"y":40},{"x":14,"y":14}],"target":{"resourceId":"sid-29FFCA0A-ADC0-470E-8E7E-30627943FB3D"}},{"resourceId":"sid-5A051869-1138-42CD-A8C4-B1B6C839054C","properties":{"overrideid":"","name":"Fill the Student  Details","documentation":"","asynchronousdefinition":"false","exclusivedefinition":"false","executionlisteners":"","multiinstance_type":"None","multiinstance_cardinality":"","multiinstance_collection":"","multiinstance_variable":"","multiinstance_condition":"","isforcompensation":"false","usertasksendemail":false,"usertaskassignment":"","formkeydefinition":"","formreference":{"id":24024,"name":"Id Card Data","referenceId":null,"variablesmapping":[{"mappedVariable":"batch","inProcessVariable":"","outProcessVariable":"batch","typeOfMapping":"outputMap","inVariableType":"formField","outVariableType":"restResponse"},{"mappedVariable":"bloodgroup","inProcessVariable":"","outProcessVariable":"blood","typeOfMapping":"outputMap","inVariableType":"formField","outVariableType":"restResponse"},{"mappedVariable":"post","inProcessVariable":"","outProcessVariable":"post","typeOfMapping":"outputMap","inVariableType":"formField","outVariableType":"restResponse"},{"mappedVariable":"course","inProcessVariable":"","outProcessVariable":"course","typeOfMapping":"outputMap","inVariableType":"formField","outVariableType":"restResponse"},{"mappedVariable":"dist","inProcessVariable":"","outProcessVariable":"dist","typeOfMapping":"outputMap","inVariableType":"formField","outVariableType":"restResponse"},{"mappedVariable":"email","inProcessVariable":"","outProcessVariable":"email","typeOfMapping":"outputMap","inVariableType":"formField","outVariableType":"restResponse"},{"mappedVariable":"name","inProcessVariable":"","outProcessVariable":"name","typeOfMapping":"outputMap","inVariableType":"formField","outVariableType":"restResponse"},{"mappedVariable":"phonenumber","inProcessVariable":"","outProcessVariable":"phone","typeOfMapping":"outputMap","inVariableType":"formField","outVariableType":"restResponse"},{"mappedVariable":"pin","inProcessVariable":"","outProcessVariable":"pin","typeOfMapping":"outputMap","inVariableType":"formField","outVariableType":"restResponse"},{"mappedVariable":"street","inProcessVariable":"","outProcessVariable":"street","typeOfMapping":"outputMap","inVariableType":"formField","outVariableType":"restResponse"},{"mappedVariable":"talk","inProcessVariable":"","outProcessVariable":"talk","typeOfMapping":"outputMap","inVariableType":"formField","outVariableType":"restResponse"},{"mappedVariable":"year","inProcessVariable":"","outProcessVariable":"year","typeOfMapping":"outputMap","inVariableType":"formField","outVariableType":"restResponse"}]},"fieldstovariables":"","duedatedefinition":"","prioritydefinition":"","categorydefinition":"","formproperties":"","tasklisteners":"","emailtemplate":""},"stencil":{"id":"UserTask"},"childShapes":[],"outgoing":[{"resourceId":"sid-17C8E58C-B5BC-40BB-BF80-9601E0932CCA"}],"bounds":{"lowerRight":{"x":265,"y":125},"upperLeft":{"x":165,"y":45}},"dockers":[]},{"resourceId":"sid-5D4D4C35-6F1A-4F4C-BDA4-705D1699D2D1","properties":{"overrideid":"","name":"","documentation":"","conditionsequenceflow":"","executionlisteners":"","defaultflow":"false"},"stencil":{"id":"SequenceFlow"},"childShapes":[],"outgoing":[{"resourceId":"sid-5A051869-1138-42CD-A8C4-B1B6C839054C"}],"bounds":{"lowerRight":{"x":164.78249766112216,"y":89.2469373830561},"upperLeft":{"x":130.06125233887784,"y":87.5108751169439}},"dockers":[{"x":15,"y":15},{"x":50,"y":40}],"target":{"resourceId":"sid-5A051869-1138-42CD-A8C4-B1B6C839054C"}},{"resourceId":"sid-17C8E58C-B5BC-40BB-BF80-9601E0932CCA","properties":{"overrideid":"","name":"","documentation":"","conditionsequenceflow":"","executionlisteners":"","defaultflow":"false"},"stencil":{"id":"SequenceFlow"},"childShapes":[],"outgoing":[{"resourceId":"sid-E1676B1A-3BAD-4745-84CF-33D2A7F6A082"}],"bounds":{"lowerRight":{"x":299.4296875,"y":85},"upperLeft":{"x":265.5703125,"y":85}},"dockers":[{"x":50,"y":40},{"x":50,"y":40}],"target":{"resourceId":"sid-E1676B1A-3BAD-4745-84CF-33D2A7F6A082"}}],"bounds":{"lowerRight":{"x":1200,"y":1050},"upperLeft":{"x":0,"y":0}},"stencilset":{"url":"stencilsets/bpmn2.0/bpmn2.0.json","namespace":"http://b3mn.org/stencilset/bpmn2.0#"},"ssextensions":[]}