<?xml version='1.0' encoding='UTF-8'?>
<definitions xmlns="http://www.omg.org/spec/BPMN/20100524/MODEL" xmlns:xsi="http://www.w3.org/2001/XMLSchema-instance" xmlns:xsd="http://www.w3.org/2001/XMLSchema" xmlns:activiti="http://activiti.org/bpmn" xmlns:bpmndi="http://www.omg.org/spec/BPMN/20100524/DI" xmlns:omgdc="http://www.omg.org/spec/DD/20100524/DC" xmlns:omgdi="http://www.omg.org/spec/DD/20100524/DI" typeLanguage="http://www.w3.org/2001/XMLSchema" expressionLanguage="http://www.w3.org/1999/XPath" targetNamespace="http://www.activiti.org/processdef" xmlns:modeler="http://activiti.com/modeler" modeler:version="1.0en" modeler:exportDateTime="20190610155331351" modeler:modelId="13013" modeler:modelVersion="20" modeler:modelLastUpdated="1560162144143">
  <process id="TestDocGenerate" name="Test Doc Generate" isExecutable="true">
    <extensionElements>
      <modeler:executionvariables xmlns:modeler="http://activiti.com/modeler" modeler:variableName="name" modeler:variableType="string"/>
      <modeler:executionvariables xmlns:modeler="http://activiti.com/modeler" modeler:variableName="course" modeler:variableType="string"/>
      <modeler:executionvariables xmlns:modeler="http://activiti.com/modeler" modeler:variableName="rollno" modeler:variableType="string"/>
      <modeler:executionvariables xmlns:modeler="http://activiti.com/modeler" modeler:variableName="batch" modeler:variableType="string"/>
      <modeler:executionvariables xmlns:modeler="http://activiti.com/modeler" modeler:variableName="year" modeler:variableType="string"/>
      <modeler:executionvariables xmlns:modeler="http://activiti.com/modeler" modeler:variableName="email" modeler:variableType="string"/>
      <modeler:executionvariables xmlns:modeler="http://activiti.com/modeler" modeler:variableName="blood" modeler:variableType="string"/>
      <modeler:executionvariables xmlns:modeler="http://activiti.com/modeler" modeler:variableName="phone" modeler:variableType="string"/>
      <modeler:executionvariables xmlns:modeler="http://activiti.com/modeler" modeler:variableName="street" modeler:variableType="string"/>
      <modeler:executionvariables xmlns:modeler="http://activiti.com/modeler" modeler:variableName="post" modeler:variableType="string"/>
      <modeler:executionvariables xmlns:modeler="http://activiti.com/modeler" modeler:variableName="talk" modeler:variableType="string"/>
      <modeler:executionvariables xmlns:modeler="http://activiti.com/modeler" modeler:variableName="dist" modeler:variableType="string"/>
      <modeler:executionvariables xmlns:modeler="http://activiti.com/modeler" modeler:variableName="pin" modeler:variableType="string"/>
      <modeler:executionvariables xmlns:modeler="http://activiti.com/modeler" modeler:variableName="dateofbirth" modeler:variableType="string"/>
    </extensionElements>
    <startEvent id="startEvent1">
      <extensionElements>
        <modeler:editor-resource-id><![CDATA[startEvent1]]></modeler:editor-resource-id>
      </extensionElements>
    </startEvent>
    <scriptTask id="sid-E1676B1A-3BAD-4745-84CF-33D2A7F6A082" name="Value Initialization" scriptFormat="javascript" activiti:autoStoreVariables="false">
      <extensionElements>
        <modeler:editor-resource-id><![CDATA[sid-E1676B1A-3BAD-4745-84CF-33D2A7F6A082]]></modeler:editor-resource-id>
      </extensionElements>
      <script><![CDATA[execution.setVariable("rollno","R-"+execution.getProcessInstanceId());

//var myDate = new Date(execution.getVariable('dob'));
//var t = myDate.toISOString();
//var t = myDate.toString();

/*var todayTime=new Date(execution.getVariable("dob"));
var month = todayTime.getMonth() + 1;
var day = todayTime.getDate();
var year1 = todayTime.getFullYear();
var t=day+"/"+month+"/"+year1;*/


//execution.setVariable("dateofbirth",execution.getVariable("dob"));]]></script>
    </scriptTask>
    <serviceTask id="testdoc" name="pdf generate" activiti:async="true" activiti:delegateExpression="${activiti_generateDocumentDelegate}">
      <extensionElements>
        <activiti:field name="outputFormat">
          <activiti:string><![CDATA[pdf]]></activiti:string>
        </activiti:field>
        <activiti:field name="templateId">
          <activiti:string><![CDATA[2002]]></activiti:string>
        </activiti:field>
        <activiti:field name="templateName">
          <activiti:string><![CDATA[College ID.docx]]></activiti:string>
        </activiti:field>
        <activiti:field name="fileName">
          <activiti:string><![CDATA[ID Card]]></activiti:string>
        </activiti:field>
        <activiti:field name="variableName">
          <activiti:string><![CDATA[processId]]></activiti:string>
        </activiti:field>
        <modeler:executionvariables modeler:variableName="processId" modeler:variableType="document"/>
        <modeler:editor-resource-id><![CDATA[sid-43896225-533A-40E1-94AC-CC95D6B2E9C3]]></modeler:editor-resource-id>
      </extensionElements>
    </serviceTask>
    <sequenceFlow id="sid-3240F5E0-51D4-42E4-B98E-FB5FDEC5B13F" sourceRef="sid-E1676B1A-3BAD-4745-84CF-33D2A7F6A082" targetRef="testdoc">
      <extensionElements>
        <modeler:editor-resource-id><![CDATA[sid-3240F5E0-51D4-42E4-B98E-FB5FDEC5B13F]]></modeler:editor-resource-id>
      </extensionElements>
    </sequenceFlow>
    <endEvent id="sid-29FFCA0A-ADC0-470E-8E7E-30627943FB3D">
      <extensionElements>
        <modeler:editor-resource-id><![CDATA[sid-29FFCA0A-ADC0-470E-8E7E-30627943FB3D]]></modeler:editor-resource-id>
      </extensionElements>
    </endEvent>
    <sequenceFlow id="sid-50C60289-4DE2-411A-8468-F32B907261D6" sourceRef="testdoc" targetRef="sid-29FFCA0A-ADC0-470E-8E7E-30627943FB3D">
      <extensionElements>
        <modeler:editor-resource-id><![CDATA[sid-50C60289-4DE2-411A-8468-F32B907261D6]]></modeler:editor-resource-id>
      </extensionElements>
    </sequenceFlow>
    <userTask id="sid-5A051869-1138-42CD-A8C4-B1B6C839054C" name="Fill the Student  Details" activiti:assignee="$INITIATOR" activiti:formKey="24024">
      <extensionElements>
        <modeler:allow-send-email><![CDATA[false]]></modeler:allow-send-email>
        <modeler:form-reference-id><![CDATA[24024]]></modeler:form-reference-id>
        <modeler:form-reference-name><![CDATA[Id Card Data]]></modeler:form-reference-name>
        <modeler:activiti-idm-initiator><![CDATA[true]]></modeler:activiti-idm-initiator>
        <modeler:variablesMapping>
          <modeler:mappedVariable><![CDATA[batch]]></modeler:mappedVariable>
          <modeler:outProcessVariable><![CDATA[batch]]></modeler:outProcessVariable>
          <modeler:inVariableType><![CDATA[formField]]></modeler:inVariableType>
          <modeler:outVariableType><![CDATA[restResponse]]></modeler:outVariableType>
          <modeler:typeOfMapping><![CDATA[outputMap]]></modeler:typeOfMapping>
        </modeler:variablesMapping>
        <modeler:variablesMapping>
          <modeler:mappedVariable><![CDATA[bloodgroup]]></modeler:mappedVariable>
          <modeler:outProcessVariable><![CDATA[blood]]></modeler:outProcessVariable>
          <modeler:inVariableType><![CDATA[formField]]></modeler:inVariableType>
          <modeler:outVariableType><![CDATA[restResponse]]></modeler:outVariableType>
          <modeler:typeOfMapping><![CDATA[outputMap]]></modeler:typeOfMapping>
        </modeler:variablesMapping>
        <modeler:variablesMapping>
          <modeler:mappedVariable><![CDATA[post]]></modeler:mappedVariable>
          <modeler:outProcessVariable><![CDATA[post]]></modeler:outProcessVariable>
          <modeler:inVariableType><![CDATA[formField]]></modeler:inVariableType>
          <modeler:outVariableType><![CDATA[restResponse]]></modeler:outVariableType>
          <modeler:typeOfMapping><![CDATA[outputMap]]></modeler:typeOfMapping>
        </modeler:variablesMapping>
        <modeler:variablesMapping>
          <modeler:mappedVariable><![CDATA[course]]></modeler:mappedVariable>
          <modeler:outProcessVariable><![CDATA[course]]></modeler:outProcessVariable>
          <modeler:inVariableType><![CDATA[formField]]></modeler:inVariableType>
          <modeler:outVariableType><![CDATA[restResponse]]></modeler:outVariableType>
          <modeler:typeOfMapping><![CDATA[outputMap]]></modeler:typeOfMapping>
        </modeler:variablesMapping>
        <modeler:variablesMapping>
          <modeler:mappedVariable><![CDATA[dist]]></modeler:mappedVariable>
          <modeler:outProcessVariable><![CDATA[dist]]></modeler:outProcessVariable>
          <modeler:inVariableType><![CDATA[formField]]></modeler:inVariableType>
          <modeler:outVariableType><![CDATA[restResponse]]></modeler:outVariableType>
          <modeler:typeOfMapping><![CDATA[outputMap]]></modeler:typeOfMapping>
        </modeler:variablesMapping>
        <modeler:variablesMapping>
          <modeler:mappedVariable><![CDATA[email]]></modeler:mappedVariable>
          <modeler:outProcessVariable><![CDATA[email]]></modeler:outProcessVariable>
          <modeler:inVariableType><![CDATA[formField]]></modeler:inVariableType>
          <modeler:outVariableType><![CDATA[restResponse]]></modeler:outVariableType>
          <modeler:typeOfMapping><![CDATA[outputMap]]></modeler:typeOfMapping>
        </modeler:variablesMapping>
        <modeler:variablesMapping>
          <modeler:mappedVariable><![CDATA[name]]></modeler:mappedVariable>
          <modeler:outProcessVariable><![CDATA[name]]></modeler:outProcessVariable>
          <modeler:inVariableType><![CDATA[formField]]></modeler:inVariableType>
          <modeler:outVariableType><![CDATA[restResponse]]></modeler:outVariableType>
          <modeler:typeOfMapping><![CDATA[outputMap]]></modeler:typeOfMapping>
        </modeler:variablesMapping>
        <modeler:variablesMapping>
          <modeler:mappedVariable><![CDATA[phonenumber]]></modeler:mappedVariable>
          <modeler:outProcessVariable><![CDATA[phone]]></modeler:outProcessVariable>
          <modeler:inVariableType><![CDATA[formField]]></modeler:inVariableType>
          <modeler:outVariableType><![CDATA[restResponse]]></modeler:outVariableType>
          <modeler:typeOfMapping><![CDATA[outputMap]]></modeler:typeOfMapping>
        </modeler:variablesMapping>
        <modeler:variablesMapping>
          <modeler:mappedVariable><![CDATA[pin]]></modeler:mappedVariable>
          <modeler:outProcessVariable><![CDATA[pin]]></modeler:outProcessVariable>
          <modeler:inVariableType><![CDATA[formField]]></modeler:inVariableType>
          <modeler:outVariableType><![CDATA[restResponse]]></modeler:outVariableType>
          <modeler:typeOfMapping><![CDATA[outputMap]]></modeler:typeOfMapping>
        </modeler:variablesMapping>
        <modeler:variablesMapping>
          <modeler:mappedVariable><![CDATA[street]]></modeler:mappedVariable>
          <modeler:outProcessVariable><![CDATA[street]]></modeler:outProcessVariable>
          <modeler:inVariableType><![CDATA[formField]]></modeler:inVariableType>
          <modeler:outVariableType><![CDATA[restResponse]]></modeler:outVariableType>
          <modeler:typeOfMapping><![CDATA[outputMap]]></modeler:typeOfMapping>
        </modeler:variablesMapping>
        <modeler:variablesMapping>
          <modeler:mappedVariable><![CDATA[talk]]></modeler:mappedVariable>
          <modeler:outProcessVariable><![CDATA[talk]]></modeler:outProcessVariable>
          <modeler:inVariableType><![CDATA[formField]]></modeler:inVariableType>
          <modeler:outVariableType><![CDATA[restResponse]]></modeler:outVariableType>
          <modeler:typeOfMapping><![CDATA[outputMap]]></modeler:typeOfMapping>
        </modeler:variablesMapping>
        <modeler:variablesMapping>
          <modeler:mappedVariable><![CDATA[year]]></modeler:mappedVariable>
          <modeler:outProcessVariable><![CDATA[year]]></modeler:outProcessVariable>
          <modeler:inVariableType><![CDATA[formField]]></modeler:inVariableType>
          <modeler:outVariableType><![CDATA[restResponse]]></modeler:outVariableType>
          <modeler:typeOfMapping><![CDATA[outputMap]]></modeler:typeOfMapping>
        </modeler:variablesMapping>
        <modeler:editor-resource-id><![CDATA[sid-5A051869-1138-42CD-A8C4-B1B6C839054C]]></modeler:editor-resource-id>
      </extensionElements>
    </userTask>
    <sequenceFlow id="sid-5D4D4C35-6F1A-4F4C-BDA4-705D1699D2D1" sourceRef="startEvent1" targetRef="sid-5A051869-1138-42CD-A8C4-B1B6C839054C">
      <extensionElements>
        <modeler:editor-resource-id><![CDATA[sid-5D4D4C35-6F1A-4F4C-BDA4-705D1699D2D1]]></modeler:editor-resource-id>
      </extensionElements>
    </sequenceFlow>
    <sequenceFlow id="sid-17C8E58C-B5BC-40BB-BF80-9601E0932CCA" sourceRef="sid-5A051869-1138-42CD-A8C4-B1B6C839054C" targetRef="sid-E1676B1A-3BAD-4745-84CF-33D2A7F6A082">
      <extensionElements>
        <modeler:editor-resource-id><![CDATA[sid-17C8E58C-B5BC-40BB-BF80-9601E0932CCA]]></modeler:editor-resource-id>
      </extensionElements>
    </sequenceFlow>
  </process>
  <bpmndi:BPMNDiagram id="BPMNDiagram_TestDocGenerate">
    <bpmndi:BPMNPlane bpmnElement="TestDocGenerate" id="BPMNPlane_TestDocGenerate">
      <bpmndi:BPMNShape bpmnElement="startEvent1" id="BPMNShape_startEvent1">
        <omgdc:Bounds height="30.0" width="30.0" x="100.0" y="75.0"/>
      </bpmndi:BPMNShape>
      <bpmndi:BPMNShape bpmnElement="sid-E1676B1A-3BAD-4745-84CF-33D2A7F6A082" id="BPMNShape_sid-E1676B1A-3BAD-4745-84CF-33D2A7F6A082">
        <omgdc:Bounds height="80.0" width="100.0" x="300.0" y="45.0"/>
      </bpmndi:BPMNShape>
      <bpmndi:BPMNShape bpmnElement="testdoc" id="BPMNShape_testdoc">
        <omgdc:Bounds height="80.0" width="100.0" x="465.0" y="45.0"/>
      </bpmndi:BPMNShape>
      <bpmndi:BPMNShape bpmnElement="sid-29FFCA0A-ADC0-470E-8E7E-30627943FB3D" id="BPMNShape_sid-29FFCA0A-ADC0-470E-8E7E-30627943FB3D">
        <omgdc:Bounds height="28.0" width="28.0" x="600.0" y="76.0"/>
      </bpmndi:BPMNShape>
      <bpmndi:BPMNShape bpmnElement="sid-5A051869-1138-42CD-A8C4-B1B6C839054C" id="BPMNShape_sid-5A051869-1138-42CD-A8C4-B1B6C839054C">
        <omgdc:Bounds height="80.0" width="100.0" x="165.0" y="45.0"/>
      </bpmndi:BPMNShape>
      <bpmndi:BPMNEdge bpmnElement="sid-5D4D4C35-6F1A-4F4C-BDA4-705D1699D2D1" id="BPMNEdge_sid-5D4D4C35-6F1A-4F4C-BDA4-705D1699D2D1">
        <omgdi:waypoint x="129.98128508316768" y="89.25093574584162"/>
        <omgdi:waypoint x="165.0" y="87.5"/>
      </bpmndi:BPMNEdge>
      <bpmndi:BPMNEdge bpmnElement="sid-17C8E58C-B5BC-40BB-BF80-9601E0932CCA" id="BPMNEdge_sid-17C8E58C-B5BC-40BB-BF80-9601E0932CCA">
        <omgdi:waypoint x="265.0" y="85.0"/>
        <omgdi:waypoint x="300.0" y="85.0"/>
      </bpmndi:BPMNEdge>
      <bpmndi:BPMNEdge bpmnElement="sid-50C60289-4DE2-411A-8468-F32B907261D6" id="BPMNEdge_sid-50C60289-4DE2-411A-8468-F32B907261D6">
        <omgdi:waypoint x="565.0" y="87.52525252525253"/>
        <omgdi:waypoint x="600.0178212348519" y="89.29382935529556"/>
      </bpmndi:BPMNEdge>
      <bpmndi:BPMNEdge bpmnElement="sid-3240F5E0-51D4-42E4-B98E-FB5FDEC5B13F" id="BPMNEdge_sid-3240F5E0-51D4-42E4-B98E-FB5FDEC5B13F">
        <omgdi:waypoint x="400.0" y="85.0"/>
        <omgdi:waypoint x="465.0" y="85.0"/>
      </bpmndi:BPMNEdge>
    </bpmndi:BPMNPlane>
  </bpmndi:BPMNDiagram>
</definitions>