<?xml version='1.0' encoding='UTF-8'?>
<definitions xmlns="http://www.omg.org/spec/BPMN/20100524/MODEL" xmlns:xsi="http://www.w3.org/2001/XMLSchema-instance" xmlns:xsd="http://www.w3.org/2001/XMLSchema" xmlns:activiti="http://activiti.org/bpmn" xmlns:bpmndi="http://www.omg.org/spec/BPMN/20100524/DI" xmlns:omgdc="http://www.omg.org/spec/DD/20100524/DC" xmlns:omgdi="http://www.omg.org/spec/DD/20100524/DI" typeLanguage="http://www.w3.org/2001/XMLSchema" expressionLanguage="http://www.w3.org/1999/XPath" targetNamespace="http://www.activiti.org/processdef" xmlns:modeler="http://activiti.com/modeler" modeler:version="1.0en" modeler:exportDateTime="20190610155331304" modeler:modelId="17017" modeler:modelVersion="33" modeler:modelLastUpdated="1560162143937">
  <process id="GatewaysExample" name="Gateways Example" isExecutable="true">
    <extensionElements>
      <modeler:executionvariables xmlns:modeler="http://activiti.com/modeler" modeler:variableName="name" modeler:variableType="string"/>
      <modeler:executionvariables xmlns:modeler="http://activiti.com/modeler" modeler:variableName="salary" modeler:variableType="integer"/>
      <modeler:executionvariables xmlns:modeler="http://activiti.com/modeler" modeler:variableName="experience" modeler:variableType="integer"/>
    </extensionElements>
    <startEvent id="startEvent1">
      <extensionElements>
        <modeler:editor-resource-id><![CDATA[startEvent1]]></modeler:editor-resource-id>
      </extensionElements>
    </startEvent>
    <userTask id="sid-662F9ECB-0FD8-4969-9B12-82E7C43AB1E0" name="User Details" activiti:assignee="$INITIATOR" activiti:formKey="17018">
      <extensionElements>
        <modeler:allow-send-email><![CDATA[false]]></modeler:allow-send-email>
        <modeler:form-reference-id><![CDATA[17018]]></modeler:form-reference-id>
        <modeler:form-reference-name><![CDATA[GatewaysExamples1]]></modeler:form-reference-name>
        <modeler:activiti-idm-initiator><![CDATA[true]]></modeler:activiti-idm-initiator>
        <modeler:variablesMapping>
          <modeler:mappedVariable><![CDATA[experience]]></modeler:mappedVariable>
          <modeler:outProcessVariable><![CDATA[experience]]></modeler:outProcessVariable>
          <modeler:inVariableType><![CDATA[formField]]></modeler:inVariableType>
          <modeler:outVariableType><![CDATA[restResponse]]></modeler:outVariableType>
          <modeler:typeOfMapping><![CDATA[outputMap]]></modeler:typeOfMapping>
        </modeler:variablesMapping>
        <modeler:variablesMapping>
          <modeler:mappedVariable><![CDATA[name]]></modeler:mappedVariable>
          <modeler:outProcessVariable><![CDATA[name]]></modeler:outProcessVariable>
          <modeler:inVariableType><![CDATA[formField]]></modeler:inVariableType>
          <modeler:outVariableType><![CDATA[restResponse]]></modeler:outVariableType>
          <modeler:typeOfMapping><![CDATA[outputMap]]></modeler:typeOfMapping>
        </modeler:variablesMapping>
        <modeler:variablesMapping>
          <modeler:mappedVariable><![CDATA[salary]]></modeler:mappedVariable>
          <modeler:outProcessVariable><![CDATA[salary]]></modeler:outProcessVariable>
          <modeler:inVariableType><![CDATA[formField]]></modeler:inVariableType>
          <modeler:outVariableType><![CDATA[restResponse]]></modeler:outVariableType>
          <modeler:typeOfMapping><![CDATA[outputMap]]></modeler:typeOfMapping>
        </modeler:variablesMapping>
        <modeler:editor-resource-id><![CDATA[sid-662F9ECB-0FD8-4969-9B12-82E7C43AB1E0]]></modeler:editor-resource-id>
      </extensionElements>
    </userTask>
    <exclusiveGateway id="sid-42B511DE-3A79-48D5-8232-35CB24A80730" default="sid-71873C56-D7B9-4E94-8E5A-EE4B5D0C54B1">
      <extensionElements>
        <modeler:editor-resource-id><![CDATA[sid-42B511DE-3A79-48D5-8232-35CB24A80730]]></modeler:editor-resource-id>
      </extensionElements>
    </exclusiveGateway>
    <sequenceFlow id="sid-90AF0017-7908-4B35-9EEF-D480042576D6" sourceRef="sid-662F9ECB-0FD8-4969-9B12-82E7C43AB1E0" targetRef="sid-42B511DE-3A79-48D5-8232-35CB24A80730">
      <extensionElements>
        <modeler:editor-resource-id><![CDATA[sid-90AF0017-7908-4B35-9EEF-D480042576D6]]></modeler:editor-resource-id>
      </extensionElements>
    </sequenceFlow>
    <serviceTask id="sid-C2C2130E-6118-42F1-A27E-0D5F734ED725" name="Send Not Eligible Message" activiti:type="mail">
      <extensionElements>
        <activiti:field name="to">
          <activiti:string><![CDATA[malaivasan.d@muraai.com]]></activiti:string>
        </activiti:field>
        <activiti:field name="from">
          <activiti:string><![CDATA[malaivasan.d@muraai.com]]></activiti:string>
        </activiti:field>
        <activiti:field name="subject">
          <activiti:string><![CDATA[Check  Eligible ]]></activiti:string>
        </activiti:field>
        <activiti:field name="text">
          <activiti:expression><![CDATA[Your are not eligible for Salary Increment
Name:${name}
Experiance:${experience}
Salary: ${salary}]]></activiti:expression>
        </activiti:field>
        <modeler:editor-resource-id><![CDATA[sid-C2C2130E-6118-42F1-A27E-0D5F734ED725]]></modeler:editor-resource-id>
      </extensionElements>
    </serviceTask>
    <serviceTask id="sid-4DF1F794-BF8E-4504-A267-11B7161B6A70" name="Send Eligible Message&#xa;" activiti:type="mail">
      <extensionElements>
        <activiti:field name="to">
          <activiti:string><![CDATA[malaivasan.d@muraai.com]]></activiti:string>
        </activiti:field>
        <activiti:field name="from">
          <activiti:string><![CDATA[malaivasan.d@muraai.com]]></activiti:string>
        </activiti:field>
        <activiti:field name="subject">
          <activiti:string><![CDATA[Check  Eligible ]]></activiti:string>
        </activiti:field>
        <activiti:field name="text">
          <activiti:expression><![CDATA[Your are eligible for Salary Increment 
Name:${name}
Experiance:${experience}
Salary: ${salary}]]></activiti:expression>
        </activiti:field>
        <modeler:editor-resource-id><![CDATA[sid-4DF1F794-BF8E-4504-A267-11B7161B6A70]]></modeler:editor-resource-id>
      </extensionElements>
    </serviceTask>
    <sequenceFlow id="sid-71873C56-D7B9-4E94-8E5A-EE4B5D0C54B1" sourceRef="sid-42B511DE-3A79-48D5-8232-35CB24A80730" targetRef="sid-C2C2130E-6118-42F1-A27E-0D5F734ED725">
      <extensionElements>
        <modeler:editor-resource-id><![CDATA[sid-71873C56-D7B9-4E94-8E5A-EE4B5D0C54B1]]></modeler:editor-resource-id>
      </extensionElements>
    </sequenceFlow>
    <sequenceFlow id="sid-7668A4BA-66F1-4A2D-8DAD-6DA516E5B535" sourceRef="startEvent1" targetRef="sid-662F9ECB-0FD8-4969-9B12-82E7C43AB1E0">
      <extensionElements>
        <modeler:editor-resource-id><![CDATA[sid-7668A4BA-66F1-4A2D-8DAD-6DA516E5B535]]></modeler:editor-resource-id>
      </extensionElements>
    </sequenceFlow>
    <parallelGateway id="sid-370153A3-CF18-4974-8E22-7ED05E67FE64">
      <extensionElements>
        <modeler:editor-resource-id><![CDATA[sid-370153A3-CF18-4974-8E22-7ED05E67FE64]]></modeler:editor-resource-id>
      </extensionElements>
    </parallelGateway>
    <userTask id="sid-66AE3C20-AD96-43C0-AD5B-EF76A525C6DE" name="HR Department Verified" activiti:assignee="2002" activiti:formKey="17018">
      <extensionElements>
        <modeler:allow-send-email><![CDATA[true]]></modeler:allow-send-email>
        <modeler:email-template email-template-type="custom" email-template-subject="Subject HR"><![CDATA[Inform to HR]]></modeler:email-template>
        <modeler:form-reference-id><![CDATA[17018]]></modeler:form-reference-id>
        <modeler:form-reference-name><![CDATA[GatewaysExamples1]]></modeler:form-reference-name>
        <modeler:activiti-idm-assignee><![CDATA[true]]></modeler:activiti-idm-assignee>
        <modeler:assignee-info-email><![CDATA[vasanmalai@gmail.com]]></modeler:assignee-info-email>
        <modeler:assignee-info-firstname><![CDATA[Vasan]]></modeler:assignee-info-firstname>
        <modeler:assignee-info-lastname><![CDATA[M]]></modeler:assignee-info-lastname>
        <modeler:initiator-can-complete><![CDATA[false]]></modeler:initiator-can-complete>
        <modeler:editor-resource-id><![CDATA[sid-66AE3C20-AD96-43C0-AD5B-EF76A525C6DE]]></modeler:editor-resource-id>
      </extensionElements>
    </userTask>
    <userTask id="sid-27AA1A79-7A89-4125-ADFC-D3C78ABF0D65" name="Admin Department Verified" activiti:assignee="1001" activiti:formKey="17018">
      <extensionElements>
        <modeler:allow-send-email><![CDATA[true]]></modeler:allow-send-email>
        <modeler:email-template email-template-type="custom" email-template-subject="Admin Subject"><![CDATA[inform to Admin]]></modeler:email-template>
        <modeler:form-reference-id><![CDATA[17018]]></modeler:form-reference-id>
        <modeler:form-reference-name><![CDATA[GatewaysExamples1]]></modeler:form-reference-name>
        <modeler:activiti-idm-assignee><![CDATA[true]]></modeler:activiti-idm-assignee>
        <modeler:assignee-info-email><![CDATA[malaivasan.d@muraai.com]]></modeler:assignee-info-email>
        <modeler:assignee-info-firstname><![CDATA[Malai]]></modeler:assignee-info-firstname>
        <modeler:assignee-info-lastname><![CDATA[D]]></modeler:assignee-info-lastname>
        <modeler:initiator-can-complete><![CDATA[false]]></modeler:initiator-can-complete>
        <modeler:editor-resource-id><![CDATA[sid-27AA1A79-7A89-4125-ADFC-D3C78ABF0D65]]></modeler:editor-resource-id>
      </extensionElements>
    </userTask>
    <sequenceFlow id="sid-121EAB04-E828-42B0-8033-136CAA755FBB" sourceRef="sid-370153A3-CF18-4974-8E22-7ED05E67FE64" targetRef="sid-66AE3C20-AD96-43C0-AD5B-EF76A525C6DE">
      <extensionElements>
        <modeler:editor-resource-id><![CDATA[sid-121EAB04-E828-42B0-8033-136CAA755FBB]]></modeler:editor-resource-id>
      </extensionElements>
    </sequenceFlow>
    <sequenceFlow id="sid-1BB81E53-EA4D-4C86-A29B-619306C5378B" sourceRef="sid-4DF1F794-BF8E-4504-A267-11B7161B6A70" targetRef="sid-370153A3-CF18-4974-8E22-7ED05E67FE64">
      <extensionElements>
        <modeler:editor-resource-id><![CDATA[sid-1BB81E53-EA4D-4C86-A29B-619306C5378B]]></modeler:editor-resource-id>
      </extensionElements>
    </sequenceFlow>
    <endEvent id="sid-A8D807FB-49EC-4D39-8ABB-F7938BAB244A">
      <extensionElements>
        <modeler:editor-resource-id><![CDATA[sid-A8D807FB-49EC-4D39-8ABB-F7938BAB244A]]></modeler:editor-resource-id>
      </extensionElements>
    </endEvent>
    <sequenceFlow id="sid-AFE48726-B82E-46C0-A487-B3A0736C6D20" sourceRef="sid-C2C2130E-6118-42F1-A27E-0D5F734ED725" targetRef="sid-A8D807FB-49EC-4D39-8ABB-F7938BAB244A">
      <extensionElements>
        <modeler:editor-resource-id><![CDATA[sid-AFE48726-B82E-46C0-A487-B3A0736C6D20]]></modeler:editor-resource-id>
      </extensionElements>
    </sequenceFlow>
    <parallelGateway id="sid-9BC652F2-C511-46CF-8872-B9D96563DF13">
      <extensionElements>
        <modeler:editor-resource-id><![CDATA[sid-9BC652F2-C511-46CF-8872-B9D96563DF13]]></modeler:editor-resource-id>
      </extensionElements>
    </parallelGateway>
    <sequenceFlow id="sid-C535639F-E4CB-49B8-8835-7D972A6CA3D0" sourceRef="sid-27AA1A79-7A89-4125-ADFC-D3C78ABF0D65" targetRef="sid-9BC652F2-C511-46CF-8872-B9D96563DF13">
      <extensionElements>
        <modeler:editor-resource-id><![CDATA[sid-C535639F-E4CB-49B8-8835-7D972A6CA3D0]]></modeler:editor-resource-id>
      </extensionElements>
    </sequenceFlow>
    <sequenceFlow id="sid-6EF7A78A-31A7-4C57-A6D1-42A98AEAAB85" sourceRef="sid-66AE3C20-AD96-43C0-AD5B-EF76A525C6DE" targetRef="sid-9BC652F2-C511-46CF-8872-B9D96563DF13">
      <extensionElements>
        <modeler:editor-resource-id><![CDATA[sid-6EF7A78A-31A7-4C57-A6D1-42A98AEAAB85]]></modeler:editor-resource-id>
      </extensionElements>
    </sequenceFlow>
    <serviceTask id="sid-6234F381-8B28-4CA4-ABB2-8D5C1039DC86" name="Send Verification Completed Message" activiti:type="mail">
      <extensionElements>
        <activiti:field name="to">
          <activiti:string><![CDATA[malaivasan.d@muraai.com]]></activiti:string>
        </activiti:field>
        <activiti:field name="from">
          <activiti:string><![CDATA[malaivasan.d@muraai.com]]></activiti:string>
        </activiti:field>
        <activiti:field name="subject">
          <activiti:string><![CDATA[Welcome to company]]></activiti:string>
        </activiti:field>
        <activiti:field name="text">
          <activiti:expression><![CDATA[Welcome ${name} ,

Thanks]]></activiti:expression>
        </activiti:field>
        <modeler:editor-resource-id><![CDATA[sid-6234F381-8B28-4CA4-ABB2-8D5C1039DC86]]></modeler:editor-resource-id>
      </extensionElements>
    </serviceTask>
    <serviceTask id="sid-59A9C468-22E4-49F6-9542-2BE18418ADF0" name="Salary increase by 5000" activiti:type="mail">
      <extensionElements>
        <activiti:field name="to">
          <activiti:string><![CDATA[malaivasan.d@muraai.com]]></activiti:string>
        </activiti:field>
        <activiti:field name="from">
          <activiti:string><![CDATA[malaivasan.d@muraai.com]]></activiti:string>
        </activiti:field>
        <activiti:field name="subject">
          <activiti:string><![CDATA[Subject 1]]></activiti:string>
        </activiti:field>
        <activiti:field name="text">
          <activiti:expression><![CDATA[Your Current Salary is ${salary+5000}]]></activiti:expression>
        </activiti:field>
        <modeler:editor-resource-id><![CDATA[sid-59A9C468-22E4-49F6-9542-2BE18418ADF0]]></modeler:editor-resource-id>
      </extensionElements>
    </serviceTask>
    <serviceTask id="sid-C777D62A-2057-45E5-A526-EAD3A10155B2" name="Salary increase by 10000" activiti:type="mail">
      <extensionElements>
        <activiti:field name="to">
          <activiti:string><![CDATA[malaivasan.d@muraai.com]]></activiti:string>
        </activiti:field>
        <activiti:field name="from">
          <activiti:string><![CDATA[malaivasan.d@muraai.com]]></activiti:string>
        </activiti:field>
        <activiti:field name="subject">
          <activiti:string><![CDATA[Subject 2]]></activiti:string>
        </activiti:field>
        <activiti:field name="text">
          <activiti:expression><![CDATA[Your Current Salary is ${salary+10000}]]></activiti:expression>
        </activiti:field>
        <modeler:editor-resource-id><![CDATA[sid-C777D62A-2057-45E5-A526-EAD3A10155B2]]></modeler:editor-resource-id>
      </extensionElements>
    </serviceTask>
    <inclusiveGateway id="sid-2B161198-1C16-4B71-B4F7-5847E555067D">
      <extensionElements>
        <modeler:editor-resource-id><![CDATA[sid-2B161198-1C16-4B71-B4F7-5847E555067D]]></modeler:editor-resource-id>
      </extensionElements>
    </inclusiveGateway>
    <sequenceFlow id="sid-132D1EE8-A675-4776-BDC7-F8D77D9EEB3B" sourceRef="sid-2B161198-1C16-4B71-B4F7-5847E555067D" targetRef="sid-59A9C468-22E4-49F6-9542-2BE18418ADF0">
      <extensionElements>
        <modeler:conditionDefinition modeler:index="0" modeler:leftRestResponseId="salary" modeler:rightValue="50000" modeler:operator="&lt;="/>
        <modeler:editor-resource-id><![CDATA[sid-132D1EE8-A675-4776-BDC7-F8D77D9EEB3B]]></modeler:editor-resource-id>
      </extensionElements>
      <conditionExpression xsi:type="tFormalExpression"><![CDATA[${(activiti_flowConditionsBean.exists(execution, 'salary') && salary <= 50000)}]]></conditionExpression>
    </sequenceFlow>
    <sequenceFlow id="sid-503BB854-D958-4F04-ACFF-F6F414D4842C" sourceRef="sid-370153A3-CF18-4974-8E22-7ED05E67FE64" targetRef="sid-27AA1A79-7A89-4125-ADFC-D3C78ABF0D65">
      <extensionElements>
        <modeler:editor-resource-id><![CDATA[sid-503BB854-D958-4F04-ACFF-F6F414D4842C]]></modeler:editor-resource-id>
      </extensionElements>
    </sequenceFlow>
    <sequenceFlow id="sid-8BD063CF-CF62-4E9C-B28F-E37308CDE951" sourceRef="sid-2B161198-1C16-4B71-B4F7-5847E555067D" targetRef="sid-C777D62A-2057-45E5-A526-EAD3A10155B2">
      <extensionElements>
        <modeler:conditionDefinition modeler:index="0" modeler:leftRestResponseId="salary" modeler:rightValue="50000" modeler:operator=">"/>
        <modeler:editor-resource-id><![CDATA[sid-8BD063CF-CF62-4E9C-B28F-E37308CDE951]]></modeler:editor-resource-id>
      </extensionElements>
      <conditionExpression xsi:type="tFormalExpression"><![CDATA[${(activiti_flowConditionsBean.exists(execution, 'salary') && salary > 50000)}]]></conditionExpression>
    </sequenceFlow>
    <sequenceFlow id="sid-60CD7D1D-3923-4264-97BC-BD23172613C8" sourceRef="sid-6234F381-8B28-4CA4-ABB2-8D5C1039DC86" targetRef="sid-2B161198-1C16-4B71-B4F7-5847E555067D">
      <extensionElements>
        <modeler:editor-resource-id><![CDATA[sid-60CD7D1D-3923-4264-97BC-BD23172613C8]]></modeler:editor-resource-id>
      </extensionElements>
    </sequenceFlow>
    <sequenceFlow id="sid-BDB3F39C-C070-454B-8EF4-39114077BC16" sourceRef="sid-59A9C468-22E4-49F6-9542-2BE18418ADF0" targetRef="sid-A8D807FB-49EC-4D39-8ABB-F7938BAB244A">
      <extensionElements>
        <modeler:editor-resource-id><![CDATA[sid-BDB3F39C-C070-454B-8EF4-39114077BC16]]></modeler:editor-resource-id>
      </extensionElements>
    </sequenceFlow>
    <sequenceFlow id="sid-B253C079-73C5-4325-82F0-AB0A6888B941" sourceRef="sid-C777D62A-2057-45E5-A526-EAD3A10155B2" targetRef="sid-A8D807FB-49EC-4D39-8ABB-F7938BAB244A">
      <extensionElements>
        <modeler:editor-resource-id><![CDATA[sid-B253C079-73C5-4325-82F0-AB0A6888B941]]></modeler:editor-resource-id>
      </extensionElements>
    </sequenceFlow>
    <sequenceFlow id="sid-D8EF4DFA-699A-4DBE-8A00-76D0C05C795D" sourceRef="sid-9BC652F2-C511-46CF-8872-B9D96563DF13" targetRef="sid-6234F381-8B28-4CA4-ABB2-8D5C1039DC86">
      <extensionElements>
        <modeler:editor-resource-id><![CDATA[sid-D8EF4DFA-699A-4DBE-8A00-76D0C05C795D]]></modeler:editor-resource-id>
      </extensionElements>
    </sequenceFlow>
    <sequenceFlow id="sid-522413D5-6FDE-424A-AB3C-53E13ECAC832" sourceRef="sid-42B511DE-3A79-48D5-8232-35CB24A80730" targetRef="sid-4DF1F794-BF8E-4504-A267-11B7161B6A70">
      <extensionElements>
        <modeler:conditionDefinition modeler:index="0" modeler:leftRestResponseId="experience" modeler:rightValue="3" modeler:operator=">"/>
        <modeler:editor-resource-id><![CDATA[sid-522413D5-6FDE-424A-AB3C-53E13ECAC832]]></modeler:editor-resource-id>
      </extensionElements>
      <conditionExpression xsi:type="tFormalExpression"><![CDATA[${(activiti_flowConditionsBean.exists(execution, 'experience') && experience > 3)}]]></conditionExpression>
    </sequenceFlow>
  </process>
  <bpmndi:BPMNDiagram id="BPMNDiagram_GatewaysExample">
    <bpmndi:BPMNPlane bpmnElement="GatewaysExample" id="BPMNPlane_GatewaysExample">
      <bpmndi:BPMNShape bpmnElement="startEvent1" id="BPMNShape_startEvent1">
        <omgdc:Bounds height="30.0" width="30.0" x="45.0" y="170.0"/>
      </bpmndi:BPMNShape>
      <bpmndi:BPMNShape bpmnElement="sid-662F9ECB-0FD8-4969-9B12-82E7C43AB1E0" id="BPMNShape_sid-662F9ECB-0FD8-4969-9B12-82E7C43AB1E0">
        <omgdc:Bounds height="80.0" width="100.0" x="135.0" y="145.0"/>
      </bpmndi:BPMNShape>
      <bpmndi:BPMNShape bpmnElement="sid-42B511DE-3A79-48D5-8232-35CB24A80730" id="BPMNShape_sid-42B511DE-3A79-48D5-8232-35CB24A80730">
        <omgdc:Bounds height="40.0" width="40.0" x="300.0" y="165.0"/>
      </bpmndi:BPMNShape>
      <bpmndi:BPMNShape bpmnElement="sid-C2C2130E-6118-42F1-A27E-0D5F734ED725" id="BPMNShape_sid-C2C2130E-6118-42F1-A27E-0D5F734ED725">
        <omgdc:Bounds height="80.0" width="100.0" x="270.0" y="265.0"/>
      </bpmndi:BPMNShape>
      <bpmndi:BPMNShape bpmnElement="sid-4DF1F794-BF8E-4504-A267-11B7161B6A70" id="BPMNShape_sid-4DF1F794-BF8E-4504-A267-11B7161B6A70">
        <omgdc:Bounds height="80.0" width="100.0" x="390.0" y="145.0"/>
      </bpmndi:BPMNShape>
      <bpmndi:BPMNShape bpmnElement="sid-370153A3-CF18-4974-8E22-7ED05E67FE64" id="BPMNShape_sid-370153A3-CF18-4974-8E22-7ED05E67FE64">
        <omgdc:Bounds height="40.0" width="40.0" x="510.0" y="159.0"/>
      </bpmndi:BPMNShape>
      <bpmndi:BPMNShape bpmnElement="sid-66AE3C20-AD96-43C0-AD5B-EF76A525C6DE" id="BPMNShape_sid-66AE3C20-AD96-43C0-AD5B-EF76A525C6DE">
        <omgdc:Bounds height="80.0" width="100.0" x="590.0" y="85.0"/>
      </bpmndi:BPMNShape>
      <bpmndi:BPMNShape bpmnElement="sid-27AA1A79-7A89-4125-ADFC-D3C78ABF0D65" id="BPMNShape_sid-27AA1A79-7A89-4125-ADFC-D3C78ABF0D65">
        <omgdc:Bounds height="80.0" width="100.0" x="590.0" y="195.0"/>
      </bpmndi:BPMNShape>
      <bpmndi:BPMNShape bpmnElement="sid-A8D807FB-49EC-4D39-8ABB-F7938BAB244A" id="BPMNShape_sid-A8D807FB-49EC-4D39-8ABB-F7938BAB244A">
        <omgdc:Bounds height="28.0" width="28.0" x="405.0" y="431.0"/>
      </bpmndi:BPMNShape>
      <bpmndi:BPMNShape bpmnElement="sid-9BC652F2-C511-46CF-8872-B9D96563DF13" id="BPMNShape_sid-9BC652F2-C511-46CF-8872-B9D96563DF13">
        <omgdc:Bounds height="40.0" width="40.0" x="725.0" y="159.0"/>
      </bpmndi:BPMNShape>
      <bpmndi:BPMNShape bpmnElement="sid-6234F381-8B28-4CA4-ABB2-8D5C1039DC86" id="BPMNShape_sid-6234F381-8B28-4CA4-ABB2-8D5C1039DC86">
        <omgdc:Bounds height="80.0" width="100.0" x="795.0" y="139.0"/>
      </bpmndi:BPMNShape>
      <bpmndi:BPMNShape bpmnElement="sid-59A9C468-22E4-49F6-9542-2BE18418ADF0" id="BPMNShape_sid-59A9C468-22E4-49F6-9542-2BE18418ADF0">
        <omgdc:Bounds height="80.0" width="100.0" x="630.0" y="300.0"/>
      </bpmndi:BPMNShape>
      <bpmndi:BPMNShape bpmnElement="sid-C777D62A-2057-45E5-A526-EAD3A10155B2" id="BPMNShape_sid-C777D62A-2057-45E5-A526-EAD3A10155B2">
        <omgdc:Bounds height="80.0" width="100.0" x="630.0" y="405.0"/>
      </bpmndi:BPMNShape>
      <bpmndi:BPMNShape bpmnElement="sid-2B161198-1C16-4B71-B4F7-5847E555067D" id="BPMNShape_sid-2B161198-1C16-4B71-B4F7-5847E555067D">
        <omgdc:Bounds height="40.0" width="40.0" x="825.0" y="320.0"/>
      </bpmndi:BPMNShape>
      <bpmndi:BPMNEdge bpmnElement="sid-6EF7A78A-31A7-4C57-A6D1-42A98AEAAB85" id="BPMNEdge_sid-6EF7A78A-31A7-4C57-A6D1-42A98AEAAB85">
        <omgdi:waypoint x="690.0" y="125.0"/>
        <omgdi:waypoint x="745.5" y="125.0"/>
        <omgdi:waypoint x="745.5" y="159.5"/>
      </bpmndi:BPMNEdge>
      <bpmndi:BPMNEdge bpmnElement="sid-71873C56-D7B9-4E94-8E5A-EE4B5D0C54B1" id="BPMNEdge_sid-71873C56-D7B9-4E94-8E5A-EE4B5D0C54B1">
        <omgdi:waypoint x="320.4201680672269" y="204.57983193277312"/>
        <omgdi:waypoint x="320.1673640167364" y="265.0"/>
      </bpmndi:BPMNEdge>
      <bpmndi:BPMNEdge bpmnElement="sid-B253C079-73C5-4325-82F0-AB0A6888B941" id="BPMNEdge_sid-B253C079-73C5-4325-82F0-AB0A6888B941">
        <omgdi:waypoint x="630.0" y="445.0"/>
        <omgdi:waypoint x="433.0" y="445.0"/>
      </bpmndi:BPMNEdge>
      <bpmndi:BPMNEdge bpmnElement="sid-1BB81E53-EA4D-4C86-A29B-619306C5378B" id="BPMNEdge_sid-1BB81E53-EA4D-4C86-A29B-619306C5378B">
        <omgdi:waypoint x="490.0" y="181.66666666666666"/>
        <omgdi:waypoint x="511.25" y="180.25"/>
      </bpmndi:BPMNEdge>
      <bpmndi:BPMNEdge bpmnElement="sid-D8EF4DFA-699A-4DBE-8A00-76D0C05C795D" id="BPMNEdge_sid-D8EF4DFA-699A-4DBE-8A00-76D0C05C795D">
        <omgdi:waypoint x="763.9" y="177.9"/>
        <omgdi:waypoint x="795.0" y="175.19565217391306"/>
      </bpmndi:BPMNEdge>
      <bpmndi:BPMNEdge bpmnElement="sid-503BB854-D958-4F04-ACFF-F6F414D4842C" id="BPMNEdge_sid-503BB854-D958-4F04-ACFF-F6F414D4842C">
        <omgdi:waypoint x="530.5" y="198.5"/>
        <omgdi:waypoint x="530.5" y="235.0"/>
        <omgdi:waypoint x="590.0" y="235.0"/>
      </bpmndi:BPMNEdge>
      <bpmndi:BPMNEdge bpmnElement="sid-132D1EE8-A675-4776-BDC7-F8D77D9EEB3B" id="BPMNEdge_sid-132D1EE8-A675-4776-BDC7-F8D77D9EEB3B">
        <omgdi:waypoint x="825.439393939394" y="340.43939393939394"/>
        <omgdi:waypoint x="730.0" y="340.1510574018127"/>
      </bpmndi:BPMNEdge>
      <bpmndi:BPMNEdge bpmnElement="sid-8BD063CF-CF62-4E9C-B28F-E37308CDE951" id="BPMNEdge_sid-8BD063CF-CF62-4E9C-B28F-E37308CDE951">
        <omgdi:waypoint x="845.5" y="359.5"/>
        <omgdi:waypoint x="845.5" y="445.0"/>
        <omgdi:waypoint x="730.0" y="445.0"/>
      </bpmndi:BPMNEdge>
      <bpmndi:BPMNEdge bpmnElement="sid-90AF0017-7908-4B35-9EEF-D480042576D6" id="BPMNEdge_sid-90AF0017-7908-4B35-9EEF-D480042576D6">
        <omgdi:waypoint x="235.0" y="185.0"/>
        <omgdi:waypoint x="300.0" y="185.0"/>
      </bpmndi:BPMNEdge>
      <bpmndi:BPMNEdge bpmnElement="sid-AFE48726-B82E-46C0-A487-B3A0736C6D20" id="BPMNEdge_sid-AFE48726-B82E-46C0-A487-B3A0736C6D20">
        <omgdi:waypoint x="320.0" y="345.0"/>
        <omgdi:waypoint x="320.0" y="367.5"/>
        <omgdi:waypoint x="419.0" y="367.5"/>
        <omgdi:waypoint x="419.0" y="431.0"/>
      </bpmndi:BPMNEdge>
      <bpmndi:BPMNEdge bpmnElement="sid-121EAB04-E828-42B0-8033-136CAA755FBB" id="BPMNEdge_sid-121EAB04-E828-42B0-8033-136CAA755FBB">
        <omgdi:waypoint x="530.5" y="159.5"/>
        <omgdi:waypoint x="530.5" y="125.0"/>
        <omgdi:waypoint x="590.0" y="125.0"/>
      </bpmndi:BPMNEdge>
      <bpmndi:BPMNEdge bpmnElement="sid-60CD7D1D-3923-4264-97BC-BD23172613C8" id="BPMNEdge_sid-60CD7D1D-3923-4264-97BC-BD23172613C8">
        <omgdi:waypoint x="845.6622516556291" y="219.0"/>
        <omgdi:waypoint x="847.3737373737374" y="322.37373737373736"/>
      </bpmndi:BPMNEdge>
      <bpmndi:BPMNEdge bpmnElement="sid-C535639F-E4CB-49B8-8835-7D972A6CA3D0" id="BPMNEdge_sid-C535639F-E4CB-49B8-8835-7D972A6CA3D0">
        <omgdi:waypoint x="690.0" y="235.0"/>
        <omgdi:waypoint x="745.5" y="235.0"/>
        <omgdi:waypoint x="745.5" y="198.5"/>
      </bpmndi:BPMNEdge>
      <bpmndi:BPMNEdge bpmnElement="sid-BDB3F39C-C070-454B-8EF4-39114077BC16" id="BPMNEdge_sid-BDB3F39C-C070-454B-8EF4-39114077BC16">
        <omgdi:waypoint x="630.0" y="340.0"/>
        <omgdi:waypoint x="468.5" y="340.0"/>
        <omgdi:waypoint x="424.9698692437756" y="432.3366409980518"/>
      </bpmndi:BPMNEdge>
      <bpmndi:BPMNEdge bpmnElement="sid-522413D5-6FDE-424A-AB3C-53E13ECAC832" id="BPMNEdge_sid-522413D5-6FDE-424A-AB3C-53E13ECAC832">
        <omgdi:waypoint x="339.5798319327731" y="185.42016806722688"/>
        <omgdi:waypoint x="390.0" y="185.2092050209205"/>
      </bpmndi:BPMNEdge>
      <bpmndi:BPMNEdge bpmnElement="sid-7668A4BA-66F1-4A2D-8DAD-6DA516E5B535" id="BPMNEdge_sid-7668A4BA-66F1-4A2D-8DAD-6DA516E5B535">
        <omgdi:waypoint x="75.0" y="185.0"/>
        <omgdi:waypoint x="135.0" y="185.0"/>
      </bpmndi:BPMNEdge>
    </bpmndi:BPMNPlane>
  </bpmndi:BPMNDiagram>
</definitions>