{"resourceId":17017,"properties":{"process_id":"GatewaysExample","name":"Gateways Example","documentation":"","process_author":"","process_version":"","process_namespace":"http://www.activiti.org/processdef","executionlisteners":"","eventlisteners":"","signaldefinitions":"","messagedefinitions":"","executionvariables":"[{\"variableName\":\"name\",\"variableType\":\"string\",\"$$hashKey\":\"uiGrid-000L\"},{\"variableName\":\"salary\",\"variableType\":\"integer\",\"$$hashKey\":\"uiGrid-000T\"},{\"variableName\":\"experience\",\"variableType\":\"integer\",\"$$hashKey\":\"uiGrid-000Z\"}]","metadata":""},"stencil":{"id":"BPMNDiagram"},"childShapes":[{"resourceId":"startEvent1","properties":{"overrideid":"","name":"","documentation":"","executionlisteners":"","initiator":"","formkeydefinition":"","formreference":"","fieldstovariables":"","formproperties":""},"stencil":{"id":"StartNoneEvent"},"childShapes":[],"outgoing":[{"resourceId":"sid-7668A4BA-66F1-4A2D-8DAD-6DA516E5B535"}],"bounds":{"lowerRight":{"x":75,"y":200},"upperLeft":{"x":45,"y":170}},"dockers":[]},{"resourceId":"sid-662F9ECB-0FD8-4969-9B12-82E7C43AB1E0","properties":{"overrideid":"","name":"User Details","documentation":"","asynchronousdefinition":"false","exclusivedefinition":"false","executionlisteners":"","multiinstance_type":"None","multiinstance_cardinality":"","multiinstance_collection":"","multiinstance_variable":"","multiinstance_condition":"","isforcompensation":"false","usertasksendemail":false,"usertaskassignment":"","formkeydefinition":"","formreference":{"id":17018,"name":"GatewaysExamples1","referenceId":null,"variablesmapping":[{"mappedVariable":"experience","inProcessVariable":"","outProcessVariable":"experience","typeOfMapping":"outputMap","inVariableType":"formField","outVariableType":"restResponse"},{"mappedVariable":"name","inProcessVariable":"","outProcessVariable":"name","typeOfMapping":"outputMap","inVariableType":"formField","outVariableType":"restResponse"},{"mappedVariable":"salary","inProcessVariable":"","outProcessVariable":"salary","typeOfMapping":"outputMap","inVariableType":"formField","outVariableType":"restResponse"}]},"fieldstovariables":"","duedatedefinition":"","prioritydefinition":"","categorydefinition":"","formproperties":"","tasklisteners":"","emailtemplate":""},"stencil":{"id":"UserTask"},"childShapes":[],"outgoing":[{"resourceId":"sid-90AF0017-7908-4B35-9EEF-D480042576D6"}],"bounds":{"lowerRight":{"x":235,"y":225},"upperLeft":{"x":135,"y":145}},"dockers":[]},{"resourceId":"sid-42B511DE-3A79-48D5-8232-35CB24A80730","properties":{"overrideid":"","name":"","documentation":"","asynchronousdefinition":"false","exclusivedefinition":"false","sequencefloworder":""},"stencil":{"id":"ExclusiveGateway"},"childShapes":[],"outgoing":[{"resourceId":"sid-71873C56-D7B9-4E94-8E5A-EE4B5D0C54B1"},{"resourceId":"sid-522413D5-6FDE-424A-AB3C-53E13ECAC832"}],"bounds":{"lowerRight":{"x":340,"y":205},"upperLeft":{"x":300,"y":165}},"dockers":[]},{"resourceId":"sid-90AF0017-7908-4B35-9EEF-D480042576D6","properties":{"overrideid":"","name":"","documentation":"","conditionsequenceflow":"","executionlisteners":"","defaultflow":"false"},"stencil":{"id":"SequenceFlow"},"childShapes":[],"outgoing":[{"resourceId":"sid-42B511DE-3A79-48D5-8232-35CB24A80730"}],"bounds":{"lowerRight":{"x":300.015625,"y":185},"upperLeft":{"x":235.5703125,"y":185}},"dockers":[{"x":50,"y":40},{"x":20,"y":20}],"target":{"resourceId":"sid-42B511DE-3A79-48D5-8232-35CB24A80730"}},{"resourceId":"sid-C2C2130E-6118-42F1-A27E-0D5F734ED725","properties":{"overrideid":"","name":"Send Not Eligible Message","documentation":"","asynchronousdefinition":"false","exclusivedefinition":"false","executionlisteners":"","multiinstance_type":"None","multiinstance_cardinality":"","multiinstance_collection":"","multiinstance_variable":"","multiinstance_condition":"","isforcompensation":"false","mailtaskto":"malaivasan.d@muraai.com","mailtaskfrom":"malaivasan.d@muraai.com","mailtasksubject":"Check  Eligible ","mailtaskcc":"","mailtaskbcc":"","mailtasktext":"Your are not eligible for Salary Increment\nName:${name}\nExperiance:${experience}\nSalary: ${salary}","mailtaskhtml":"","mailtaskcharset":""},"stencil":{"id":"MailTask"},"childShapes":[],"outgoing":[{"resourceId":"sid-AFE48726-B82E-46C0-A487-B3A0736C6D20"}],"bounds":{"lowerRight":{"x":370,"y":345},"upperLeft":{"x":270,"y":265}},"dockers":[]},{"resourceId":"sid-4DF1F794-BF8E-4504-A267-11B7161B6A70","properties":{"overrideid":"","name":"Send Eligible Message\n","documentation":"","asynchronousdefinition":"false","exclusivedefinition":"false","executionlisteners":"","multiinstance_type":"None","multiinstance_cardinality":"","multiinstance_collection":"","multiinstance_variable":"","multiinstance_condition":"","isforcompensation":"false","mailtaskto":"malaivasan.d@muraai.com","mailtaskfrom":"malaivasan.d@muraai.com","mailtasksubject":"Check  Eligible ","mailtaskcc":"","mailtaskbcc":"","mailtasktext":"Your are eligible for Salary Increment \nName:${name}\nExperiance:${experience}\nSalary: ${salary}","mailtaskhtml":"","mailtaskcharset":""},"stencil":{"id":"MailTask"},"childShapes":[],"outgoing":[{"resourceId":"sid-1BB81E53-EA4D-4C86-A29B-619306C5378B"}],"bounds":{"lowerRight":{"x":490,"y":225},"upperLeft":{"x":390,"y":145}},"dockers":[]},{"resourceId":"sid-71873C56-D7B9-4E94-8E5A-EE4B5D0C54B1","properties":{"overrideid":"","name":"","documentation":"","conditionsequenceflow":"","executionlisteners":"","defaultflow":true},"stencil":{"id":"SequenceFlow"},"childShapes":[],"outgoing":[{"resourceId":"sid-C2C2130E-6118-42F1-A27E-0D5F734ED725"}],"bounds":{"lowerRight":{"x":320.417690936206,"y":264.7890712532332},"upperLeft":{"x":320.168246563794,"y":205.17186624676677}},"dockers":[{"x":20.5,"y":20.5},{"x":50.00000000000001,"y":40}],"target":{"resourceId":"sid-C2C2130E-6118-42F1-A27E-0D5F734ED725"}},{"resourceId":"sid-7668A4BA-66F1-4A2D-8DAD-6DA516E5B535","properties":{"overrideid":"","name":"","documentation":"","conditionsequenceflow":"","executionlisteners":"","defaultflow":"false"},"stencil":{"id":"SequenceFlow"},"childShapes":[],"outgoing":[{"resourceId":"sid-662F9ECB-0FD8-4969-9B12-82E7C43AB1E0"}],"bounds":{"lowerRight":{"x":134.1953125,"y":185},"upperLeft":{"x":75.6484375,"y":185}},"dockers":[{"x":15,"y":15},{"x":50,"y":40}],"target":{"resourceId":"sid-662F9ECB-0FD8-4969-9B12-82E7C43AB1E0"}},{"resourceId":"sid-370153A3-CF18-4974-8E22-7ED05E67FE64","properties":{"overrideid":"","name":"","documentation":"","asynchronousdefinition":"false","exclusivedefinition":"false","sequencefloworder":""},"stencil":{"id":"ParallelGateway"},"childShapes":[],"outgoing":[{"resourceId":"sid-121EAB04-E828-42B0-8033-136CAA755FBB"},{"resourceId":"sid-503BB854-D958-4F04-ACFF-F6F414D4842C"}],"bounds":{"lowerRight":{"x":550,"y":199},"upperLeft":{"x":510,"y":159}},"dockers":[]},{"resourceId":"sid-66AE3C20-AD96-43C0-AD5B-EF76A525C6DE","properties":{"overrideid":"","name":"HR Department Verified","documentation":"","asynchronousdefinition":"false","exclusivedefinition":"false","executionlisteners":"","multiinstance_type":"None","multiinstance_cardinality":"","multiinstance_collection":"","multiinstance_variable":"","multiinstance_condition":"","isforcompensation":"false","usertasksendemail":true,"usertaskassignment":{"assignment":{"type":"idm","idm":{"type":"user","assignee":{"id":2002,"firstName":"Vasan","lastName":"M","email":"vasanmalai@gmail.com","company":"Muraai","$$hashKey":"object:1363"}}}},"formkeydefinition":"","formreference":{"id":17018,"name":"GatewaysExamples1","referenceId":null,"variablesmapping":[]},"fieldstovariables":"","duedatedefinition":"","prioritydefinition":"","categorydefinition":"","formproperties":"","tasklisteners":"","emailtemplate":{"emailTemplate":{"type":"custom","templateSubject":"Subject HR","templateText":"Inform to HR"}}},"stencil":{"id":"UserTask"},"childShapes":[],"outgoing":[{"resourceId":"sid-6EF7A78A-31A7-4C57-A6D1-42A98AEAAB85"}],"bounds":{"lowerRight":{"x":690,"y":165},"upperLeft":{"x":590,"y":85}},"dockers":[]},{"resourceId":"sid-27AA1A79-7A89-4125-ADFC-D3C78ABF0D65","properties":{"overrideid":"","name":"Admin Department Verified","documentation":"","asynchronousdefinition":"false","exclusivedefinition":"false","executionlisteners":"","multiinstance_type":"None","multiinstance_cardinality":"","multiinstance_collection":"","multiinstance_variable":"","multiinstance_condition":"","isforcompensation":"false","usertasksendemail":true,"usertaskassignment":{"assignment":{"type":"idm","idm":{"type":"user","assignee":{"id":1001,"firstName":"Malai","lastName":"D","email":"malaivasan.d@muraai.com","company":"Muraai","$$hashKey":"object:1564"}}}},"formkeydefinition":"","formreference":{"id":17018,"name":"GatewaysExamples1","referenceId":null,"variablesmapping":[]},"fieldstovariables":"","duedatedefinition":"","prioritydefinition":"","categorydefinition":"","formproperties":"","tasklisteners":"","emailtemplate":{"emailTemplate":{"type":"custom","templateText":"inform to Admin","templateSubject":"Admin Subject"}}},"stencil":{"id":"UserTask"},"childShapes":[],"outgoing":[{"resourceId":"sid-C535639F-E4CB-49B8-8835-7D972A6CA3D0"}],"bounds":{"lowerRight":{"x":690,"y":275},"upperLeft":{"x":590,"y":195}},"dockers":[]},{"resourceId":"sid-121EAB04-E828-42B0-8033-136CAA755FBB","properties":{"overrideid":"","name":"","documentation":"","conditionsequenceflow":"","executionlisteners":"","defaultflow":"false"},"stencil":{"id":"SequenceFlow"},"childShapes":[],"outgoing":[{"resourceId":"sid-66AE3C20-AD96-43C0-AD5B-EF76A525C6DE"}],"bounds":{"lowerRight":{"x":589.3828125,"y":158.0625},"upperLeft":{"x":530.5,"y":125}},"dockers":[{"x":20.5,"y":20.5},{"x":530.5,"y":125},{"x":50,"y":40}],"target":{"resourceId":"sid-66AE3C20-AD96-43C0-AD5B-EF76A525C6DE"}},{"resourceId":"sid-1BB81E53-EA4D-4C86-A29B-619306C5378B","properties":{"overrideid":"","name":"","documentation":"","conditionsequenceflow":"","executionlisteners":"","defaultflow":"false"},"stencil":{"id":"SequenceFlow"},"childShapes":[],"outgoing":[{"resourceId":"sid-370153A3-CF18-4974-8E22-7ED05E67FE64"}],"bounds":{"lowerRight":{"x":510.7209648421434,"y":181.65223098947624},"upperLeft":{"x":490.2165351578566,"y":180.28526901052376}},"dockers":[{"x":50,"y":40},{"x":20,"y":20}],"target":{"resourceId":"sid-370153A3-CF18-4974-8E22-7ED05E67FE64"}},{"resourceId":"sid-A8D807FB-49EC-4D39-8ABB-F7938BAB244A","properties":{"overrideid":"","name":"","documentation":"","executionlisteners":""},"stencil":{"id":"EndNoneEvent"},"childShapes":[],"outgoing":[],"bounds":{"lowerRight":{"x":433,"y":459},"upperLeft":{"x":405,"y":431}},"dockers":[]},{"resourceId":"sid-AFE48726-B82E-46C0-A487-B3A0736C6D20","properties":{"overrideid":"","name":"","documentation":"","conditionsequenceflow":"","executionlisteners":"","defaultflow":"false"},"stencil":{"id":"SequenceFlow"},"childShapes":[],"outgoing":[{"resourceId":"sid-A8D807FB-49EC-4D39-8ABB-F7938BAB244A"}],"bounds":{"lowerRight":{"x":419,"y":430.6796875},"upperLeft":{"x":320,"y":345.0625}},"dockers":[{"x":50,"y":40},{"x":320,"y":367.5},{"x":419,"y":367.5},{"x":14,"y":14}],"target":{"resourceId":"sid-A8D807FB-49EC-4D39-8ABB-F7938BAB244A"}},{"resourceId":"sid-9BC652F2-C511-46CF-8872-B9D96563DF13","properties":{"overrideid":"","name":"","documentation":"","asynchronousdefinition":"false","exclusivedefinition":"false","sequencefloworder":""},"stencil":{"id":"ParallelGateway"},"childShapes":[],"outgoing":[{"resourceId":"sid-D8EF4DFA-699A-4DBE-8A00-76D0C05C795D"}],"bounds":{"lowerRight":{"x":765,"y":199},"upperLeft":{"x":725,"y":159}},"dockers":[]},{"resourceId":"sid-C535639F-E4CB-49B8-8835-7D972A6CA3D0","properties":{"overrideid":"","name":"","documentation":"","conditionsequenceflow":"","executionlisteners":"","defaultflow":"false","showdiamondmarker":false},"stencil":{"id":"SequenceFlow"},"childShapes":[],"outgoing":[{"resourceId":"sid-9BC652F2-C511-46CF-8872-B9D96563DF13"}],"bounds":{"lowerRight":{"x":745.5,"y":235},"upperLeft":{"x":690.453125,"y":199.578125}},"dockers":[{"x":50,"y":40},{"x":745.5,"y":235},{"x":20.5,"y":20.5}],"target":{"resourceId":"sid-9BC652F2-C511-46CF-8872-B9D96563DF13"}},{"resourceId":"sid-6EF7A78A-31A7-4C57-A6D1-42A98AEAAB85","properties":{"overrideid":"","name":"","documentation":"","conditionsequenceflow":"","executionlisteners":"","defaultflow":"false","showdiamondmarker":false},"stencil":{"id":"SequenceFlow"},"childShapes":[],"outgoing":[{"resourceId":"sid-9BC652F2-C511-46CF-8872-B9D96563DF13"}],"bounds":{"lowerRight":{"x":745.5,"y":158.4375},"upperLeft":{"x":690.453125,"y":125}},"dockers":[{"x":50,"y":40},{"x":745.5,"y":125},{"x":20.5,"y":4}],"target":{"resourceId":"sid-9BC652F2-C511-46CF-8872-B9D96563DF13"}},{"resourceId":"sid-6234F381-8B28-4CA4-ABB2-8D5C1039DC86","properties":{"overrideid":"","name":"Send Verification Completed Message","documentation":"","asynchronousdefinition":"false","exclusivedefinition":"false","executionlisteners":"","multiinstance_type":"None","multiinstance_cardinality":"","multiinstance_collection":"","multiinstance_variable":"","multiinstance_condition":"","isforcompensation":"false","mailtaskto":"malaivasan.d@muraai.com","mailtaskfrom":"malaivasan.d@muraai.com","mailtasksubject":"Welcome to company","mailtaskcc":"","mailtaskbcc":"","mailtasktext":"Welcome ${name} ,\n\nThanks","mailtaskhtml":"","mailtaskcharset":""},"stencil":{"id":"MailTask"},"childShapes":[],"outgoing":[{"resourceId":"sid-60CD7D1D-3923-4264-97BC-BD23172613C8"}],"bounds":{"lowerRight":{"x":895,"y":219},"upperLeft":{"x":795,"y":139}},"dockers":[]},{"resourceId":"sid-59A9C468-22E4-49F6-9542-2BE18418ADF0","properties":{"overrideid":"","name":"Salary increase by 5000","documentation":"","asynchronousdefinition":"false","exclusivedefinition":"false","executionlisteners":"","multiinstance_type":"None","multiinstance_cardinality":"","multiinstance_collection":"","multiinstance_variable":"","multiinstance_condition":"","isforcompensation":"false","mailtaskto":"malaivasan.d@muraai.com","mailtaskfrom":"malaivasan.d@muraai.com","mailtasksubject":"Subject 1","mailtaskcc":"","mailtaskbcc":"","mailtasktext":"Your Current Salary is ${salary+5000}","mailtaskhtml":"","mailtaskcharset":""},"stencil":{"id":"MailTask"},"childShapes":[],"outgoing":[{"resourceId":"sid-BDB3F39C-C070-454B-8EF4-39114077BC16"}],"bounds":{"lowerRight":{"x":730,"y":380},"upperLeft":{"x":630,"y":300}},"dockers":[]},{"resourceId":"sid-C777D62A-2057-45E5-A526-EAD3A10155B2","properties":{"overrideid":"","name":"Salary increase by 10000","documentation":"","asynchronousdefinition":"false","exclusivedefinition":"false","executionlisteners":"","multiinstance_type":"None","multiinstance_cardinality":"","multiinstance_collection":"","multiinstance_variable":"","multiinstance_condition":"","isforcompensation":"false","mailtaskto":"malaivasan.d@muraai.com","mailtaskfrom":"malaivasan.d@muraai.com","mailtasksubject":"Subject 2","mailtaskcc":"","mailtaskbcc":"","mailtasktext":"Your Current Salary is ${salary+10000}","mailtaskhtml":"","mailtaskcharset":""},"stencil":{"id":"MailTask"},"childShapes":[],"outgoing":[{"resourceId":"sid-B253C079-73C5-4325-82F0-AB0A6888B941"}],"bounds":{"lowerRight":{"x":730,"y":485},"upperLeft":{"x":630,"y":405}},"dockers":[]},{"resourceId":"sid-2B161198-1C16-4B71-B4F7-5847E555067D","properties":{"overrideid":"","name":"","documentation":"","asynchronousdefinition":"false","exclusivedefinition":"false","sequencefloworder":""},"stencil":{"id":"InclusiveGateway"},"childShapes":[],"outgoing":[{"resourceId":"sid-132D1EE8-A675-4776-BDC7-F8D77D9EEB3B"},{"resourceId":"sid-8BD063CF-CF62-4E9C-B28F-E37308CDE951"}],"bounds":{"lowerRight":{"x":865,"y":360},"upperLeft":{"x":825,"y":320}},"dockers":[]},{"resourceId":"sid-132D1EE8-A675-4776-BDC7-F8D77D9EEB3B","properties":{"overrideid":"","name":"","documentation":"","conditionsequenceflow":{"expression":{"type":"variables","leftRestResponseId":"salary","operator":"<=","rightValue":"50000"}},"executionlisteners":"","defaultflow":"false"},"stencil":{"id":"SequenceFlow"},"childShapes":[],"outgoing":[{"resourceId":"sid-59A9C468-22E4-49F6-9542-2BE18418ADF0"}],"bounds":{"lowerRight":{"x":824.4589889386365,"y":340.43643199075115},"upperLeft":{"x":730.1328079363635,"y":340.15145863424885}},"dockers":[{"x":20.5,"y":20.5},{"x":50,"y":40}],"target":{"resourceId":"sid-59A9C468-22E4-49F6-9542-2BE18418ADF0"}},{"resourceId":"sid-503BB854-D958-4F04-ACFF-F6F414D4842C","properties":{"overrideid":"","name":"","documentation":"","conditionsequenceflow":"","executionlisteners":"","defaultflow":"false"},"stencil":{"id":"SequenceFlow"},"childShapes":[],"outgoing":[{"resourceId":"sid-27AA1A79-7A89-4125-ADFC-D3C78ABF0D65"}],"bounds":{"lowerRight":{"x":589.3828125,"y":235},"upperLeft":{"x":530.5,"y":199.578125}},"dockers":[{"x":20.5,"y":20.5},{"x":530.5,"y":235},{"x":50,"y":40}],"target":{"resourceId":"sid-27AA1A79-7A89-4125-ADFC-D3C78ABF0D65"}},{"resourceId":"sid-8BD063CF-CF62-4E9C-B28F-E37308CDE951","properties":{"overrideid":"","name":"","documentation":"","conditionsequenceflow":{"expression":{"type":"variables","leftRestResponseId":"salary","operator":">","rightValue":"50000"}},"executionlisteners":"","defaultflow":"false"},"stencil":{"id":"SequenceFlow"},"childShapes":[],"outgoing":[{"resourceId":"sid-C777D62A-2057-45E5-A526-EAD3A10155B2"}],"bounds":{"lowerRight":{"x":845.5,"y":445},"upperLeft":{"x":730.1328125,"y":360.27734375}},"dockers":[{"x":20.5,"y":20.5},{"x":845.5,"y":445},{"x":50,"y":40}],"target":{"resourceId":"sid-C777D62A-2057-45E5-A526-EAD3A10155B2"}},{"resourceId":"sid-60CD7D1D-3923-4264-97BC-BD23172613C8","properties":{"overrideid":"","name":"","documentation":"","conditionsequenceflow":"","executionlisteners":"","defaultflow":"false","showdiamondmarker":false},"stencil":{"id":"SequenceFlow"},"childShapes":[],"outgoing":[{"resourceId":"sid-2B161198-1C16-4B71-B4F7-5847E555067D"}],"bounds":{"lowerRight":{"x":847.3662584772719,"y":321.9220120272225},"upperLeft":{"x":845.6708508977281,"y":219.51939422277752}},"dockers":[{"x":50,"y":40},{"x":22.5,"y":10}],"target":{"resourceId":"sid-2B161198-1C16-4B71-B4F7-5847E555067D"}},{"resourceId":"sid-BDB3F39C-C070-454B-8EF4-39114077BC16","properties":{"overrideid":"","name":"","documentation":"","conditionsequenceflow":"","executionlisteners":"","defaultflow":"false"},"stencil":{"id":"SequenceFlow"},"childShapes":[],"outgoing":[{"resourceId":"sid-A8D807FB-49EC-4D39-8ABB-F7938BAB244A"}],"bounds":{"lowerRight":{"x":629.4296875,"y":431.7907868570037},"upperLeft":{"x":425.2272004816983,"y":340}},"dockers":[{"x":50,"y":40},{"x":468.5,"y":340},{"x":14,"y":14}],"target":{"resourceId":"sid-A8D807FB-49EC-4D39-8ABB-F7938BAB244A"}},{"resourceId":"sid-B253C079-73C5-4325-82F0-AB0A6888B941","properties":{"overrideid":"","name":"","documentation":"","conditionsequenceflow":"","executionlisteners":"","defaultflow":"false","showdiamondmarker":false},"stencil":{"id":"SequenceFlow"},"childShapes":[],"outgoing":[{"resourceId":"sid-A8D807FB-49EC-4D39-8ABB-F7938BAB244A"}],"bounds":{"lowerRight":{"x":629.04296875,"y":445},"upperLeft":{"x":433.25390625,"y":445}},"dockers":[{"x":50,"y":40},{"x":14,"y":14}],"target":{"resourceId":"sid-A8D807FB-49EC-4D39-8ABB-F7938BAB244A"}},{"resourceId":"sid-D8EF4DFA-699A-4DBE-8A00-76D0C05C795D","properties":{"overrideid":"","name":"","documentation":"","conditionsequenceflow":"","executionlisteners":"","defaultflow":"false","showdiamondmarker":false},"stencil":{"id":"SequenceFlow"},"childShapes":[],"outgoing":[{"resourceId":"sid-6234F381-8B28-4CA4-ABB2-8D5C1039DC86"}],"bounds":{"lowerRight":{"x":794.0975094118044,"y":177.91337038363517},"upperLeft":{"x":763.7462405881956,"y":175.27412961636483}},"dockers":[{"x":20.5,"y":20.5},{"x":19.5,"y":34.5}],"target":{"resourceId":"sid-6234F381-8B28-4CA4-ABB2-8D5C1039DC86"}},{"resourceId":"sid-522413D5-6FDE-424A-AB3C-53E13ECAC832","properties":{"overrideid":"","name":"","documentation":"","conditionsequenceflow":{"expression":{"type":"variables","operator":">","rightValue":"3","leftRestResponseId":"experience"}},"executionlisteners":"","defaultflow":false},"stencil":{"id":"SequenceFlow"},"childShapes":[],"outgoing":[{"resourceId":"sid-4DF1F794-BF8E-4504-A267-11B7161B6A70"}],"bounds":{"lowerRight":{"x":389.5195400032332,"y":185.417690936206},"upperLeft":{"x":340.1718662467668,"y":185.211215313794}},"dockers":[{"x":20.5,"y":20.5},{"x":50,"y":40}],"target":{"resourceId":"sid-4DF1F794-BF8E-4504-A267-11B7161B6A70"}}],"bounds":{"lowerRight":{"x":1200,"y":1050},"upperLeft":{"x":0,"y":0}},"stencilset":{"url":"stencilsets/bpmn2.0/bpmn2.0.json","namespace":"http://b3mn.org/stencilset/bpmn2.0#"},"ssextensions":[]}