<?xml version='1.0' encoding='UTF-8'?>
<definitions xmlns="http://www.omg.org/spec/BPMN/20100524/MODEL" xmlns:xsi="http://www.w3.org/2001/XMLSchema-instance" xmlns:xsd="http://www.w3.org/2001/XMLSchema" xmlns:activiti="http://activiti.org/bpmn" xmlns:bpmndi="http://www.omg.org/spec/BPMN/20100524/DI" xmlns:omgdc="http://www.omg.org/spec/DD/20100524/DC" xmlns:omgdi="http://www.omg.org/spec/DD/20100524/DI" typeLanguage="http://www.w3.org/2001/XMLSchema" expressionLanguage="http://www.w3.org/1999/XPath" targetNamespace="http://www.activiti.org/processdef" xmlns:modeler="http://activiti.com/modeler" modeler:version="1.0en" modeler:exportDateTime="20190610155331400" modeler:modelId="28031" modeler:modelVersion="6" modeler:modelLastUpdated="1560162144564">
  <message id="concept_ready_msg" name="conceptReady"/>
  <process id="Intermediatemsgevent" name="Intermediate msg event" isExecutable="true">
    <extensionElements>
      <activiti:eventListener events="TASK_COMPLETED" delegateExpression="${TrainingListener}"/>
    </extensionElements>
    <subProcess id="sid-3318DDFE-1A70-4F45-8913-3883557D9CCE" name="subProcess">
      <extensionElements>
        <modeler:editor-resource-id><![CDATA[sid-3318DDFE-1A70-4F45-8913-3883557D9CCE]]></modeler:editor-resource-id>
      </extensionElements>
      <startEvent id="sid-9A67D94F-920A-4728-BB7E-2BD3FE59E96F">
        <extensionElements>
          <modeler:editor-resource-id><![CDATA[sid-9A67D94F-920A-4728-BB7E-2BD3FE59E96F]]></modeler:editor-resource-id>
        </extensionElements>
      </startEvent>
      <userTask id="develop_book_concept" name="Develop Book Concept" activiti:assignee="$INITIATOR" activiti:formKey="30030">
        <extensionElements>
          <modeler:allow-send-email><![CDATA[false]]></modeler:allow-send-email>
          <modeler:form-reference-id><![CDATA[30030]]></modeler:form-reference-id>
          <modeler:form-reference-name><![CDATA[Develop Book Concept Form]]></modeler:form-reference-name>
          <modeler:activiti-idm-initiator><![CDATA[true]]></modeler:activiti-idm-initiator>
          <modeler:editor-resource-id><![CDATA[sid-B7E66BE1-810F-4C8C-952A-C339A4570675]]></modeler:editor-resource-id>
        </extensionElements>
      </userTask>
      <userTask id="sid-99649B75-F594-44D4-BE49-649E25A61313" name="Write Book Text" activiti:assignee="$INITIATOR" activiti:formKey="30031">
        <extensionElements>
          <modeler:allow-send-email><![CDATA[true]]></modeler:allow-send-email>
          <modeler:form-reference-id><![CDATA[30031]]></modeler:form-reference-id>
          <modeler:form-reference-name><![CDATA[Write Book Text]]></modeler:form-reference-name>
          <modeler:activiti-idm-initiator><![CDATA[true]]></modeler:activiti-idm-initiator>
          <modeler:editor-resource-id><![CDATA[sid-99649B75-F594-44D4-BE49-649E25A61313]]></modeler:editor-resource-id>
        </extensionElements>
      </userTask>
      <endEvent id="sid-2AE67C27-144F-4561-B077-E620F4FFB954">
        <extensionElements>
          <modeler:editor-resource-id><![CDATA[sid-2AE67C27-144F-4561-B077-E620F4FFB954]]></modeler:editor-resource-id>
        </extensionElements>
      </endEvent>
      <sequenceFlow id="sid-64C21611-49E0-49A9-9808-EA0144A21FB5" sourceRef="sid-9A67D94F-920A-4728-BB7E-2BD3FE59E96F" targetRef="develop_book_concept">
        <extensionElements>
          <modeler:editor-resource-id><![CDATA[sid-64C21611-49E0-49A9-9808-EA0144A21FB5]]></modeler:editor-resource-id>
        </extensionElements>
      </sequenceFlow>
      <sequenceFlow id="sid-A7BC4937-8955-4B6F-9748-6BCD53C2121F" sourceRef="sid-99649B75-F594-44D4-BE49-649E25A61313" targetRef="sid-2AE67C27-144F-4561-B077-E620F4FFB954">
        <extensionElements>
          <modeler:editor-resource-id><![CDATA[sid-A7BC4937-8955-4B6F-9748-6BCD53C2121F]]></modeler:editor-resource-id>
        </extensionElements>
      </sequenceFlow>
      <sequenceFlow id="sid-BEA9A42A-546D-46C7-961A-3BBB636B326A" sourceRef="develop_book_concept" targetRef="sid-99649B75-F594-44D4-BE49-649E25A61313">
        <extensionElements>
          <modeler:editor-resource-id><![CDATA[sid-BEA9A42A-546D-46C7-961A-3BBB636B326A]]></modeler:editor-resource-id>
        </extensionElements>
      </sequenceFlow>
    </subProcess>
    <subProcess id="sid-57D80DAD-311C-4987-AFE1-F991004DE13D" name="subProcess">
      <extensionElements>
        <modeler:editor-resource-id><![CDATA[sid-57D80DAD-311C-4987-AFE1-F991004DE13D]]></modeler:editor-resource-id>
      </extensionElements>
      <userTask id="sid-5FCD617D-D07F-41DB-9E90-DBA6B8214BB1" name="Develop Book Cover" activiti:assignee="$INITIATOR" activiti:formKey="30032">
        <extensionElements>
          <modeler:allow-send-email><![CDATA[true]]></modeler:allow-send-email>
          <modeler:form-reference-id><![CDATA[30032]]></modeler:form-reference-id>
          <modeler:form-reference-name><![CDATA[Develop Book Cover Form]]></modeler:form-reference-name>
          <modeler:activiti-idm-initiator><![CDATA[true]]></modeler:activiti-idm-initiator>
          <modeler:editor-resource-id><![CDATA[sid-5FCD617D-D07F-41DB-9E90-DBA6B8214BB1]]></modeler:editor-resource-id>
        </extensionElements>
      </userTask>
      <endEvent id="sid-119A988B-23F5-4DC1-B794-6257C377C8BA">
        <extensionElements>
          <modeler:editor-resource-id><![CDATA[sid-119A988B-23F5-4DC1-B794-6257C377C8BA]]></modeler:editor-resource-id>
        </extensionElements>
      </endEvent>
      <intermediateCatchEvent id="intermediate_msg_catch_event" name="Message Catching">
        <extensionElements>
          <modeler:editor-resource-id><![CDATA[sid-30B5D000-1EB3-449C-A131-E0C0F63A4DC8]]></modeler:editor-resource-id>
        </extensionElements>
        <messageEventDefinition messageRef="concept_ready_msg"/>
      </intermediateCatchEvent>
      <startEvent id="sid-95802D5F-29CC-4606-BB47-BE71328CF879">
        <extensionElements>
          <modeler:editor-resource-id><![CDATA[sid-95802D5F-29CC-4606-BB47-BE71328CF879]]></modeler:editor-resource-id>
        </extensionElements>
      </startEvent>
      <sequenceFlow id="sid-FE81115F-2E21-4335-9F56-EAB6EAD9FB44" sourceRef="intermediate_msg_catch_event" targetRef="sid-5FCD617D-D07F-41DB-9E90-DBA6B8214BB1">
        <extensionElements>
          <modeler:editor-resource-id><![CDATA[sid-FE81115F-2E21-4335-9F56-EAB6EAD9FB44]]></modeler:editor-resource-id>
        </extensionElements>
      </sequenceFlow>
      <sequenceFlow id="sid-B168FCFE-0431-43E1-86A7-D26ADEE86C2D" sourceRef="sid-5FCD617D-D07F-41DB-9E90-DBA6B8214BB1" targetRef="sid-119A988B-23F5-4DC1-B794-6257C377C8BA">
        <extensionElements>
          <modeler:editor-resource-id><![CDATA[sid-B168FCFE-0431-43E1-86A7-D26ADEE86C2D]]></modeler:editor-resource-id>
        </extensionElements>
      </sequenceFlow>
      <sequenceFlow id="sid-B0606717-5FD8-4A80-B4BD-F380656D77CF" sourceRef="sid-95802D5F-29CC-4606-BB47-BE71328CF879" targetRef="intermediate_msg_catch_event">
        <extensionElements>
          <modeler:editor-resource-id><![CDATA[sid-B0606717-5FD8-4A80-B4BD-F380656D77CF]]></modeler:editor-resource-id>
        </extensionElements>
      </sequenceFlow>
    </subProcess>
    <parallelGateway id="sid-7C4D8954-3A6A-466B-825B-EB786C259B26">
      <extensionElements>
        <modeler:editor-resource-id><![CDATA[sid-7C4D8954-3A6A-466B-825B-EB786C259B26]]></modeler:editor-resource-id>
      </extensionElements>
    </parallelGateway>
    <sequenceFlow id="sid-82270317-74B2-4279-8F88-4A1DE2068F11" sourceRef="sid-57D80DAD-311C-4987-AFE1-F991004DE13D" targetRef="sid-7C4D8954-3A6A-466B-825B-EB786C259B26">
      <extensionElements>
        <modeler:editor-resource-id><![CDATA[sid-82270317-74B2-4279-8F88-4A1DE2068F11]]></modeler:editor-resource-id>
      </extensionElements>
    </sequenceFlow>
    <sequenceFlow id="sid-61629381-EDD0-4BCE-BF30-E27FD5EF73B9" sourceRef="sid-3318DDFE-1A70-4F45-8913-3883557D9CCE" targetRef="sid-7C4D8954-3A6A-466B-825B-EB786C259B26">
      <extensionElements>
        <modeler:editor-resource-id><![CDATA[sid-61629381-EDD0-4BCE-BF30-E27FD5EF73B9]]></modeler:editor-resource-id>
      </extensionElements>
    </sequenceFlow>
    <userTask id="sid-5F3CF31D-806B-4475-AE6A-7C0A938C07DF" name="Book Ready" activiti:assignee="$INITIATOR" activiti:formKey="30033">
      <extensionElements>
        <modeler:allow-send-email><![CDATA[true]]></modeler:allow-send-email>
        <modeler:form-reference-id><![CDATA[30033]]></modeler:form-reference-id>
        <modeler:form-reference-name><![CDATA[Book Ready Form]]></modeler:form-reference-name>
        <modeler:activiti-idm-initiator><![CDATA[true]]></modeler:activiti-idm-initiator>
        <modeler:editor-resource-id><![CDATA[sid-5F3CF31D-806B-4475-AE6A-7C0A938C07DF]]></modeler:editor-resource-id>
      </extensionElements>
    </userTask>
    <sequenceFlow id="sid-693F76EB-74DF-4A76-BBF1-B94566EEAC49" sourceRef="sid-7C4D8954-3A6A-466B-825B-EB786C259B26" targetRef="sid-5F3CF31D-806B-4475-AE6A-7C0A938C07DF">
      <extensionElements>
        <modeler:editor-resource-id><![CDATA[sid-693F76EB-74DF-4A76-BBF1-B94566EEAC49]]></modeler:editor-resource-id>
      </extensionElements>
    </sequenceFlow>
    <endEvent id="sid-1E4A7C9C-0D12-496D-A1BA-BF1FAB1396DB">
      <extensionElements>
        <modeler:editor-resource-id><![CDATA[sid-1E4A7C9C-0D12-496D-A1BA-BF1FAB1396DB]]></modeler:editor-resource-id>
      </extensionElements>
    </endEvent>
    <sequenceFlow id="sid-DB29B582-0D75-46CA-8093-53582A7BA900" sourceRef="sid-5F3CF31D-806B-4475-AE6A-7C0A938C07DF" targetRef="sid-1E4A7C9C-0D12-496D-A1BA-BF1FAB1396DB">
      <extensionElements>
        <modeler:editor-resource-id><![CDATA[sid-DB29B582-0D75-46CA-8093-53582A7BA900]]></modeler:editor-resource-id>
      </extensionElements>
    </sequenceFlow>
    <parallelGateway id="sid-05324A76-730B-4D8C-827C-DB9DBF78F1E6">
      <extensionElements>
        <modeler:editor-resource-id><![CDATA[sid-05324A76-730B-4D8C-827C-DB9DBF78F1E6]]></modeler:editor-resource-id>
      </extensionElements>
    </parallelGateway>
    <sequenceFlow id="sid-97DC3A1B-CEFC-49C4-958A-25D41020981B" sourceRef="sid-05324A76-730B-4D8C-827C-DB9DBF78F1E6" targetRef="sid-3318DDFE-1A70-4F45-8913-3883557D9CCE">
      <extensionElements>
        <modeler:editor-resource-id><![CDATA[sid-97DC3A1B-CEFC-49C4-958A-25D41020981B]]></modeler:editor-resource-id>
      </extensionElements>
    </sequenceFlow>
    <sequenceFlow id="sid-F15B700A-1815-4293-9E8F-061BA07C1212" sourceRef="sid-05324A76-730B-4D8C-827C-DB9DBF78F1E6" targetRef="sid-57D80DAD-311C-4987-AFE1-F991004DE13D">
      <extensionElements>
        <modeler:editor-resource-id><![CDATA[sid-F15B700A-1815-4293-9E8F-061BA07C1212]]></modeler:editor-resource-id>
      </extensionElements>
    </sequenceFlow>
    <startEvent id="sid-FD473F88-F6A1-4453-8F89-6CAC30239B72">
      <extensionElements>
        <modeler:editor-resource-id><![CDATA[sid-FD473F88-F6A1-4453-8F89-6CAC30239B72]]></modeler:editor-resource-id>
      </extensionElements>
    </startEvent>
    <sequenceFlow id="sid-2140341F-0580-45B7-935C-331E3A2C09AB" sourceRef="sid-FD473F88-F6A1-4453-8F89-6CAC30239B72" targetRef="sid-05324A76-730B-4D8C-827C-DB9DBF78F1E6">
      <extensionElements>
        <modeler:editor-resource-id><![CDATA[sid-2140341F-0580-45B7-935C-331E3A2C09AB]]></modeler:editor-resource-id>
      </extensionElements>
    </sequenceFlow>
  </process>
  <bpmndi:BPMNDiagram id="BPMNDiagram_Intermediatemsgevent">
    <bpmndi:BPMNPlane bpmnElement="Intermediatemsgevent" id="BPMNPlane_Intermediatemsgevent">
      <bpmndi:BPMNShape bpmnElement="sid-3318DDFE-1A70-4F45-8913-3883557D9CCE" id="BPMNShape_sid-3318DDFE-1A70-4F45-8913-3883557D9CCE">
        <omgdc:Bounds height="100.0" width="457.0" x="236.5" y="45.0"/>
      </bpmndi:BPMNShape>
      <bpmndi:BPMNShape bpmnElement="sid-9A67D94F-920A-4728-BB7E-2BD3FE59E96F" id="BPMNShape_sid-9A67D94F-920A-4728-BB7E-2BD3FE59E96F">
        <omgdc:Bounds height="30.0" width="30.0" x="273.5" y="80.0"/>
      </bpmndi:BPMNShape>
      <bpmndi:BPMNShape bpmnElement="develop_book_concept" id="BPMNShape_develop_book_concept">
        <omgdc:Bounds height="80.0" width="100.0" x="350.0" y="55.0"/>
      </bpmndi:BPMNShape>
      <bpmndi:BPMNShape bpmnElement="sid-99649B75-F594-44D4-BE49-649E25A61313" id="BPMNShape_sid-99649B75-F594-44D4-BE49-649E25A61313">
        <omgdc:Bounds height="80.0" width="100.0" x="510.0" y="55.0"/>
      </bpmndi:BPMNShape>
      <bpmndi:BPMNShape bpmnElement="sid-2AE67C27-144F-4561-B077-E620F4FFB954" id="BPMNShape_sid-2AE67C27-144F-4561-B077-E620F4FFB954">
        <omgdc:Bounds height="28.0" width="28.0" x="651.5" y="81.0"/>
      </bpmndi:BPMNShape>
      <bpmndi:BPMNShape bpmnElement="sid-57D80DAD-311C-4987-AFE1-F991004DE13D" id="BPMNShape_sid-57D80DAD-311C-4987-AFE1-F991004DE13D">
        <omgdc:Bounds height="121.0" width="458.0" x="240.0" y="180.0"/>
      </bpmndi:BPMNShape>
      <bpmndi:BPMNShape bpmnElement="sid-5FCD617D-D07F-41DB-9E90-DBA6B8214BB1" id="BPMNShape_sid-5FCD617D-D07F-41DB-9E90-DBA6B8214BB1">
        <omgdc:Bounds height="80.0" width="100.0" x="415.0" y="205.0"/>
      </bpmndi:BPMNShape>
      <bpmndi:BPMNShape bpmnElement="sid-119A988B-23F5-4DC1-B794-6257C377C8BA" id="BPMNShape_sid-119A988B-23F5-4DC1-B794-6257C377C8BA">
        <omgdc:Bounds height="28.0" width="28.0" x="580.5" y="231.0"/>
      </bpmndi:BPMNShape>
      <bpmndi:BPMNShape bpmnElement="intermediate_msg_catch_event" id="BPMNShape_intermediate_msg_catch_event">
        <omgdc:Bounds height="30.0" width="30.0" x="330.0" y="230.0"/>
      </bpmndi:BPMNShape>
      <bpmndi:BPMNShape bpmnElement="sid-95802D5F-29CC-4606-BB47-BE71328CF879" id="BPMNShape_sid-95802D5F-29CC-4606-BB47-BE71328CF879">
        <omgdc:Bounds height="30.0" width="30.0" x="268.5" y="230.0"/>
      </bpmndi:BPMNShape>
      <bpmndi:BPMNShape bpmnElement="sid-7C4D8954-3A6A-466B-825B-EB786C259B26" id="BPMNShape_sid-7C4D8954-3A6A-466B-825B-EB786C259B26">
        <omgdc:Bounds height="40.0" width="40.0" x="773.5" y="156.0"/>
      </bpmndi:BPMNShape>
      <bpmndi:BPMNShape bpmnElement="sid-5F3CF31D-806B-4475-AE6A-7C0A938C07DF" id="BPMNShape_sid-5F3CF31D-806B-4475-AE6A-7C0A938C07DF">
        <omgdc:Bounds height="80.0" width="100.0" x="865.0" y="136.0"/>
      </bpmndi:BPMNShape>
      <bpmndi:BPMNShape bpmnElement="sid-1E4A7C9C-0D12-496D-A1BA-BF1FAB1396DB" id="BPMNShape_sid-1E4A7C9C-0D12-496D-A1BA-BF1FAB1396DB">
        <omgdc:Bounds height="28.0" width="28.0" x="1005.0" y="162.0"/>
      </bpmndi:BPMNShape>
      <bpmndi:BPMNShape bpmnElement="sid-05324A76-730B-4D8C-827C-DB9DBF78F1E6" id="BPMNShape_sid-05324A76-730B-4D8C-827C-DB9DBF78F1E6">
        <omgdc:Bounds height="40.0" width="40.0" x="165.0" y="146.0"/>
      </bpmndi:BPMNShape>
      <bpmndi:BPMNShape bpmnElement="sid-FD473F88-F6A1-4453-8F89-6CAC30239B72" id="BPMNShape_sid-FD473F88-F6A1-4453-8F89-6CAC30239B72">
        <omgdc:Bounds height="30.0" width="30.0" x="45.0" y="151.0"/>
      </bpmndi:BPMNShape>
      <bpmndi:BPMNEdge bpmnElement="sid-BEA9A42A-546D-46C7-961A-3BBB636B326A" id="BPMNEdge_sid-BEA9A42A-546D-46C7-961A-3BBB636B326A">
        <omgdi:waypoint x="450.0" y="95.0"/>
        <omgdi:waypoint x="510.0" y="95.0"/>
      </bpmndi:BPMNEdge>
      <bpmndi:BPMNEdge bpmnElement="sid-F15B700A-1815-4293-9E8F-061BA07C1212" id="BPMNEdge_sid-F15B700A-1815-4293-9E8F-061BA07C1212">
        <omgdi:waypoint x="185.5" y="185.5"/>
        <omgdi:waypoint x="185.5" y="240.5"/>
        <omgdi:waypoint x="240.0" y="240.5"/>
      </bpmndi:BPMNEdge>
      <bpmndi:BPMNEdge bpmnElement="sid-2140341F-0580-45B7-935C-331E3A2C09AB" id="BPMNEdge_sid-2140341F-0580-45B7-935C-331E3A2C09AB">
        <omgdi:waypoint x="75.0" y="166.0"/>
        <omgdi:waypoint x="165.0" y="166.0"/>
      </bpmndi:BPMNEdge>
      <bpmndi:BPMNEdge bpmnElement="sid-64C21611-49E0-49A9-9808-EA0144A21FB5" id="BPMNEdge_sid-64C21611-49E0-49A9-9808-EA0144A21FB5">
        <omgdi:waypoint x="303.5" y="95.0"/>
        <omgdi:waypoint x="350.0" y="95.0"/>
      </bpmndi:BPMNEdge>
      <bpmndi:BPMNEdge bpmnElement="sid-82270317-74B2-4279-8F88-4A1DE2068F11" id="BPMNEdge_sid-82270317-74B2-4279-8F88-4A1DE2068F11">
        <omgdi:waypoint x="698.0" y="240.5"/>
        <omgdi:waypoint x="793.5" y="240.5"/>
        <omgdi:waypoint x="793.5" y="196.0"/>
      </bpmndi:BPMNEdge>
      <bpmndi:BPMNEdge bpmnElement="sid-97DC3A1B-CEFC-49C4-958A-25D41020981B" id="BPMNEdge_sid-97DC3A1B-CEFC-49C4-958A-25D41020981B">
        <omgdi:waypoint x="185.5" y="146.5"/>
        <omgdi:waypoint x="185.5" y="95.0"/>
        <omgdi:waypoint x="236.5" y="95.0"/>
      </bpmndi:BPMNEdge>
      <bpmndi:BPMNEdge bpmnElement="sid-61629381-EDD0-4BCE-BF30-E27FD5EF73B9" id="BPMNEdge_sid-61629381-EDD0-4BCE-BF30-E27FD5EF73B9">
        <omgdi:waypoint x="693.5" y="95.0"/>
        <omgdi:waypoint x="793.5" y="95.0"/>
        <omgdi:waypoint x="793.5" y="156.0"/>
      </bpmndi:BPMNEdge>
      <bpmndi:BPMNEdge bpmnElement="sid-A7BC4937-8955-4B6F-9748-6BCD53C2121F" id="BPMNEdge_sid-A7BC4937-8955-4B6F-9748-6BCD53C2121F">
        <omgdi:waypoint x="610.0" y="95.0"/>
        <omgdi:waypoint x="651.5" y="95.0"/>
      </bpmndi:BPMNEdge>
      <bpmndi:BPMNEdge bpmnElement="sid-DB29B582-0D75-46CA-8093-53582A7BA900" id="BPMNEdge_sid-DB29B582-0D75-46CA-8093-53582A7BA900">
        <omgdi:waypoint x="965.0" y="176.0"/>
        <omgdi:waypoint x="1005.0" y="176.0"/>
      </bpmndi:BPMNEdge>
      <bpmndi:BPMNEdge bpmnElement="sid-B168FCFE-0431-43E1-86A7-D26ADEE86C2D" id="BPMNEdge_sid-B168FCFE-0431-43E1-86A7-D26ADEE86C2D">
        <omgdi:waypoint x="515.0" y="245.0"/>
        <omgdi:waypoint x="580.5" y="245.0"/>
      </bpmndi:BPMNEdge>
      <bpmndi:BPMNEdge bpmnElement="sid-FE81115F-2E21-4335-9F56-EAB6EAD9FB44" id="BPMNEdge_sid-FE81115F-2E21-4335-9F56-EAB6EAD9FB44">
        <omgdi:waypoint x="360.0" y="245.0"/>
        <omgdi:waypoint x="415.0" y="245.0"/>
      </bpmndi:BPMNEdge>
      <bpmndi:BPMNEdge bpmnElement="sid-B0606717-5FD8-4A80-B4BD-F380656D77CF" id="BPMNEdge_sid-B0606717-5FD8-4A80-B4BD-F380656D77CF">
        <omgdi:waypoint x="298.5" y="245.0"/>
        <omgdi:waypoint x="330.0" y="245.0"/>
      </bpmndi:BPMNEdge>
      <bpmndi:BPMNEdge bpmnElement="sid-693F76EB-74DF-4A76-BBF1-B94566EEAC49" id="BPMNEdge_sid-693F76EB-74DF-4A76-BBF1-B94566EEAC49">
        <omgdi:waypoint x="813.0788381742739" y="176.42116182572613"/>
        <omgdi:waypoint x="865.0" y="176.20661157024793"/>
      </bpmndi:BPMNEdge>
    </bpmndi:BPMNPlane>
  </bpmndi:BPMNDiagram>
</definitions>