<?xml version='1.0' encoding='UTF-8'?>
<definitions xmlns="http://www.omg.org/spec/BPMN/20100524/MODEL" xmlns:xsi="http://www.w3.org/2001/XMLSchema-instance" xmlns:xsd="http://www.w3.org/2001/XMLSchema" xmlns:activiti="http://activiti.org/bpmn" xmlns:bpmndi="http://www.omg.org/spec/BPMN/20100524/DI" xmlns:omgdc="http://www.omg.org/spec/DD/20100524/DC" xmlns:omgdi="http://www.omg.org/spec/DD/20100524/DI" typeLanguage="http://www.w3.org/2001/XMLSchema" expressionLanguage="http://www.w3.org/1999/XPath" targetNamespace="http://www.activiti.org/processdef" xmlns:modeler="http://activiti.com/modeler" modeler:version="1.0en" modeler:exportDateTime="20190610155331211" modeler:modelId="28030" modeler:modelVersion="8" modeler:modelLastUpdated="1560162143445">
  <signal id="book_concept_signal" name="bookconcept" activiti:scope="processInstance"/>
  <process id="Intermediate_Signal_events" name="Intermediate_Signal_events" isExecutable="true">
    <startEvent id="startEvent1">
      <extensionElements>
        <modeler:editor-resource-id><![CDATA[startEvent1]]></modeler:editor-resource-id>
      </extensionElements>
    </startEvent>
    <parallelGateway id="sid-712AB1A8-D1BB-47C8-B8AE-CF95BD912123">
      <extensionElements>
        <modeler:editor-resource-id><![CDATA[sid-712AB1A8-D1BB-47C8-B8AE-CF95BD912123]]></modeler:editor-resource-id>
      </extensionElements>
    </parallelGateway>
    <sequenceFlow id="sid-556C3A61-98D5-4093-A4B2-D8B5AD6110B8" sourceRef="startEvent1" targetRef="sid-712AB1A8-D1BB-47C8-B8AE-CF95BD912123">
      <extensionElements>
        <modeler:editor-resource-id><![CDATA[sid-556C3A61-98D5-4093-A4B2-D8B5AD6110B8]]></modeler:editor-resource-id>
      </extensionElements>
    </sequenceFlow>
    <subProcess id="sid-E5034A40-44A3-489F-A50D-C647DE38D38F" name="subProcess">
      <extensionElements>
        <modeler:editor-resource-id><![CDATA[sid-E5034A40-44A3-489F-A50D-C647DE38D38F]]></modeler:editor-resource-id>
      </extensionElements>
      <startEvent id="sid-A565D355-2B89-40AD-82C3-5B757A0C0D17">
        <extensionElements>
          <modeler:editor-resource-id><![CDATA[sid-A565D355-2B89-40AD-82C3-5B757A0C0D17]]></modeler:editor-resource-id>
        </extensionElements>
      </startEvent>
      <endEvent id="sid-5A07C9CE-BDA8-4399-A5C9-3032400171B8">
        <extensionElements>
          <modeler:editor-resource-id><![CDATA[sid-5A07C9CE-BDA8-4399-A5C9-3032400171B8]]></modeler:editor-resource-id>
        </extensionElements>
      </endEvent>
      <userTask id="sid-CD888C63-5762-4E62-9D93-97DA3F5916AB" name="Develop Book Concept" activiti:assignee="$INITIATOR" activiti:formKey="30030">
        <extensionElements>
          <modeler:allow-send-email><![CDATA[true]]></modeler:allow-send-email>
          <modeler:form-reference-id><![CDATA[30030]]></modeler:form-reference-id>
          <modeler:form-reference-name><![CDATA[Develop Book Concept Form]]></modeler:form-reference-name>
          <modeler:activiti-idm-initiator><![CDATA[true]]></modeler:activiti-idm-initiator>
          <modeler:editor-resource-id><![CDATA[sid-CD888C63-5762-4E62-9D93-97DA3F5916AB]]></modeler:editor-resource-id>
        </extensionElements>
      </userTask>
      <userTask id="sid-D0ED1412-8EE8-4DE6-9D55-BF9D01165C7E" name="Write Book Text" activiti:assignee="$INITIATOR" activiti:formKey="30031">
        <extensionElements>
          <modeler:allow-send-email><![CDATA[true]]></modeler:allow-send-email>
          <modeler:form-reference-id><![CDATA[30031]]></modeler:form-reference-id>
          <modeler:form-reference-name><![CDATA[Write Book Text]]></modeler:form-reference-name>
          <modeler:activiti-idm-initiator><![CDATA[true]]></modeler:activiti-idm-initiator>
          <modeler:editor-resource-id><![CDATA[sid-D0ED1412-8EE8-4DE6-9D55-BF9D01165C7E]]></modeler:editor-resource-id>
        </extensionElements>
      </userTask>
      <intermediateThrowEvent id="ITE" name="Concept Ready">
        <extensionElements>
          <modeler:editor-resource-id><![CDATA[sid-BFA5A3BB-FBD1-4A49-B814-6CDC46A771F4]]></modeler:editor-resource-id>
        </extensionElements>
        <signalEventDefinition signalRef="book_concept_signal"/>
      </intermediateThrowEvent>
      <sequenceFlow id="sid-B0343CEB-F2DA-45E9-B2D9-761A661754C2" sourceRef="sid-A565D355-2B89-40AD-82C3-5B757A0C0D17" targetRef="sid-CD888C63-5762-4E62-9D93-97DA3F5916AB">
        <extensionElements>
          <modeler:editor-resource-id><![CDATA[sid-B0343CEB-F2DA-45E9-B2D9-761A661754C2]]></modeler:editor-resource-id>
        </extensionElements>
      </sequenceFlow>
      <sequenceFlow id="sid-734D4649-9EC6-4D52-B19A-B906B5552F0C" sourceRef="sid-D0ED1412-8EE8-4DE6-9D55-BF9D01165C7E" targetRef="sid-5A07C9CE-BDA8-4399-A5C9-3032400171B8">
        <extensionElements>
          <modeler:editor-resource-id><![CDATA[sid-734D4649-9EC6-4D52-B19A-B906B5552F0C]]></modeler:editor-resource-id>
        </extensionElements>
      </sequenceFlow>
      <sequenceFlow id="sid-56FEE288-2B71-4FA5-9A3E-03601FE5BD5E" sourceRef="sid-CD888C63-5762-4E62-9D93-97DA3F5916AB" targetRef="ITE">
        <extensionElements>
          <modeler:editor-resource-id><![CDATA[sid-56FEE288-2B71-4FA5-9A3E-03601FE5BD5E]]></modeler:editor-resource-id>
        </extensionElements>
      </sequenceFlow>
      <sequenceFlow id="sid-64330325-5586-4694-A732-76AF14E5D09A" sourceRef="ITE" targetRef="sid-D0ED1412-8EE8-4DE6-9D55-BF9D01165C7E">
        <extensionElements>
          <modeler:editor-resource-id><![CDATA[sid-64330325-5586-4694-A732-76AF14E5D09A]]></modeler:editor-resource-id>
        </extensionElements>
      </sequenceFlow>
    </subProcess>
    <subProcess id="sid-D8D08CDB-A579-4843-9183-6DD2D867A477" name="subProcess">
      <extensionElements>
        <modeler:editor-resource-id><![CDATA[sid-D8D08CDB-A579-4843-9183-6DD2D867A477]]></modeler:editor-resource-id>
      </extensionElements>
      <startEvent id="sid-2503C6EE-F713-4AB9-90B1-E0937F83BF1A">
        <extensionElements>
          <modeler:editor-resource-id><![CDATA[sid-2503C6EE-F713-4AB9-90B1-E0937F83BF1A]]></modeler:editor-resource-id>
        </extensionElements>
      </startEvent>
      <endEvent id="sid-8571782E-46C6-4ABA-9547-0D6BA7BC3472">
        <extensionElements>
          <modeler:editor-resource-id><![CDATA[sid-8571782E-46C6-4ABA-9547-0D6BA7BC3472]]></modeler:editor-resource-id>
        </extensionElements>
      </endEvent>
      <userTask id="sid-22AA09EA-B82F-4A05-B39D-9A97CD265604" name="Develop Book Cover" activiti:assignee="$INITIATOR" activiti:formKey="30032">
        <extensionElements>
          <modeler:allow-send-email><![CDATA[true]]></modeler:allow-send-email>
          <modeler:form-reference-id><![CDATA[30032]]></modeler:form-reference-id>
          <modeler:form-reference-name><![CDATA[Develop Book Cover Form]]></modeler:form-reference-name>
          <modeler:activiti-idm-initiator><![CDATA[true]]></modeler:activiti-idm-initiator>
          <modeler:editor-resource-id><![CDATA[sid-22AA09EA-B82F-4A05-B39D-9A97CD265604]]></modeler:editor-resource-id>
        </extensionElements>
      </userTask>
      <intermediateCatchEvent id="ICE" name="Concept Ready">
        <extensionElements>
          <modeler:editor-resource-id><![CDATA[sid-58AFF017-EC03-485B-840A-3A89CDF6FF80]]></modeler:editor-resource-id>
        </extensionElements>
        <signalEventDefinition signalRef="book_concept_signal"/>
      </intermediateCatchEvent>
      <sequenceFlow id="sid-54CDD2E3-AF4E-4EDE-9227-41B82CF164B2" sourceRef="sid-22AA09EA-B82F-4A05-B39D-9A97CD265604" targetRef="sid-8571782E-46C6-4ABA-9547-0D6BA7BC3472">
        <extensionElements>
          <modeler:editor-resource-id><![CDATA[sid-54CDD2E3-AF4E-4EDE-9227-41B82CF164B2]]></modeler:editor-resource-id>
        </extensionElements>
      </sequenceFlow>
      <sequenceFlow id="sid-0E88E504-430C-416D-A8CB-90CD4E493E3E" sourceRef="sid-2503C6EE-F713-4AB9-90B1-E0937F83BF1A" targetRef="ICE">
        <extensionElements>
          <modeler:editor-resource-id><![CDATA[sid-0E88E504-430C-416D-A8CB-90CD4E493E3E]]></modeler:editor-resource-id>
        </extensionElements>
      </sequenceFlow>
      <sequenceFlow id="sid-4F739C0F-7267-43A6-9B44-5B64A315E13B" sourceRef="ICE" targetRef="sid-22AA09EA-B82F-4A05-B39D-9A97CD265604">
        <extensionElements>
          <modeler:editor-resource-id><![CDATA[sid-4F739C0F-7267-43A6-9B44-5B64A315E13B]]></modeler:editor-resource-id>
        </extensionElements>
      </sequenceFlow>
    </subProcess>
    <sequenceFlow id="sid-DCCC2386-7488-4771-B5C9-0DBC5DF70555" sourceRef="sid-712AB1A8-D1BB-47C8-B8AE-CF95BD912123" targetRef="sid-D8D08CDB-A579-4843-9183-6DD2D867A477">
      <extensionElements>
        <modeler:editor-resource-id><![CDATA[sid-DCCC2386-7488-4771-B5C9-0DBC5DF70555]]></modeler:editor-resource-id>
      </extensionElements>
    </sequenceFlow>
    <parallelGateway id="sid-F2ACFAE6-D481-4141-A156-AD5CABB34596">
      <extensionElements>
        <modeler:editor-resource-id><![CDATA[sid-F2ACFAE6-D481-4141-A156-AD5CABB34596]]></modeler:editor-resource-id>
      </extensionElements>
    </parallelGateway>
    <sequenceFlow id="sid-06749BFF-3E7F-4A41-9861-714CD830B996" sourceRef="sid-D8D08CDB-A579-4843-9183-6DD2D867A477" targetRef="sid-F2ACFAE6-D481-4141-A156-AD5CABB34596">
      <extensionElements>
        <modeler:editor-resource-id><![CDATA[sid-06749BFF-3E7F-4A41-9861-714CD830B996]]></modeler:editor-resource-id>
      </extensionElements>
    </sequenceFlow>
    <userTask id="sid-D0074F91-8ABA-4170-9235-2C08BD24D5D8" name="Book Ready" activiti:assignee="$INITIATOR" activiti:formKey="30033">
      <extensionElements>
        <modeler:allow-send-email><![CDATA[true]]></modeler:allow-send-email>
        <modeler:form-reference-id><![CDATA[30033]]></modeler:form-reference-id>
        <modeler:form-reference-name><![CDATA[Book Ready Form]]></modeler:form-reference-name>
        <modeler:activiti-idm-initiator><![CDATA[true]]></modeler:activiti-idm-initiator>
        <modeler:editor-resource-id><![CDATA[sid-D0074F91-8ABA-4170-9235-2C08BD24D5D8]]></modeler:editor-resource-id>
      </extensionElements>
    </userTask>
    <sequenceFlow id="sid-9C0BE067-EB25-482D-ACE5-4453B1AC9FBE" sourceRef="sid-F2ACFAE6-D481-4141-A156-AD5CABB34596" targetRef="sid-D0074F91-8ABA-4170-9235-2C08BD24D5D8">
      <extensionElements>
        <modeler:editor-resource-id><![CDATA[sid-9C0BE067-EB25-482D-ACE5-4453B1AC9FBE]]></modeler:editor-resource-id>
      </extensionElements>
    </sequenceFlow>
    <endEvent id="sid-A4353FCE-5F7C-4E41-88D5-BFE589D77D4D">
      <extensionElements>
        <modeler:editor-resource-id><![CDATA[sid-A4353FCE-5F7C-4E41-88D5-BFE589D77D4D]]></modeler:editor-resource-id>
      </extensionElements>
    </endEvent>
    <sequenceFlow id="sid-15403F22-CE31-4FB0-AD30-2A24E9703B88" sourceRef="sid-D0074F91-8ABA-4170-9235-2C08BD24D5D8" targetRef="sid-A4353FCE-5F7C-4E41-88D5-BFE589D77D4D">
      <extensionElements>
        <modeler:editor-resource-id><![CDATA[sid-15403F22-CE31-4FB0-AD30-2A24E9703B88]]></modeler:editor-resource-id>
      </extensionElements>
    </sequenceFlow>
    <sequenceFlow id="sid-88BBD6A0-CDF5-4C4F-AC04-E59E3E76568F" sourceRef="sid-712AB1A8-D1BB-47C8-B8AE-CF95BD912123" targetRef="sid-E5034A40-44A3-489F-A50D-C647DE38D38F">
      <extensionElements>
        <modeler:editor-resource-id><![CDATA[sid-88BBD6A0-CDF5-4C4F-AC04-E59E3E76568F]]></modeler:editor-resource-id>
      </extensionElements>
    </sequenceFlow>
    <sequenceFlow id="sid-C73AA98E-31AD-414A-9DB8-5A5823E905A6" sourceRef="sid-E5034A40-44A3-489F-A50D-C647DE38D38F" targetRef="sid-F2ACFAE6-D481-4141-A156-AD5CABB34596">
      <extensionElements>
        <modeler:editor-resource-id><![CDATA[sid-C73AA98E-31AD-414A-9DB8-5A5823E905A6]]></modeler:editor-resource-id>
      </extensionElements>
    </sequenceFlow>
  </process>
  <bpmndi:BPMNDiagram id="BPMNDiagram_Intermediate_Signal_events">
    <bpmndi:BPMNPlane bpmnElement="Intermediate_Signal_events" id="BPMNPlane_Intermediate_Signal_events">
      <bpmndi:BPMNShape bpmnElement="startEvent1" id="BPMNShape_startEvent1">
        <omgdc:Bounds height="30.0" width="30.0" x="150.0" y="175.0"/>
      </bpmndi:BPMNShape>
      <bpmndi:BPMNShape bpmnElement="sid-712AB1A8-D1BB-47C8-B8AE-CF95BD912123" id="BPMNShape_sid-712AB1A8-D1BB-47C8-B8AE-CF95BD912123">
        <omgdc:Bounds height="40.0" width="40.0" x="210.0" y="170.0"/>
      </bpmndi:BPMNShape>
      <bpmndi:BPMNShape bpmnElement="sid-E5034A40-44A3-489F-A50D-C647DE38D38F" id="BPMNShape_sid-E5034A40-44A3-489F-A50D-C647DE38D38F">
        <omgdc:Bounds height="107.0" width="552.0" x="274.0" y="75.0"/>
      </bpmndi:BPMNShape>
      <bpmndi:BPMNShape bpmnElement="sid-A565D355-2B89-40AD-82C3-5B757A0C0D17" id="BPMNShape_sid-A565D355-2B89-40AD-82C3-5B757A0C0D17">
        <omgdc:Bounds height="30.0" width="30.0" x="290.5" y="110.0"/>
      </bpmndi:BPMNShape>
      <bpmndi:BPMNShape bpmnElement="sid-5A07C9CE-BDA8-4399-A5C9-3032400171B8" id="BPMNShape_sid-5A07C9CE-BDA8-4399-A5C9-3032400171B8">
        <omgdc:Bounds height="28.0" width="28.0" x="742.0" y="117.0"/>
      </bpmndi:BPMNShape>
      <bpmndi:BPMNShape bpmnElement="sid-CD888C63-5762-4E62-9D93-97DA3F5916AB" id="BPMNShape_sid-CD888C63-5762-4E62-9D93-97DA3F5916AB">
        <omgdc:Bounds height="80.0" width="100.0" x="353.0" y="85.0"/>
      </bpmndi:BPMNShape>
      <bpmndi:BPMNShape bpmnElement="sid-D0ED1412-8EE8-4DE6-9D55-BF9D01165C7E" id="BPMNShape_sid-D0ED1412-8EE8-4DE6-9D55-BF9D01165C7E">
        <omgdc:Bounds height="80.0" width="100.0" x="605.5" y="85.0"/>
      </bpmndi:BPMNShape>
      <bpmndi:BPMNShape bpmnElement="ITE" id="BPMNShape_ITE">
        <omgdc:Bounds height="30.0" width="30.0" x="510.0" y="105.0"/>
      </bpmndi:BPMNShape>
      <bpmndi:BPMNShape bpmnElement="sid-D8D08CDB-A579-4843-9183-6DD2D867A477" id="BPMNShape_sid-D8D08CDB-A579-4843-9183-6DD2D867A477">
        <omgdc:Bounds height="100.0" width="530.0" x="285.0" y="195.0"/>
      </bpmndi:BPMNShape>
      <bpmndi:BPMNShape bpmnElement="sid-2503C6EE-F713-4AB9-90B1-E0937F83BF1A" id="BPMNShape_sid-2503C6EE-F713-4AB9-90B1-E0937F83BF1A">
        <omgdc:Bounds height="30.0" width="30.0" x="300.0" y="231.0"/>
      </bpmndi:BPMNShape>
      <bpmndi:BPMNShape bpmnElement="sid-8571782E-46C6-4ABA-9547-0D6BA7BC3472" id="BPMNShape_sid-8571782E-46C6-4ABA-9547-0D6BA7BC3472">
        <omgdc:Bounds height="28.0" width="28.0" x="720.0" y="239.0"/>
      </bpmndi:BPMNShape>
      <bpmndi:BPMNShape bpmnElement="sid-22AA09EA-B82F-4A05-B39D-9A97CD265604" id="BPMNShape_sid-22AA09EA-B82F-4A05-B39D-9A97CD265604">
        <omgdc:Bounds height="80.0" width="100.0" x="540.0" y="206.0"/>
      </bpmndi:BPMNShape>
      <bpmndi:BPMNShape bpmnElement="ICE" id="BPMNShape_ICE">
        <omgdc:Bounds height="30.0" width="30.0" x="398.5" y="234.0"/>
      </bpmndi:BPMNShape>
      <bpmndi:BPMNShape bpmnElement="sid-F2ACFAE6-D481-4141-A156-AD5CABB34596" id="BPMNShape_sid-F2ACFAE6-D481-4141-A156-AD5CABB34596">
        <omgdc:Bounds height="40.0" width="40.0" x="840.0" y="170.0"/>
      </bpmndi:BPMNShape>
      <bpmndi:BPMNShape bpmnElement="sid-D0074F91-8ABA-4170-9235-2C08BD24D5D8" id="BPMNShape_sid-D0074F91-8ABA-4170-9235-2C08BD24D5D8">
        <omgdc:Bounds height="80.0" width="100.0" x="915.0" y="150.0"/>
      </bpmndi:BPMNShape>
      <bpmndi:BPMNShape bpmnElement="sid-A4353FCE-5F7C-4E41-88D5-BFE589D77D4D" id="BPMNShape_sid-A4353FCE-5F7C-4E41-88D5-BFE589D77D4D">
        <omgdc:Bounds height="28.0" width="28.0" x="1050.0" y="176.0"/>
      </bpmndi:BPMNShape>
      <bpmndi:BPMNEdge bpmnElement="sid-56FEE288-2B71-4FA5-9A3E-03601FE5BD5E" id="BPMNEdge_sid-56FEE288-2B71-4FA5-9A3E-03601FE5BD5E">
        <omgdi:waypoint x="453.0" y="121.73202614379085"/>
        <omgdi:waypoint x="479.5" y="120.0"/>
        <omgdi:waypoint x="510.0" y="120.0"/>
      </bpmndi:BPMNEdge>
      <bpmndi:BPMNEdge bpmnElement="sid-4F739C0F-7267-43A6-9B44-5B64A315E13B" id="BPMNEdge_sid-4F739C0F-7267-43A6-9B44-5B64A315E13B">
        <omgdi:waypoint x="428.497833691699" y="248.74507931402212"/>
        <omgdi:waypoint x="540.0" y="246.8498583569405"/>
      </bpmndi:BPMNEdge>
      <bpmndi:BPMNEdge bpmnElement="sid-54CDD2E3-AF4E-4EDE-9227-41B82CF164B2" id="BPMNEdge_sid-54CDD2E3-AF4E-4EDE-9227-41B82CF164B2">
        <omgdi:waypoint x="640.0" y="248.43055555555554"/>
        <omgdi:waypoint x="720.0165120226909" y="252.32024711221413"/>
      </bpmndi:BPMNEdge>
      <bpmndi:BPMNEdge bpmnElement="sid-06749BFF-3E7F-4A41-9861-714CD830B996" id="BPMNEdge_sid-06749BFF-3E7F-4A41-9861-714CD830B996">
        <omgdi:waypoint x="815.0" y="245.0"/>
        <omgdi:waypoint x="862.5" y="245.0"/>
        <omgdi:waypoint x="862.5" y="207.5"/>
      </bpmndi:BPMNEdge>
      <bpmndi:BPMNEdge bpmnElement="sid-556C3A61-98D5-4093-A4B2-D8B5AD6110B8" id="BPMNEdge_sid-556C3A61-98D5-4093-A4B2-D8B5AD6110B8">
        <omgdi:waypoint x="175.0625" y="193.0"/>
        <omgdi:waypoint x="180.0" y="187.0"/>
        <omgdi:waypoint x="180.0" y="190.0"/>
        <omgdi:waypoint x="210.0" y="190.0"/>
      </bpmndi:BPMNEdge>
      <bpmndi:BPMNEdge bpmnElement="sid-DCCC2386-7488-4771-B5C9-0DBC5DF70555" id="BPMNEdge_sid-DCCC2386-7488-4771-B5C9-0DBC5DF70555">
        <omgdi:waypoint x="230.5" y="209.5"/>
        <omgdi:waypoint x="230.5" y="245.0"/>
        <omgdi:waypoint x="285.0" y="245.0"/>
      </bpmndi:BPMNEdge>
      <bpmndi:BPMNEdge bpmnElement="sid-15403F22-CE31-4FB0-AD30-2A24E9703B88" id="BPMNEdge_sid-15403F22-CE31-4FB0-AD30-2A24E9703B88">
        <omgdi:waypoint x="1015.0" y="190.0"/>
        <omgdi:waypoint x="1050.0" y="190.0"/>
      </bpmndi:BPMNEdge>
      <bpmndi:BPMNEdge bpmnElement="sid-88BBD6A0-CDF5-4C4F-AC04-E59E3E76568F" id="BPMNEdge_sid-88BBD6A0-CDF5-4C4F-AC04-E59E3E76568F">
        <omgdi:waypoint x="230.5" y="170.5"/>
        <omgdi:waypoint x="230.5" y="128.5"/>
        <omgdi:waypoint x="274.0" y="128.5"/>
      </bpmndi:BPMNEdge>
      <bpmndi:BPMNEdge bpmnElement="sid-B0343CEB-F2DA-45E9-B2D9-761A661754C2" id="BPMNEdge_sid-B0343CEB-F2DA-45E9-B2D9-761A661754C2">
        <omgdi:waypoint x="320.5" y="125.0"/>
        <omgdi:waypoint x="353.0" y="125.0"/>
      </bpmndi:BPMNEdge>
      <bpmndi:BPMNEdge bpmnElement="sid-734D4649-9EC6-4D52-B19A-B906B5552F0C" id="BPMNEdge_sid-734D4649-9EC6-4D52-B19A-B906B5552F0C">
        <omgdi:waypoint x="705.5" y="127.98507462686567"/>
        <omgdi:waypoint x="742.0248833789232" y="130.1656646793387"/>
      </bpmndi:BPMNEdge>
      <bpmndi:BPMNEdge bpmnElement="sid-C73AA98E-31AD-414A-9DB8-5A5823E905A6" id="BPMNEdge_sid-C73AA98E-31AD-414A-9DB8-5A5823E905A6">
        <omgdi:waypoint x="826.0" y="132.5"/>
        <omgdi:waypoint x="860.5" y="133.0"/>
        <omgdi:waypoint x="860.5" y="170.5"/>
      </bpmndi:BPMNEdge>
      <bpmndi:BPMNEdge bpmnElement="sid-0E88E504-430C-416D-A8CB-90CD4E493E3E" id="BPMNEdge_sid-0E88E504-430C-416D-A8CB-90CD4E493E3E">
        <omgdi:waypoint x="329.99304768733896" y="246.4566410463149"/>
        <omgdi:waypoint x="398.50695231266104" y="248.5433589536851"/>
      </bpmndi:BPMNEdge>
      <bpmndi:BPMNEdge bpmnElement="sid-9C0BE067-EB25-482D-ACE5-4453B1AC9FBE" id="BPMNEdge_sid-9C0BE067-EB25-482D-ACE5-4453B1AC9FBE">
        <omgdi:waypoint x="879.5913461538462" y="190.40865384615384"/>
        <omgdi:waypoint x="915.0" y="190.23923444976077"/>
      </bpmndi:BPMNEdge>
      <bpmndi:BPMNEdge bpmnElement="sid-64330325-5586-4694-A732-76AF14E5D09A" id="BPMNEdge_sid-64330325-5586-4694-A732-76AF14E5D09A">
        <omgdi:waypoint x="539.9112129286115" y="121.62964075722529"/>
        <omgdi:waypoint x="570.75" y="125.0"/>
        <omgdi:waypoint x="605.5" y="125.0"/>
      </bpmndi:BPMNEdge>
    </bpmndi:BPMNPlane>
  </bpmndi:BPMNDiagram>
</definitions>