{"resourceId":28030,"properties":{"process_id":"Intermediate_Signal_events","name":"Intermediate_Signal_events","documentation":"","process_author":"","process_version":"","process_namespace":"http://www.activiti.org/processdef","executionlisteners":"","eventlisteners":"","signaldefinitions":"[{\"id\":\"book_concept_signal\",\"name\":\"bookconcept\",\"scope\":\"processInstance\",\"$$hashKey\":\"uiGrid-0008\"}]","messagedefinitions":"","executionvariables":"","metadata":""},"stencil":{"id":"BPMNDiagram"},"childShapes":[{"resourceId":"startEvent1","properties":{"overrideid":"","name":"","documentation":"","executionlisteners":"","initiator":"","formkeydefinition":"","formreference":"","fieldstovariables":"","formproperties":""},"stencil":{"id":"StartNoneEvent"},"childShapes":[],"outgoing":[{"resourceId":"sid-556C3A61-98D5-4093-A4B2-D8B5AD6110B8"}],"bounds":{"lowerRight":{"x":180,"y":205},"upperLeft":{"x":150,"y":175}},"dockers":[]},{"resourceId":"sid-712AB1A8-D1BB-47C8-B8AE-CF95BD912123","properties":{"overrideid":"","name":"","documentation":"","asynchronousdefinition":"false","exclusivedefinition":"false","sequencefloworder":""},"stencil":{"id":"ParallelGateway"},"childShapes":[],"outgoing":[{"resourceId":"sid-88BBD6A0-CDF5-4C4F-AC04-E59E3E76568F"},{"resourceId":"sid-DCCC2386-7488-4771-B5C9-0DBC5DF70555"}],"bounds":{"lowerRight":{"x":250,"y":210},"upperLeft":{"x":210,"y":170}},"dockers":[]},{"resourceId":"sid-556C3A61-98D5-4093-A4B2-D8B5AD6110B8","properties":{"overrideid":"","name":"","documentation":"","conditionsequenceflow":"","executionlisteners":"","defaultflow":"false","showdiamondmarker":false},"stencil":{"id":"SequenceFlow"},"childShapes":[],"outgoing":[{"resourceId":"sid-712AB1A8-D1BB-47C8-B8AE-CF95BD912123"}],"bounds":{"lowerRight":{"x":210.25,"y":190},"upperLeft":{"x":180,"y":186.97783763646316}},"dockers":[{"x":25.0625,"y":18},{"x":180,"y":187},{"x":180,"y":190},{"x":20,"y":20}],"target":{"resourceId":"sid-712AB1A8-D1BB-47C8-B8AE-CF95BD912123"}},{"resourceId":"sid-E5034A40-44A3-489F-A50D-C647DE38D38F","properties":{"overrideid":"","name":"","documentation":"","asynchronousdefinition":"false","exclusivedefinition":"false","executionlisteners":"","multiinstance_type":"None","multiinstance_cardinality":"","multiinstance_collection":"","multiinstance_variable":"","multiinstance_condition":"","istransaction":"false"},"stencil":{"id":"SubProcess"},"childShapes":[{"resourceId":"sid-A565D355-2B89-40AD-82C3-5B757A0C0D17","properties":{"overrideid":"","name":"","documentation":"","executionlisteners":"","initiator":"","formkeydefinition":"","formreference":"","fieldstovariables":"","formproperties":""},"stencil":{"id":"StartNoneEvent"},"childShapes":[],"outgoing":[{"resourceId":"sid-B0343CEB-F2DA-45E9-B2D9-761A661754C2"}],"bounds":{"lowerRight":{"x":46.5,"y":65},"upperLeft":{"x":16.5,"y":35}},"dockers":[]},{"resourceId":"sid-5A07C9CE-BDA8-4399-A5C9-3032400171B8","properties":{"overrideid":"","name":"","documentation":"","executionlisteners":""},"stencil":{"id":"EndNoneEvent"},"childShapes":[],"outgoing":[],"bounds":{"lowerRight":{"x":496,"y":70},"upperLeft":{"x":468,"y":42}},"dockers":[]},{"resourceId":"sid-CD888C63-5762-4E62-9D93-97DA3F5916AB","properties":{"overrideid":"","name":"Develop Book Concept","documentation":"","asynchronousdefinition":"false","exclusivedefinition":"false","executionlisteners":"","multiinstance_type":"None","multiinstance_cardinality":"","multiinstance_collection":"","multiinstance_variable":"","multiinstance_condition":"","isforcompensation":"false","usertasksendemail":true,"usertaskassignment":"","formkeydefinition":"","formreference":{"id":30030,"name":"Develop Book Concept Form","referenceId":null,"variablesmapping":[]},"fieldstovariables":"","duedatedefinition":"","prioritydefinition":"","categorydefinition":"","formproperties":"","tasklisteners":"","emailtemplate":""},"stencil":{"id":"UserTask"},"childShapes":[],"outgoing":[{"resourceId":"sid-56FEE288-2B71-4FA5-9A3E-03601FE5BD5E"}],"bounds":{"lowerRight":{"x":179,"y":90},"upperLeft":{"x":79,"y":10}},"dockers":[]},{"resourceId":"sid-D0ED1412-8EE8-4DE6-9D55-BF9D01165C7E","properties":{"overrideid":"","name":"Write Book Text","documentation":"","asynchronousdefinition":"false","exclusivedefinition":"false","executionlisteners":"","multiinstance_type":"None","multiinstance_cardinality":"","multiinstance_collection":"","multiinstance_variable":"","multiinstance_condition":"","isforcompensation":"false","usertasksendemail":true,"usertaskassignment":"","formkeydefinition":"","formreference":{"id":30031,"name":"Write Book Text","referenceId":null,"variablesmapping":[]},"fieldstovariables":"","duedatedefinition":"","prioritydefinition":"","categorydefinition":"","formproperties":"","tasklisteners":"","emailtemplate":""},"stencil":{"id":"UserTask"},"childShapes":[],"outgoing":[{"resourceId":"sid-734D4649-9EC6-4D52-B19A-B906B5552F0C"}],"bounds":{"lowerRight":{"x":431.5,"y":90},"upperLeft":{"x":331.5,"y":10}},"dockers":[]},{"resourceId":"sid-BFA5A3BB-FBD1-4A49-B814-6CDC46A771F4","properties":{"overrideid":"ITE","name":"Concept Ready","documentation":"","executionlisteners":"","signalref":"book_concept_signal"},"stencil":{"id":"ThrowSignalEvent"},"childShapes":[],"outgoing":[{"resourceId":"sid-64330325-5586-4694-A732-76AF14E5D09A"}],"bounds":{"lowerRight":{"x":266,"y":60},"upperLeft":{"x":236,"y":30}},"dockers":[{"x":251,"y":45}]}],"outgoing":[{"resourceId":"sid-C73AA98E-31AD-414A-9DB8-5A5823E905A6"}],"bounds":{"lowerRight":{"x":826,"y":182},"upperLeft":{"x":274,"y":75}},"dockers":[]},{"resourceId":"sid-D8D08CDB-A579-4843-9183-6DD2D867A477","properties":{"overrideid":"","name":"","documentation":"","asynchronousdefinition":"false","exclusivedefinition":"false","executionlisteners":"","multiinstance_type":"None","multiinstance_cardinality":"","multiinstance_collection":"","multiinstance_variable":"","multiinstance_condition":"","istransaction":"false"},"stencil":{"id":"SubProcess"},"childShapes":[{"resourceId":"sid-2503C6EE-F713-4AB9-90B1-E0937F83BF1A","properties":{"overrideid":"","name":"","documentation":"","executionlisteners":"","initiator":"","formkeydefinition":"","formreference":"","fieldstovariables":"","formproperties":""},"stencil":{"id":"StartNoneEvent"},"childShapes":[],"outgoing":[{"resourceId":"sid-0E88E504-430C-416D-A8CB-90CD4E493E3E"}],"bounds":{"lowerRight":{"x":45,"y":66},"upperLeft":{"x":15,"y":36}},"dockers":[]},{"resourceId":"sid-8571782E-46C6-4ABA-9547-0D6BA7BC3472","properties":{"overrideid":"","name":"","documentation":"","executionlisteners":""},"stencil":{"id":"EndNoneEvent"},"childShapes":[],"outgoing":[],"bounds":{"lowerRight":{"x":463,"y":72},"upperLeft":{"x":435,"y":44}},"dockers":[]},{"resourceId":"sid-22AA09EA-B82F-4A05-B39D-9A97CD265604","properties":{"overrideid":"","name":"Develop Book Cover","documentation":"","asynchronousdefinition":"false","exclusivedefinition":"false","executionlisteners":"","multiinstance_type":"None","multiinstance_cardinality":"","multiinstance_collection":"","multiinstance_variable":"","multiinstance_condition":"","isforcompensation":"false","usertasksendemail":true,"usertaskassignment":"","formkeydefinition":"","formreference":{"id":30032,"name":"Develop Book Cover Form","referenceId":null,"variablesmapping":[]},"fieldstovariables":"","duedatedefinition":"","prioritydefinition":"","categorydefinition":"","formproperties":"","tasklisteners":"","emailtemplate":""},"stencil":{"id":"UserTask"},"childShapes":[],"outgoing":[{"resourceId":"sid-54CDD2E3-AF4E-4EDE-9227-41B82CF164B2"}],"bounds":{"lowerRight":{"x":355,"y":91},"upperLeft":{"x":255,"y":11}},"dockers":[]},{"resourceId":"sid-58AFF017-EC03-485B-840A-3A89CDF6FF80","properties":{"overrideid":"ICE","name":"Concept Ready","documentation":"","executionlisteners":"","signalref":"book_concept_signal"},"stencil":{"id":"CatchSignalEvent"},"childShapes":[],"outgoing":[{"resourceId":"sid-4F739C0F-7267-43A6-9B44-5B64A315E13B"}],"bounds":{"lowerRight":{"x":143.5,"y":69},"upperLeft":{"x":113.5,"y":39}},"dockers":[{"x":128.5,"y":54}]}],"outgoing":[{"resourceId":"sid-06749BFF-3E7F-4A41-9861-714CD830B996"}],"bounds":{"lowerRight":{"x":815,"y":295},"upperLeft":{"x":285,"y":195}},"dockers":[]},{"resourceId":"sid-DCCC2386-7488-4771-B5C9-0DBC5DF70555","properties":{"overrideid":"","name":"","documentation":"","conditionsequenceflow":"","executionlisteners":"","defaultflow":"false"},"stencil":{"id":"SequenceFlow"},"childShapes":[],"outgoing":[{"resourceId":"sid-D8D08CDB-A579-4843-9183-6DD2D867A477"}],"bounds":{"lowerRight":{"x":284.4140625,"y":245},"upperLeft":{"x":230.5,"y":210.234375}},"dockers":[{"x":20.5,"y":20.5},{"x":230.5,"y":245},{"x":265,"y":50}],"target":{"resourceId":"sid-D8D08CDB-A579-4843-9183-6DD2D867A477"}},{"resourceId":"sid-54CDD2E3-AF4E-4EDE-9227-41B82CF164B2","properties":{"overrideid":"","name":"","documentation":"","conditionsequenceflow":"","executionlisteners":"","defaultflow":"false"},"stencil":{"id":"SequenceFlow"},"childShapes":[],"outgoing":[{"resourceId":"sid-8571782E-46C6-4ABA-9547-0D6BA7BC3472"}],"bounds":{"lowerRight":{"x":719.5011794301922,"y":252.295196222301},"upperLeft":{"x":640.4988205698078,"y":248.454803777699}},"dockers":[{"x":50,"y":40},{"x":14,"y":14}],"target":{"resourceId":"sid-8571782E-46C6-4ABA-9547-0D6BA7BC3472"}},{"resourceId":"sid-B0343CEB-F2DA-45E9-B2D9-761A661754C2","properties":{"overrideid":"","name":"","documentation":"","conditionsequenceflow":"","executionlisteners":"","defaultflow":"false"},"stencil":{"id":"SequenceFlow"},"childShapes":[],"outgoing":[{"resourceId":"sid-CD888C63-5762-4E62-9D93-97DA3F5916AB"}],"bounds":{"lowerRight":{"x":352.48828125,"y":125},"upperLeft":{"x":320.97265625,"y":125}},"dockers":[{"x":15,"y":15},{"x":50,"y":40}],"target":{"resourceId":"sid-CD888C63-5762-4E62-9D93-97DA3F5916AB"}},{"resourceId":"sid-734D4649-9EC6-4D52-B19A-B906B5552F0C","properties":{"overrideid":"","name":"","documentation":"","conditionsequenceflow":"","executionlisteners":"","defaultflow":"false"},"stencil":{"id":"SequenceFlow"},"childShapes":[],"outgoing":[{"resourceId":"sid-5A07C9CE-BDA8-4399-A5C9-3032400171B8"}],"bounds":{"lowerRight":{"x":741.6541211342088,"y":130.14352961995277},"upperLeft":{"x":705.9630663657912,"y":128.01272038004723}},"dockers":[{"x":50,"y":40},{"x":14,"y":14}],"target":{"resourceId":"sid-5A07C9CE-BDA8-4399-A5C9-3032400171B8"}},{"resourceId":"sid-56FEE288-2B71-4FA5-9A3E-03601FE5BD5E","properties":{"overrideid":"","name":"","documentation":"","conditionsequenceflow":"","executionlisteners":"","defaultflow":"false"},"stencil":{"id":"SequenceFlow"},"childShapes":[],"outgoing":[{"resourceId":"sid-BFA5A3BB-FBD1-4A49-B814-6CDC46A771F4"}],"bounds":{"lowerRight":{"x":509.78125,"y":121.73165468049648},"upperLeft":{"x":453.00568338840384,"y":120}},"dockers":[{"x":50,"y":40},{"x":479.5,"y":120},{"x":15,"y":15}],"target":{"resourceId":"sid-BFA5A3BB-FBD1-4A49-B814-6CDC46A771F4"}},{"resourceId":"sid-64330325-5586-4694-A732-76AF14E5D09A","properties":{"overrideid":"","name":"","documentation":"","conditionsequenceflow":"","executionlisteners":"","defaultflow":"false"},"stencil":{"id":"SequenceFlow"},"childShapes":[],"outgoing":[{"resourceId":"sid-D0ED1412-8EE8-4DE6-9D55-BF9D01165C7E"}],"bounds":{"lowerRight":{"x":604.841796875,"y":125},"upperLeft":{"x":540.2909558619074,"y":121.67114271714836}},"dockers":[{"x":15,"y":15},{"x":570.75,"y":125},{"x":50,"y":40}],"target":{"resourceId":"sid-D0ED1412-8EE8-4DE6-9D55-BF9D01165C7E"}},{"resourceId":"sid-0E88E504-430C-416D-A8CB-90CD4E493E3E","properties":{"overrideid":"","name":"","documentation":"","conditionsequenceflow":"","executionlisteners":"","defaultflow":"false"},"stencil":{"id":"SequenceFlow"},"childShapes":[],"outgoing":[{"resourceId":"sid-58AFF017-EC03-485B-840A-3A89CDF6FF80"}],"bounds":{"lowerRight":{"x":397.87936973751073,"y":248.52424476357902},"upperLeft":{"x":330.62063026248927,"y":246.47575523642098}},"dockers":[{"x":15,"y":15},{"x":15,"y":15}],"target":{"resourceId":"sid-58AFF017-EC03-485B-840A-3A89CDF6FF80"}},{"resourceId":"sid-4F739C0F-7267-43A6-9B44-5B64A315E13B","properties":{"overrideid":"","name":"","documentation":"","conditionsequenceflow":"","executionlisteners":"","defaultflow":"false"},"stencil":{"id":"SequenceFlow"},"childShapes":[],"outgoing":[{"resourceId":"sid-22AA09EA-B82F-4A05-B39D-9A97CD265604"}],"bounds":{"lowerRight":{"x":539.3595194205534,"y":248.7369115376015},"upperLeft":{"x":428.9783712044466,"y":246.8607447123985}},"dockers":[{"x":15,"y":15},{"x":50,"y":40}],"target":{"resourceId":"sid-22AA09EA-B82F-4A05-B39D-9A97CD265604"}},{"resourceId":"sid-F2ACFAE6-D481-4141-A156-AD5CABB34596","properties":{"overrideid":"","name":"","documentation":"","asynchronousdefinition":"false","exclusivedefinition":"false","sequencefloworder":""},"stencil":{"id":"ParallelGateway"},"childShapes":[],"outgoing":[{"resourceId":"sid-9C0BE067-EB25-482D-ACE5-4453B1AC9FBE"}],"bounds":{"lowerRight":{"x":880,"y":210},"upperLeft":{"x":840,"y":170}},"dockers":[]},{"resourceId":"sid-06749BFF-3E7F-4A41-9861-714CD830B996","properties":{"overrideid":"","name":"","documentation":"","conditionsequenceflow":"","executionlisteners":"","defaultflow":"false","showdiamondmarker":false},"stencil":{"id":"SequenceFlow"},"childShapes":[],"outgoing":[{"resourceId":"sid-F2ACFAE6-D481-4141-A156-AD5CABB34596"}],"bounds":{"lowerRight":{"x":862.5,"y":245},"upperLeft":{"x":815.892578125,"y":208.375}},"dockers":[{"x":265,"y":50},{"x":862.5,"y":245},{"x":22.5,"y":32}],"target":{"resourceId":"sid-F2ACFAE6-D481-4141-A156-AD5CABB34596"}},{"resourceId":"sid-D0074F91-8ABA-4170-9235-2C08BD24D5D8","properties":{"overrideid":"","name":"Book Ready","documentation":"","asynchronousdefinition":"false","exclusivedefinition":"false","executionlisteners":"","multiinstance_type":"None","multiinstance_cardinality":"","multiinstance_collection":"","multiinstance_variable":"","multiinstance_condition":"","isforcompensation":"false","usertasksendemail":true,"usertaskassignment":"","formkeydefinition":"","formreference":{"id":30033,"name":"Book Ready Form","referenceId":null,"variablesmapping":[]},"fieldstovariables":"","duedatedefinition":"","prioritydefinition":"","categorydefinition":"","formproperties":"","tasklisteners":"","emailtemplate":""},"stencil":{"id":"UserTask"},"childShapes":[],"outgoing":[{"resourceId":"sid-15403F22-CE31-4FB0-AD30-2A24E9703B88"}],"bounds":{"lowerRight":{"x":1015,"y":230},"upperLeft":{"x":915,"y":150}},"dockers":[]},{"resourceId":"sid-9C0BE067-EB25-482D-ACE5-4453B1AC9FBE","properties":{"overrideid":"","name":"","documentation":"","conditionsequenceflow":"","executionlisteners":"","defaultflow":"false"},"stencil":{"id":"SequenceFlow"},"childShapes":[],"outgoing":[{"resourceId":"sid-D0074F91-8ABA-4170-9235-2C08BD24D5D8"}],"bounds":{"lowerRight":{"x":914.1992301964278,"y":190.4053716157724},"upperLeft":{"x":880.2773323035722,"y":190.2430658842276}},"dockers":[{"x":20.5,"y":20.5},{"x":50,"y":40}],"target":{"resourceId":"sid-D0074F91-8ABA-4170-9235-2C08BD24D5D8"}},{"resourceId":"sid-A4353FCE-5F7C-4E41-88D5-BFE589D77D4D","properties":{"overrideid":"","name":"","documentation":"","executionlisteners":""},"stencil":{"id":"EndNoneEvent"},"childShapes":[],"outgoing":[],"bounds":{"lowerRight":{"x":1078,"y":204},"upperLeft":{"x":1050,"y":176}},"dockers":[]},{"resourceId":"sid-15403F22-CE31-4FB0-AD30-2A24E9703B88","properties":{"overrideid":"","name":"","documentation":"","conditionsequenceflow":"","executionlisteners":"","defaultflow":"false"},"stencil":{"id":"SequenceFlow"},"childShapes":[],"outgoing":[{"resourceId":"sid-A4353FCE-5F7C-4E41-88D5-BFE589D77D4D"}],"bounds":{"lowerRight":{"x":1049.078125,"y":190},"upperLeft":{"x":1015.5,"y":190}},"dockers":[{"x":50,"y":40},{"x":14,"y":14}],"target":{"resourceId":"sid-A4353FCE-5F7C-4E41-88D5-BFE589D77D4D"}},{"resourceId":"sid-88BBD6A0-CDF5-4C4F-AC04-E59E3E76568F","properties":{"overrideid":"","name":"","documentation":"","conditionsequenceflow":"","executionlisteners":"","defaultflow":"false"},"stencil":{"id":"SequenceFlow"},"childShapes":[],"outgoing":[{"resourceId":"sid-E5034A40-44A3-489F-A50D-C647DE38D38F"}],"bounds":{"lowerRight":{"x":273.181640625,"y":169.15625},"upperLeft":{"x":230.5,"y":128.5}},"dockers":[{"x":20.5,"y":20.5},{"x":230.5,"y":128.5},{"x":276,"y":53.5}],"target":{"resourceId":"sid-E5034A40-44A3-489F-A50D-C647DE38D38F"}},{"resourceId":"sid-C73AA98E-31AD-414A-9DB8-5A5823E905A6","properties":{"overrideid":"","name":"","documentation":"","conditionsequenceflow":"","executionlisteners":"","defaultflow":"false","showdiamondmarker":false},"stencil":{"id":"SequenceFlow"},"childShapes":[],"outgoing":[{"resourceId":"sid-F2ACFAE6-D481-4141-A156-AD5CABB34596"}],"bounds":{"lowerRight":{"x":860.5,"y":169.734375},"upperLeft":{"x":826.326066871587,"y":132.5047256068346}},"dockers":[{"x":276,"y":53.5},{"x":860.5,"y":133},{"x":20.5,"y":20.5}],"target":{"resourceId":"sid-F2ACFAE6-D481-4141-A156-AD5CABB34596"}}],"bounds":{"lowerRight":{"x":1200,"y":1050},"upperLeft":{"x":0,"y":0}},"stencilset":{"url":"stencilsets/bpmn2.0/bpmn2.0.json","namespace":"http://b3mn.org/stencilset/bpmn2.0#"},"ssextensions":[]}