{"resourceId":28031,"properties":{"process_id":"Intermediatemsgevent","name":"Intermediate msg event","documentation":"","process_author":"","process_version":"","process_namespace":"http://www.activiti.org/processdef","executionlisteners":"","eventlisteners":"{\"eventListeners\":[{\"event\":\"TASK_COMPLETED\",\"implementation\":\"${TrainingListener}\",\"className\":\"\",\"delegateExpression\":\"${TrainingListener}\",\"retrowEvent\":false,\"$$hashKey\":\"uiGrid-000V\",\"fields\":[],\"events\":[{\"event\":\"TASK_COMPLETED\",\"$$hashKey\":\"object:768\"}]}]}","signaldefinitions":"","messagedefinitions":"[{\"id\":\"concept_ready_msg\",\"name\":\"conceptReady\",\"$$hashKey\":\"uiGrid-0007\"}]","executionvariables":null,"metadata":""},"stencil":{"id":"BPMNDiagram"},"childShapes":[{"resourceId":"sid-3318DDFE-1A70-4F45-8913-3883557D9CCE","properties":{"overrideid":"","name":"","documentation":"","asynchronousdefinition":"false","exclusivedefinition":"false","executionlisteners":"","multiinstance_type":"None","multiinstance_cardinality":"","multiinstance_collection":"","multiinstance_variable":"","multiinstance_condition":"","istransaction":"false"},"stencil":{"id":"SubProcess"},"childShapes":[{"resourceId":"sid-9A67D94F-920A-4728-BB7E-2BD3FE59E96F","properties":{"overrideid":"","name":"","documentation":"","executionlisteners":"","initiator":"","formkeydefinition":"","formreference":"","fieldstovariables":"","formproperties":""},"stencil":{"id":"StartNoneEvent"},"childShapes":[],"outgoing":[{"resourceId":"sid-64C21611-49E0-49A9-9808-EA0144A21FB5"}],"bounds":{"lowerRight":{"x":67,"y":65},"upperLeft":{"x":37,"y":35}},"dockers":[]},{"resourceId":"sid-B7E66BE1-810F-4C8C-952A-C339A4570675","properties":{"overrideid":"develop_book_concept","name":"Develop Book Concept","documentation":"","asynchronousdefinition":"false","exclusivedefinition":"false","executionlisteners":"","multiinstance_type":"None","multiinstance_cardinality":"","multiinstance_collection":"","multiinstance_variable":"","multiinstance_condition":"","isforcompensation":"false","usertasksendemail":false,"usertaskassignment":"","formkeydefinition":"","formreference":{"id":30030,"name":"Develop Book Concept Form","referenceId":28031},"fieldstovariables":"","duedatedefinition":"","prioritydefinition":"","categorydefinition":"","formproperties":"","tasklisteners":"","emailtemplate":""},"stencil":{"id":"UserTask"},"childShapes":[],"outgoing":[{"resourceId":"sid-BEA9A42A-546D-46C7-961A-3BBB636B326A"}],"bounds":{"lowerRight":{"x":213.5,"y":90},"upperLeft":{"x":113.5,"y":10}},"dockers":[]},{"resourceId":"sid-99649B75-F594-44D4-BE49-649E25A61313","properties":{"overrideid":"","name":"Write Book Text","documentation":"","asynchronousdefinition":"false","exclusivedefinition":"false","executionlisteners":"","multiinstance_type":"None","multiinstance_cardinality":"","multiinstance_collection":"","multiinstance_variable":"","multiinstance_condition":"","isforcompensation":"false","usertasksendemail":true,"usertaskassignment":"","formkeydefinition":"","formreference":{"id":30031,"name":"Write Book Text","referenceId":28031},"fieldstovariables":"","duedatedefinition":"","prioritydefinition":"","categorydefinition":"","formproperties":"","tasklisteners":"","emailtemplate":""},"stencil":{"id":"UserTask"},"childShapes":[],"outgoing":[{"resourceId":"sid-A7BC4937-8955-4B6F-9748-6BCD53C2121F"}],"bounds":{"lowerRight":{"x":373.5,"y":90},"upperLeft":{"x":273.5,"y":10}},"dockers":[]},{"resourceId":"sid-2AE67C27-144F-4561-B077-E620F4FFB954","properties":{"overrideid":"","name":"","documentation":"","executionlisteners":""},"stencil":{"id":"EndNoneEvent"},"childShapes":[],"outgoing":[],"bounds":{"lowerRight":{"x":443,"y":64},"upperLeft":{"x":415,"y":36}},"dockers":[]}],"outgoing":[{"resourceId":"sid-61629381-EDD0-4BCE-BF30-E27FD5EF73B9"}],"bounds":{"lowerRight":{"x":693.5,"y":145},"upperLeft":{"x":236.5,"y":45}},"dockers":[]},{"resourceId":"sid-57D80DAD-311C-4987-AFE1-F991004DE13D","properties":{"overrideid":"","name":"","documentation":"","asynchronousdefinition":"false","exclusivedefinition":"false","executionlisteners":"","multiinstance_type":"None","multiinstance_cardinality":"","multiinstance_collection":"","multiinstance_variable":"","multiinstance_condition":"","istransaction":"false"},"stencil":{"id":"SubProcess"},"childShapes":[{"resourceId":"sid-5FCD617D-D07F-41DB-9E90-DBA6B8214BB1","properties":{"overrideid":"","name":"Develop Book Cover","documentation":"","asynchronousdefinition":"false","exclusivedefinition":"false","executionlisteners":"","multiinstance_type":"None","multiinstance_cardinality":"","multiinstance_collection":"","multiinstance_variable":"","multiinstance_condition":"","isforcompensation":"false","usertasksendemail":true,"usertaskassignment":"","formkeydefinition":"","formreference":{"id":30032,"name":"Develop Book Cover Form","referenceId":28031},"fieldstovariables":"","duedatedefinition":"","prioritydefinition":"","categorydefinition":"","formproperties":"","tasklisteners":"","emailtemplate":""},"stencil":{"id":"UserTask"},"childShapes":[],"outgoing":[{"resourceId":"sid-B168FCFE-0431-43E1-86A7-D26ADEE86C2D"}],"bounds":{"lowerRight":{"x":275,"y":105},"upperLeft":{"x":175,"y":25}},"dockers":[]},{"resourceId":"sid-119A988B-23F5-4DC1-B794-6257C377C8BA","properties":{"overrideid":"","name":"","documentation":"","executionlisteners":""},"stencil":{"id":"EndNoneEvent"},"childShapes":[],"outgoing":[],"bounds":{"lowerRight":{"x":368.5,"y":79},"upperLeft":{"x":340.5,"y":51}},"dockers":[]},{"resourceId":"sid-30B5D000-1EB3-449C-A131-E0C0F63A4DC8","properties":{"overrideid":"intermediate_msg_catch_event","name":"Message Catching","documentation":"","executionlisteners":"","messageref":"concept_ready_msg"},"stencil":{"id":"CatchMessageEvent"},"childShapes":[],"outgoing":[{"resourceId":"sid-FE81115F-2E21-4335-9F56-EAB6EAD9FB44"}],"bounds":{"lowerRight":{"x":120,"y":80},"upperLeft":{"x":90,"y":50}},"dockers":[{"x":105,"y":65}]},{"resourceId":"sid-95802D5F-29CC-4606-BB47-BE71328CF879","properties":{"overrideid":"","name":"","documentation":"","executionlisteners":"","initiator":"","formkeydefinition":"","formreference":"","fieldstovariables":"","formproperties":""},"stencil":{"id":"StartNoneEvent"},"childShapes":[],"outgoing":[{"resourceId":"sid-B0606717-5FD8-4A80-B4BD-F380656D77CF"}],"bounds":{"lowerRight":{"x":58.5,"y":80},"upperLeft":{"x":28.5,"y":50}},"dockers":[]}],"outgoing":[{"resourceId":"sid-82270317-74B2-4279-8F88-4A1DE2068F11"}],"bounds":{"lowerRight":{"x":698,"y":301},"upperLeft":{"x":240,"y":180}},"dockers":[]},{"resourceId":"sid-64C21611-49E0-49A9-9808-EA0144A21FB5","properties":{"overrideid":"","name":"","documentation":"","conditionsequenceflow":"","executionlisteners":"","defaultflow":"false"},"stencil":{"id":"SequenceFlow"},"childShapes":[],"outgoing":[{"resourceId":"sid-B7E66BE1-810F-4C8C-952A-C339A4570675"}],"bounds":{"lowerRight":{"x":349.34765625,"y":95},"upperLeft":{"x":304.30859375,"y":95}},"dockers":[{"x":15,"y":15},{"x":50,"y":40}],"target":{"resourceId":"sid-B7E66BE1-810F-4C8C-952A-C339A4570675"}},{"resourceId":"sid-A7BC4937-8955-4B6F-9748-6BCD53C2121F","properties":{"overrideid":"","name":"","documentation":"","conditionsequenceflow":"","executionlisteners":"","defaultflow":"false"},"stencil":{"id":"SequenceFlow"},"childShapes":[],"outgoing":[{"resourceId":"sid-2AE67C27-144F-4561-B077-E620F4FFB954"}],"bounds":{"lowerRight":{"x":651.3125,"y":95},"upperLeft":{"x":610.453125,"y":95}},"dockers":[{"x":50,"y":40},{"x":14,"y":14}],"target":{"resourceId":"sid-2AE67C27-144F-4561-B077-E620F4FFB954"}},{"resourceId":"sid-FE81115F-2E21-4335-9F56-EAB6EAD9FB44","properties":{"overrideid":"","name":"","documentation":"","conditionsequenceflow":"","executionlisteners":"","defaultflow":"false","showdiamondmarker":false},"stencil":{"id":"SequenceFlow"},"childShapes":[],"outgoing":[{"resourceId":"sid-5FCD617D-D07F-41DB-9E90-DBA6B8214BB1"}],"bounds":{"lowerRight":{"x":414.3125,"y":245},"upperLeft":{"x":360.0625,"y":245}},"dockers":[{"x":15,"y":15},{"x":50,"y":40}],"target":{"resourceId":"sid-5FCD617D-D07F-41DB-9E90-DBA6B8214BB1"}},{"resourceId":"sid-B168FCFE-0431-43E1-86A7-D26ADEE86C2D","properties":{"overrideid":"","name":"","documentation":"","conditionsequenceflow":"","executionlisteners":"","defaultflow":"false"},"stencil":{"id":"SequenceFlow"},"childShapes":[],"outgoing":[{"resourceId":"sid-119A988B-23F5-4DC1-B794-6257C377C8BA"}],"bounds":{"lowerRight":{"x":580.34765625,"y":245},"upperLeft":{"x":515.57421875,"y":245}},"dockers":[{"x":50,"y":40},{"x":14,"y":14}],"target":{"resourceId":"sid-119A988B-23F5-4DC1-B794-6257C377C8BA"}},{"resourceId":"sid-7C4D8954-3A6A-466B-825B-EB786C259B26","properties":{"overrideid":"","name":"","documentation":"","asynchronousdefinition":"false","exclusivedefinition":"false","sequencefloworder":""},"stencil":{"id":"ParallelGateway"},"childShapes":[],"outgoing":[{"resourceId":"sid-693F76EB-74DF-4A76-BBF1-B94566EEAC49"}],"bounds":{"lowerRight":{"x":813.5,"y":196},"upperLeft":{"x":773.5,"y":156}},"dockers":[]},{"resourceId":"sid-82270317-74B2-4279-8F88-4A1DE2068F11","properties":{"overrideid":"","name":"","documentation":"","conditionsequenceflow":"","executionlisteners":"","defaultflow":"false"},"stencil":{"id":"SequenceFlow"},"childShapes":[],"outgoing":[{"resourceId":"sid-7C4D8954-3A6A-466B-825B-EB786C259B26"}],"bounds":{"lowerRight":{"x":793.5,"y":240.5},"upperLeft":{"x":698.1640625,"y":196.1484375}},"dockers":[{"x":229,"y":60.5},{"x":793.5,"y":240.5},{"x":20,"y":20}],"target":{"resourceId":"sid-7C4D8954-3A6A-466B-825B-EB786C259B26"}},{"resourceId":"sid-61629381-EDD0-4BCE-BF30-E27FD5EF73B9","properties":{"overrideid":"","name":"","documentation":"","conditionsequenceflow":"","executionlisteners":"","defaultflow":"false"},"stencil":{"id":"SequenceFlow"},"childShapes":[],"outgoing":[{"resourceId":"sid-7C4D8954-3A6A-466B-825B-EB786C259B26"}],"bounds":{"lowerRight":{"x":793.5,"y":156.015625},"upperLeft":{"x":694.41015625,"y":95}},"dockers":[{"x":228.5,"y":50},{"x":793.5,"y":95},{"x":20,"y":20}],"target":{"resourceId":"sid-7C4D8954-3A6A-466B-825B-EB786C259B26"}},{"resourceId":"sid-5F3CF31D-806B-4475-AE6A-7C0A938C07DF","properties":{"overrideid":"","name":"Book Ready","documentation":"","asynchronousdefinition":"false","exclusivedefinition":"false","executionlisteners":"","multiinstance_type":"None","multiinstance_cardinality":"","multiinstance_collection":"","multiinstance_variable":"","multiinstance_condition":"","isforcompensation":"false","usertasksendemail":true,"usertaskassignment":"","formkeydefinition":"","formreference":{"id":30033,"name":"Book Ready Form","referenceId":28031},"fieldstovariables":"","duedatedefinition":"","prioritydefinition":"","categorydefinition":"","formproperties":"","tasklisteners":"","emailtemplate":""},"stencil":{"id":"UserTask"},"childShapes":[],"outgoing":[{"resourceId":"sid-DB29B582-0D75-46CA-8093-53582A7BA900"}],"bounds":{"lowerRight":{"x":965,"y":216},"upperLeft":{"x":865,"y":136}},"dockers":[]},{"resourceId":"sid-693F76EB-74DF-4A76-BBF1-B94566EEAC49","properties":{"overrideid":"","name":"","documentation":"","conditionsequenceflow":"","executionlisteners":"","defaultflow":"false"},"stencil":{"id":"SequenceFlow"},"childShapes":[],"outgoing":[{"resourceId":"sid-5F3CF31D-806B-4475-AE6A-7C0A938C07DF"}],"bounds":{"lowerRight":{"x":864.8437585375589,"y":176.4177428038742},"upperLeft":{"x":813.9062414624411,"y":176.2072571961258}},"dockers":[{"x":20.5,"y":20.5},{"x":50,"y":40}],"target":{"resourceId":"sid-5F3CF31D-806B-4475-AE6A-7C0A938C07DF"}},{"resourceId":"sid-1E4A7C9C-0D12-496D-A1BA-BF1FAB1396DB","properties":{"overrideid":"","name":"","documentation":"","executionlisteners":""},"stencil":{"id":"EndNoneEvent"},"childShapes":[],"outgoing":[],"bounds":{"lowerRight":{"x":1033,"y":190},"upperLeft":{"x":1005,"y":162}},"dockers":[]},{"resourceId":"sid-DB29B582-0D75-46CA-8093-53582A7BA900","properties":{"overrideid":"","name":"","documentation":"","conditionsequenceflow":"","executionlisteners":"","defaultflow":"false"},"stencil":{"id":"SequenceFlow"},"childShapes":[],"outgoing":[{"resourceId":"sid-1E4A7C9C-0D12-496D-A1BA-BF1FAB1396DB"}],"bounds":{"lowerRight":{"x":1005,"y":176},"upperLeft":{"x":965.5625,"y":176}},"dockers":[{"x":50,"y":40},{"x":14,"y":14}],"target":{"resourceId":"sid-1E4A7C9C-0D12-496D-A1BA-BF1FAB1396DB"}},{"resourceId":"sid-05324A76-730B-4D8C-827C-DB9DBF78F1E6","properties":{"overrideid":"","name":"","documentation":"","asynchronousdefinition":"false","exclusivedefinition":"false","sequencefloworder":""},"stencil":{"id":"ParallelGateway"},"childShapes":[],"outgoing":[{"resourceId":"sid-F15B700A-1815-4293-9E8F-061BA07C1212"},{"resourceId":"sid-97DC3A1B-CEFC-49C4-958A-25D41020981B"}],"bounds":{"lowerRight":{"x":205,"y":186},"upperLeft":{"x":165,"y":146}},"dockers":[]},{"resourceId":"sid-97DC3A1B-CEFC-49C4-958A-25D41020981B","properties":{"overrideid":"","name":"","documentation":"","conditionsequenceflow":"","executionlisteners":"","defaultflow":"false"},"stencil":{"id":"SequenceFlow"},"childShapes":[],"outgoing":[{"resourceId":"sid-3318DDFE-1A70-4F45-8913-3883557D9CCE"}],"bounds":{"lowerRight":{"x":235.814453125,"y":145.390625},"upperLeft":{"x":185.5,"y":95}},"dockers":[{"x":20.5,"y":20.5},{"x":185.5,"y":95},{"x":228.5,"y":50}],"target":{"resourceId":"sid-3318DDFE-1A70-4F45-8913-3883557D9CCE"}},{"resourceId":"sid-F15B700A-1815-4293-9E8F-061BA07C1212","properties":{"overrideid":"","name":"","documentation":"","conditionsequenceflow":"","executionlisteners":"","defaultflow":"false"},"stencil":{"id":"SequenceFlow"},"childShapes":[],"outgoing":[{"resourceId":"sid-57D80DAD-311C-4987-AFE1-F991004DE13D"}],"bounds":{"lowerRight":{"x":239.87109375,"y":240.5},"upperLeft":{"x":185.5,"y":186.578125}},"dockers":[{"x":20.5,"y":20.5},{"x":185.5,"y":240.5},{"x":229,"y":60.5}],"target":{"resourceId":"sid-57D80DAD-311C-4987-AFE1-F991004DE13D"}},{"resourceId":"sid-FD473F88-F6A1-4453-8F89-6CAC30239B72","properties":{"overrideid":"","name":"","documentation":"","executionlisteners":"","initiator":"","formkeydefinition":"","formreference":"","fieldstovariables":"","formproperties":""},"stencil":{"id":"StartNoneEvent"},"childShapes":[],"outgoing":[{"resourceId":"sid-2140341F-0580-45B7-935C-331E3A2C09AB"}],"bounds":{"lowerRight":{"x":75,"y":181},"upperLeft":{"x":45,"y":151}},"dockers":[]},{"resourceId":"sid-2140341F-0580-45B7-935C-331E3A2C09AB","properties":{"overrideid":"","name":"","documentation":"","conditionsequenceflow":"","executionlisteners":"","defaultflow":"false"},"stencil":{"id":"SequenceFlow"},"childShapes":[],"outgoing":[{"resourceId":"sid-05324A76-730B-4D8C-827C-DB9DBF78F1E6"}],"bounds":{"lowerRight":{"x":165.4453125,"y":166},"upperLeft":{"x":75.6484375,"y":166}},"dockers":[{"x":15,"y":15},{"x":20,"y":20}],"target":{"resourceId":"sid-05324A76-730B-4D8C-827C-DB9DBF78F1E6"}},{"resourceId":"sid-BEA9A42A-546D-46C7-961A-3BBB636B326A","properties":{"overrideid":"","name":"","documentation":"","conditionsequenceflow":"","executionlisteners":"","defaultflow":"false"},"stencil":{"id":"SequenceFlow"},"childShapes":[],"outgoing":[{"resourceId":"sid-99649B75-F594-44D4-BE49-649E25A61313"}],"bounds":{"lowerRight":{"x":509.625,"y":95},"upperLeft":{"x":451,"y":95}},"dockers":[{"x":50,"y":40},{"x":50,"y":40}],"target":{"resourceId":"sid-99649B75-F594-44D4-BE49-649E25A61313"}},{"resourceId":"sid-B0606717-5FD8-4A80-B4BD-F380656D77CF","properties":{"overrideid":"","name":"","documentation":"","conditionsequenceflow":"","executionlisteners":"","defaultflow":"false"},"stencil":{"id":"SequenceFlow"},"childShapes":[],"outgoing":[{"resourceId":"sid-30B5D000-1EB3-449C-A131-E0C0F63A4DC8"}],"bounds":{"lowerRight":{"x":329.5859375,"y":245},"upperLeft":{"x":298.9140625,"y":245}},"dockers":[{"x":15,"y":15},{"x":15,"y":15}],"target":{"resourceId":"sid-30B5D000-1EB3-449C-A131-E0C0F63A4DC8"}}],"bounds":{"lowerRight":{"x":1200,"y":1050},"upperLeft":{"x":0,"y":0}},"stencilset":{"url":"stencilsets/bpmn2.0/bpmn2.0.json","namespace":"http://b3mn.org/stencilset/bpmn2.0#"},"ssextensions":[]}