{"resourceId":35037,"properties":{"process_id":"RestcalltaskExample","name":"Rest call task Example","documentation":"","process_author":"","process_version":"","process_namespace":"http://www.activiti.org/processdef","executionlisteners":"","eventlisteners":"","signaldefinitions":"","messagedefinitions":"","executionvariables":"[{\"variableName\":\"groupId\",\"variableType\":\"string\",\"$$hashKey\":\"uiGrid-0007\"},{\"variableName\":\"message\",\"variableType\":\"string\",\"$$hashKey\":\"uiGrid-0009\"},{\"variableName\":\"groupDetails\",\"variableType\":\"string\",\"$$hashKey\":\"uiGrid-000L\"}]","metadata":""},"stencil":{"id":"BPMNDiagram"},"childShapes":[{"resourceId":"startEvent1","properties":{"overrideid":"","name":"","documentation":"","executionlisteners":"","initiator":"","formkeydefinition":"","formreference":"","fieldstovariables":"","formproperties":""},"stencil":{"id":"StartNoneEvent"},"childShapes":[],"outgoing":[{"resourceId":"sid-CF201897-6D41-4F1D-8E21-0C7959E64E43"}],"bounds":{"lowerRight":{"x":130,"y":115},"upperLeft":{"x":100,"y":85}},"dockers":[]},{"resourceId":"sid-51FFBA8C-01C1-4B1F-8797-06CF00088755","properties":{"scriptformat":"javascript","scripttext":"execution.setVariable(\"groupId\", 3003);\nexecution.setVariable(\"message\", 'Welcome');","executionvariables":"","overrideid":"","name":"Set initial value","documentation":"","asynchronousdefinition":"false","exclusivedefinition":"false","executionlisteners":"","multiinstance_type":"None","multiinstance_cardinality":"","multiinstance_collection":"","multiinstance_variable":"","multiinstance_condition":"","isforcompensation":"false"},"stencil":{"id":"ScriptTask"},"childShapes":[],"outgoing":[{"resourceId":"sid-8C8D861B-C099-4BC9-BCA6-4A3E8734C68F"}],"bounds":{"lowerRight":{"x":295,"y":140},"upperLeft":{"x":195,"y":60}},"dockers":[]},{"resourceId":"sid-CF201897-6D41-4F1D-8E21-0C7959E64E43","properties":{"overrideid":"","name":"","documentation":"","conditionsequenceflow":"","executionlisteners":"","defaultflow":"false"},"stencil":{"id":"SequenceFlow"},"childShapes":[],"outgoing":[{"resourceId":"sid-51FFBA8C-01C1-4B1F-8797-06CF00088755"}],"bounds":{"lowerRight":{"x":194.234375,"y":100},"upperLeft":{"x":130.21875,"y":100}},"dockers":[{"x":15,"y":15},{"x":50,"y":40}],"target":{"resourceId":"sid-51FFBA8C-01C1-4B1F-8797-06CF00088755"}},{"resourceId":"sid-FB469463-59D3-486F-B784-7C0C66DFD5E7","properties":{"overrideid":"","name":"Call Service","documentation":"","restcalltask_endpoint":{"http_method":"GET","endpoint_config":{"id":1,"tenantId":1,"name":"APS","protocol":"HTTP","host":"localhost","port":"8080","path":"/","basicAuthId":1,"basicAuthName":"aps_admin","requestHeaders":null},"rest_url":"activiti-app/api/enterprise/groups/${groupId}/users"},"restcalltask_request_mapping":"","restcalltask_response_mapping":[{"processVariableType":"string","$$hashKey":"uiGrid-0009","jsonPropertyName":"data","processVariableName":"groupDetails"}],"restcalltask_request_headers":""},"stencil":{"id":"RestCallTask"},"childShapes":[],"outgoing":[{"resourceId":"sid-FECB8542-496E-4E16-9CB2-648D8C98FB6C"}],"bounds":{"lowerRight":{"x":458.5,"y":140},"upperLeft":{"x":358.5,"y":60}},"dockers":[]},{"resourceId":"sid-8C8D861B-C099-4BC9-BCA6-4A3E8734C68F","properties":{"overrideid":"","name":"","documentation":"","conditionsequenceflow":"","executionlisteners":"","defaultflow":"false"},"stencil":{"id":"SequenceFlow"},"childShapes":[],"outgoing":[{"resourceId":"sid-FB469463-59D3-486F-B784-7C0C66DFD5E7"}],"bounds":{"lowerRight":{"x":357.68359375,"y":100},"upperLeft":{"x":295.81640625,"y":100}},"dockers":[{"x":50,"y":40},{"x":50,"y":40}],"target":{"resourceId":"sid-FB469463-59D3-486F-B784-7C0C66DFD5E7"}},{"resourceId":"sid-02CCF2C4-F8D9-4B9E-9FF7-B0A47B13F060","properties":{"overrideid":"","name":"Display Result","documentation":"","asynchronousdefinition":"false","exclusivedefinition":"false","executionlisteners":"","multiinstance_type":"None","multiinstance_cardinality":"","multiinstance_collection":"","multiinstance_variable":"","multiinstance_condition":"","isforcompensation":"false","usertasksendemail":false,"usertaskassignment":"","formkeydefinition":"","formreference":{"id":16018,"name":"Display Group Details","referenceId":null,"variablesmapping":[]},"fieldstovariables":"","duedatedefinition":"","prioritydefinition":"","categorydefinition":"","formproperties":"","tasklisteners":"","emailtemplate":""},"stencil":{"id":"UserTask"},"childShapes":[],"outgoing":[{"resourceId":"sid-FE4EA620-5296-49D9-A5AC-FB765B3CC825"}],"bounds":{"lowerRight":{"x":610,"y":140},"upperLeft":{"x":510,"y":60}},"dockers":[]},{"resourceId":"sid-FECB8542-496E-4E16-9CB2-648D8C98FB6C","properties":{"overrideid":"","name":"","documentation":"","conditionsequenceflow":"","executionlisteners":"","defaultflow":"false"},"stencil":{"id":"SequenceFlow"},"childShapes":[],"outgoing":[{"resourceId":"sid-02CCF2C4-F8D9-4B9E-9FF7-B0A47B13F060"}],"bounds":{"lowerRight":{"x":509.2890625,"y":100},"upperLeft":{"x":459.2109375,"y":100}},"dockers":[{"x":50,"y":40},{"x":50,"y":40}],"target":{"resourceId":"sid-02CCF2C4-F8D9-4B9E-9FF7-B0A47B13F060"}},{"resourceId":"sid-2A538424-C413-437B-8754-13AFD6432811","properties":{"overrideid":"","name":"","documentation":"","executionlisteners":""},"stencil":{"id":"EndNoneEvent"},"childShapes":[],"outgoing":[],"bounds":{"lowerRight":{"x":688,"y":114},"upperLeft":{"x":660,"y":86}},"dockers":[]},{"resourceId":"sid-FE4EA620-5296-49D9-A5AC-FB765B3CC825","properties":{"overrideid":"","name":"","documentation":"","conditionsequenceflow":"","executionlisteners":"","defaultflow":"false"},"stencil":{"id":"SequenceFlow"},"childShapes":[],"outgoing":[{"resourceId":"sid-2A538424-C413-437B-8754-13AFD6432811"}],"bounds":{"lowerRight":{"x":659.640625,"y":100},"upperLeft":{"x":610.875,"y":100}},"dockers":[{"x":50,"y":40},{"x":14,"y":14}],"target":{"resourceId":"sid-2A538424-C413-437B-8754-13AFD6432811"}}],"bounds":{"lowerRight":{"x":1200,"y":1050},"upperLeft":{"x":0,"y":0}},"stencilset":{"url":"stencilsets/bpmn2.0/bpmn2.0.json","namespace":"http://b3mn.org/stencilset/bpmn2.0#"},"ssextensions":[]}