<?xml version='1.0' encoding='UTF-8'?>
<definitions xmlns="http://www.omg.org/spec/BPMN/20100524/MODEL" xmlns:xsi="http://www.w3.org/2001/XMLSchema-instance" xmlns:xsd="http://www.w3.org/2001/XMLSchema" xmlns:activiti="http://activiti.org/bpmn" xmlns:bpmndi="http://www.omg.org/spec/BPMN/20100524/DI" xmlns:omgdc="http://www.omg.org/spec/DD/20100524/DC" xmlns:omgdi="http://www.omg.org/spec/DD/20100524/DI" typeLanguage="http://www.w3.org/2001/XMLSchema" expressionLanguage="http://www.w3.org/1999/XPath" targetNamespace="http://www.activiti.org/processdef" xmlns:modeler="http://activiti.com/modeler" modeler:version="1.0en" modeler:exportDateTime="20190610155331383" modeler:modelId="35037" modeler:modelVersion="4" modeler:modelLastUpdated="1560162144314">
  <process id="RestcalltaskExample" name="Rest call task Example" isExecutable="true">
    <extensionElements>
      <modeler:executionvariables xmlns:modeler="http://activiti.com/modeler" modeler:variableName="groupId" modeler:variableType="string"/>
      <modeler:executionvariables xmlns:modeler="http://activiti.com/modeler" modeler:variableName="message" modeler:variableType="string"/>
      <modeler:executionvariables xmlns:modeler="http://activiti.com/modeler" modeler:variableName="groupDetails" modeler:variableType="string"/>
    </extensionElements>
    <startEvent id="startEvent1">
      <extensionElements>
        <modeler:editor-resource-id><![CDATA[startEvent1]]></modeler:editor-resource-id>
      </extensionElements>
    </startEvent>
    <scriptTask id="sid-51FFBA8C-01C1-4B1F-8797-06CF00088755" name="Set initial value" scriptFormat="javascript" activiti:autoStoreVariables="false">
      <extensionElements>
        <modeler:editor-resource-id><![CDATA[sid-51FFBA8C-01C1-4B1F-8797-06CF00088755]]></modeler:editor-resource-id>
      </extensionElements>
      <script><![CDATA[execution.setVariable("groupId", 3003);
execution.setVariable("message", 'Welcome');]]></script>
    </scriptTask>
    <sequenceFlow id="sid-CF201897-6D41-4F1D-8E21-0C7959E64E43" sourceRef="startEvent1" targetRef="sid-51FFBA8C-01C1-4B1F-8797-06CF00088755">
      <extensionElements>
        <modeler:editor-resource-id><![CDATA[sid-CF201897-6D41-4F1D-8E21-0C7959E64E43]]></modeler:editor-resource-id>
      </extensionElements>
    </sequenceFlow>
    <serviceTask id="sid-FB469463-59D3-486F-B784-7C0C66DFD5E7" name="Call Service" activiti:async="true" activiti:delegateExpression="${activiti_restCallDelegate}">
      <extensionElements>
        <activiti:field name="baseEndpoint">
          <activiti:string><![CDATA[1]]></activiti:string>
        </activiti:field>
        <activiti:field name="baseEndpointName">
          <activiti:string><![CDATA[APS]]></activiti:string>
        </activiti:field>
        <activiti:field name="restUrl">
          <activiti:string><![CDATA[activiti-app/api/enterprise/groups/${groupId}/users]]></activiti:string>
        </activiti:field>
        <activiti:field name="httpMethod">
          <activiti:string><![CDATA[GET]]></activiti:string>
        </activiti:field>
        <modeler:response-mapping modeler:processVariableName="groupDetails" modeler:processVariableType="string" modeler:jsonPropertyName="data"/>
        <modeler:editor-resource-id><![CDATA[sid-FB469463-59D3-486F-B784-7C0C66DFD5E7]]></modeler:editor-resource-id>
      </extensionElements>
    </serviceTask>
    <sequenceFlow id="sid-8C8D861B-C099-4BC9-BCA6-4A3E8734C68F" sourceRef="sid-51FFBA8C-01C1-4B1F-8797-06CF00088755" targetRef="sid-FB469463-59D3-486F-B784-7C0C66DFD5E7">
      <extensionElements>
        <modeler:editor-resource-id><![CDATA[sid-8C8D861B-C099-4BC9-BCA6-4A3E8734C68F]]></modeler:editor-resource-id>
      </extensionElements>
    </sequenceFlow>
    <userTask id="sid-02CCF2C4-F8D9-4B9E-9FF7-B0A47B13F060" name="Display Result" activiti:assignee="$INITIATOR" activiti:formKey="16018">
      <extensionElements>
        <modeler:allow-send-email><![CDATA[false]]></modeler:allow-send-email>
        <modeler:form-reference-id><![CDATA[16018]]></modeler:form-reference-id>
        <modeler:form-reference-name><![CDATA[Display Group Details]]></modeler:form-reference-name>
        <modeler:activiti-idm-initiator><![CDATA[true]]></modeler:activiti-idm-initiator>
        <modeler:editor-resource-id><![CDATA[sid-02CCF2C4-F8D9-4B9E-9FF7-B0A47B13F060]]></modeler:editor-resource-id>
      </extensionElements>
    </userTask>
    <sequenceFlow id="sid-FECB8542-496E-4E16-9CB2-648D8C98FB6C" sourceRef="sid-FB469463-59D3-486F-B784-7C0C66DFD5E7" targetRef="sid-02CCF2C4-F8D9-4B9E-9FF7-B0A47B13F060">
      <extensionElements>
        <modeler:editor-resource-id><![CDATA[sid-FECB8542-496E-4E16-9CB2-648D8C98FB6C]]></modeler:editor-resource-id>
      </extensionElements>
    </sequenceFlow>
    <endEvent id="sid-2A538424-C413-437B-8754-13AFD6432811">
      <extensionElements>
        <modeler:editor-resource-id><![CDATA[sid-2A538424-C413-437B-8754-13AFD6432811]]></modeler:editor-resource-id>
      </extensionElements>
    </endEvent>
    <sequenceFlow id="sid-FE4EA620-5296-49D9-A5AC-FB765B3CC825" sourceRef="sid-02CCF2C4-F8D9-4B9E-9FF7-B0A47B13F060" targetRef="sid-2A538424-C413-437B-8754-13AFD6432811">
      <extensionElements>
        <modeler:editor-resource-id><![CDATA[sid-FE4EA620-5296-49D9-A5AC-FB765B3CC825]]></modeler:editor-resource-id>
      </extensionElements>
    </sequenceFlow>
  </process>
  <bpmndi:BPMNDiagram id="BPMNDiagram_RestcalltaskExample">
    <bpmndi:BPMNPlane bpmnElement="RestcalltaskExample" id="BPMNPlane_RestcalltaskExample">
      <bpmndi:BPMNShape bpmnElement="startEvent1" id="BPMNShape_startEvent1">
        <omgdc:Bounds height="30.0" width="30.0" x="100.0" y="85.0"/>
      </bpmndi:BPMNShape>
      <bpmndi:BPMNShape bpmnElement="sid-51FFBA8C-01C1-4B1F-8797-06CF00088755" id="BPMNShape_sid-51FFBA8C-01C1-4B1F-8797-06CF00088755">
        <omgdc:Bounds height="80.0" width="100.0" x="195.0" y="60.0"/>
      </bpmndi:BPMNShape>
      <bpmndi:BPMNShape bpmnElement="sid-FB469463-59D3-486F-B784-7C0C66DFD5E7" id="BPMNShape_sid-FB469463-59D3-486F-B784-7C0C66DFD5E7">
        <omgdc:Bounds height="80.0" width="100.0" x="358.5" y="60.0"/>
      </bpmndi:BPMNShape>
      <bpmndi:BPMNShape bpmnElement="sid-02CCF2C4-F8D9-4B9E-9FF7-B0A47B13F060" id="BPMNShape_sid-02CCF2C4-F8D9-4B9E-9FF7-B0A47B13F060">
        <omgdc:Bounds height="80.0" width="100.0" x="510.0" y="60.0"/>
      </bpmndi:BPMNShape>
      <bpmndi:BPMNShape bpmnElement="sid-2A538424-C413-437B-8754-13AFD6432811" id="BPMNShape_sid-2A538424-C413-437B-8754-13AFD6432811">
        <omgdc:Bounds height="28.0" width="28.0" x="660.0" y="86.0"/>
      </bpmndi:BPMNShape>
      <bpmndi:BPMNEdge bpmnElement="sid-CF201897-6D41-4F1D-8E21-0C7959E64E43" id="BPMNEdge_sid-CF201897-6D41-4F1D-8E21-0C7959E64E43">
        <omgdi:waypoint x="130.0" y="100.0"/>
        <omgdi:waypoint x="195.0" y="100.0"/>
      </bpmndi:BPMNEdge>
      <bpmndi:BPMNEdge bpmnElement="sid-8C8D861B-C099-4BC9-BCA6-4A3E8734C68F" id="BPMNEdge_sid-8C8D861B-C099-4BC9-BCA6-4A3E8734C68F">
        <omgdi:waypoint x="295.0" y="100.0"/>
        <omgdi:waypoint x="358.5" y="100.0"/>
      </bpmndi:BPMNEdge>
      <bpmndi:BPMNEdge bpmnElement="sid-FE4EA620-5296-49D9-A5AC-FB765B3CC825" id="BPMNEdge_sid-FE4EA620-5296-49D9-A5AC-FB765B3CC825">
        <omgdi:waypoint x="610.0" y="100.0"/>
        <omgdi:waypoint x="660.0" y="100.0"/>
      </bpmndi:BPMNEdge>
      <bpmndi:BPMNEdge bpmnElement="sid-FECB8542-496E-4E16-9CB2-648D8C98FB6C" id="BPMNEdge_sid-FECB8542-496E-4E16-9CB2-648D8C98FB6C">
        <omgdi:waypoint x="458.5" y="100.0"/>
        <omgdi:waypoint x="510.0" y="100.0"/>
      </bpmndi:BPMNEdge>
    </bpmndi:BPMNPlane>
  </bpmndi:BPMNDiagram>
</definitions>