<?xml version='1.0' encoding='UTF-8'?>
<definitions xmlns="http://www.omg.org/spec/BPMN/20100524/MODEL" xmlns:xsi="http://www.w3.org/2001/XMLSchema-instance" xmlns:xsd="http://www.w3.org/2001/XMLSchema" xmlns:activiti="http://activiti.org/bpmn" xmlns:bpmndi="http://www.omg.org/spec/BPMN/20100524/DI" xmlns:omgdc="http://www.omg.org/spec/DD/20100524/DC" xmlns:omgdi="http://www.omg.org/spec/DD/20100524/DI" typeLanguage="http://www.w3.org/2001/XMLSchema" expressionLanguage="http://www.w3.org/1999/XPath" targetNamespace="http://www.activiti.org/processdef" xmlns:modeler="http://activiti.com/modeler" modeler:version="1.0en" modeler:exportDateTime="20190610155331390" modeler:modelId="16017" modeler:modelVersion="63" modeler:modelLastUpdated="1560162144408">
  <process id="ServiceTaskTest" name="ServiceTask Example" isExecutable="true">
    <extensionElements>
      <modeler:executionvariables xmlns:modeler="http://activiti.com/modeler" modeler:variableName="message" modeler:variableType="string"/>
      <modeler:executionvariables xmlns:modeler="http://activiti.com/modeler" modeler:variableName="groupDetails" modeler:variableType="string"/>
      <modeler:executionvariables xmlns:modeler="http://activiti.com/modeler" modeler:variableName="groupId" modeler:variableType="string"/>
    </extensionElements>
    <startEvent id="startEvent1">
      <extensionElements>
        <modeler:editor-resource-id><![CDATA[startEvent1]]></modeler:editor-resource-id>
      </extensionElements>
    </startEvent>
    <serviceTask id="sid-5A5CED46-B6B2-47EE-85E0-6D2E07D9A311" name="Get group member" activiti:class="com.activiti.extension.conf.MyJavaDelegate">
      <extensionElements>
        <modeler:editor-resource-id><![CDATA[sid-5A5CED46-B6B2-47EE-85E0-6D2E07D9A311]]></modeler:editor-resource-id>
      </extensionElements>
    </serviceTask>
    <endEvent id="sid-03E5361B-085F-4001-B0D0-FB9C053C00E8">
      <extensionElements>
        <modeler:editor-resource-id><![CDATA[sid-03E5361B-085F-4001-B0D0-FB9C053C00E8]]></modeler:editor-resource-id>
      </extensionElements>
    </endEvent>
    <userTask id="sid-F68312EC-1263-4C27-B588-94516E4314FA" name="Display group member " activiti:assignee="$INITIATOR" activiti:formKey="16018">
      <extensionElements>
        <modeler:allow-send-email><![CDATA[false]]></modeler:allow-send-email>
        <modeler:form-reference-id><![CDATA[16018]]></modeler:form-reference-id>
        <modeler:form-reference-name><![CDATA[Display Group Details]]></modeler:form-reference-name>
        <modeler:activiti-idm-initiator><![CDATA[true]]></modeler:activiti-idm-initiator>
        <modeler:editor-resource-id><![CDATA[sid-F68312EC-1263-4C27-B588-94516E4314FA]]></modeler:editor-resource-id>
      </extensionElements>
    </userTask>
    <sequenceFlow id="sid-505BA339-20EF-4307-8244-9C139BF4E0CC" sourceRef="sid-5A5CED46-B6B2-47EE-85E0-6D2E07D9A311" targetRef="sid-F68312EC-1263-4C27-B588-94516E4314FA">
      <extensionElements>
        <modeler:editor-resource-id><![CDATA[sid-505BA339-20EF-4307-8244-9C139BF4E0CC]]></modeler:editor-resource-id>
      </extensionElements>
    </sequenceFlow>
    <sequenceFlow id="sid-66672557-D263-4216-B612-5F27CA12632E" sourceRef="sid-F68312EC-1263-4C27-B588-94516E4314FA" targetRef="sid-03E5361B-085F-4001-B0D0-FB9C053C00E8">
      <extensionElements>
        <modeler:editor-resource-id><![CDATA[sid-66672557-D263-4216-B612-5F27CA12632E]]></modeler:editor-resource-id>
      </extensionElements>
    </sequenceFlow>
    <scriptTask id="sid-5753448E-A11C-4274-9C25-240AD50D6ABD" name="Set initial value" scriptFormat="javascript" activiti:autoStoreVariables="false">
      <extensionElements>
        <modeler:editor-resource-id><![CDATA[sid-5753448E-A11C-4274-9C25-240AD50D6ABD]]></modeler:editor-resource-id>
      </extensionElements>
      <script><![CDATA[execution.setVariable("groupId", 3003);]]></script>
    </scriptTask>
    <sequenceFlow id="sid-09741E1A-4435-4F5B-8144-B09D9F7DA10A" sourceRef="startEvent1" targetRef="sid-5753448E-A11C-4274-9C25-240AD50D6ABD">
      <extensionElements>
        <modeler:editor-resource-id><![CDATA[sid-09741E1A-4435-4F5B-8144-B09D9F7DA10A]]></modeler:editor-resource-id>
      </extensionElements>
    </sequenceFlow>
    <sequenceFlow id="sid-64962249-96AD-4F98-8F9F-84D8A546AFF1" sourceRef="sid-5753448E-A11C-4274-9C25-240AD50D6ABD" targetRef="sid-5A5CED46-B6B2-47EE-85E0-6D2E07D9A311">
      <extensionElements>
        <modeler:editor-resource-id><![CDATA[sid-64962249-96AD-4F98-8F9F-84D8A546AFF1]]></modeler:editor-resource-id>
      </extensionElements>
    </sequenceFlow>
  </process>
  <bpmndi:BPMNDiagram id="BPMNDiagram_ServiceTaskTest">
    <bpmndi:BPMNPlane bpmnElement="ServiceTaskTest" id="BPMNPlane_ServiceTaskTest">
      <bpmndi:BPMNShape bpmnElement="startEvent1" id="BPMNShape_startEvent1">
        <omgdc:Bounds height="30.0" width="30.0" x="100.0" y="85.0"/>
      </bpmndi:BPMNShape>
      <bpmndi:BPMNShape bpmnElement="sid-5A5CED46-B6B2-47EE-85E0-6D2E07D9A311" id="BPMNShape_sid-5A5CED46-B6B2-47EE-85E0-6D2E07D9A311">
        <omgdc:Bounds height="80.0" width="100.0" x="355.0" y="70.0"/>
      </bpmndi:BPMNShape>
      <bpmndi:BPMNShape bpmnElement="sid-03E5361B-085F-4001-B0D0-FB9C053C00E8" id="BPMNShape_sid-03E5361B-085F-4001-B0D0-FB9C053C00E8">
        <omgdc:Bounds height="28.0" width="28.0" x="685.0" y="101.0"/>
      </bpmndi:BPMNShape>
      <bpmndi:BPMNShape bpmnElement="sid-F68312EC-1263-4C27-B588-94516E4314FA" id="BPMNShape_sid-F68312EC-1263-4C27-B588-94516E4314FA">
        <omgdc:Bounds height="80.0" width="100.0" x="520.0" y="70.0"/>
      </bpmndi:BPMNShape>
      <bpmndi:BPMNShape bpmnElement="sid-5753448E-A11C-4274-9C25-240AD50D6ABD" id="BPMNShape_sid-5753448E-A11C-4274-9C25-240AD50D6ABD">
        <omgdc:Bounds height="80.0" width="100.0" x="175.0" y="70.0"/>
      </bpmndi:BPMNShape>
      <bpmndi:BPMNEdge bpmnElement="sid-64962249-96AD-4F98-8F9F-84D8A546AFF1" id="BPMNEdge_sid-64962249-96AD-4F98-8F9F-84D8A546AFF1">
        <omgdi:waypoint x="275.0" y="110.0"/>
        <omgdi:waypoint x="355.0" y="110.0"/>
      </bpmndi:BPMNEdge>
      <bpmndi:BPMNEdge bpmnElement="sid-09741E1A-4435-4F5B-8144-B09D9F7DA10A" id="BPMNEdge_sid-09741E1A-4435-4F5B-8144-B09D9F7DA10A">
        <omgdi:waypoint x="130.0" y="100.0"/>
        <omgdi:waypoint x="175.0" y="100.0"/>
      </bpmndi:BPMNEdge>
      <bpmndi:BPMNEdge bpmnElement="sid-66672557-D263-4216-B612-5F27CA12632E" id="BPMNEdge_sid-66672557-D263-4216-B612-5F27CA12632E">
        <omgdi:waypoint x="620.0" y="111.93798449612403"/>
        <omgdi:waypoint x="685.0105043607881" y="114.45777148685225"/>
      </bpmndi:BPMNEdge>
      <bpmndi:BPMNEdge bpmnElement="sid-505BA339-20EF-4307-8244-9C139BF4E0CC" id="BPMNEdge_sid-505BA339-20EF-4307-8244-9C139BF4E0CC">
        <omgdi:waypoint x="455.0" y="110.0"/>
        <omgdi:waypoint x="520.0" y="110.0"/>
      </bpmndi:BPMNEdge>
    </bpmndi:BPMNPlane>
  </bpmndi:BPMNDiagram>
</definitions>