{"resourceId":16017,"properties":{"process_id":"ServiceTaskTest","name":"ServiceTask Example","documentation":"","process_author":"","process_version":"","process_namespace":"http://www.activiti.org/processdef","executionlisteners":"","eventlisteners":"null","signaldefinitions":"","messagedefinitions":"","executionvariables":"[{\"variableName\":\"message\",\"variableType\":\"string\",\"$$hashKey\":\"uiGrid-000D\"},{\"variableName\":\"groupDetails\",\"variableType\":\"string\",\"$$hashKey\":\"uiGrid-000F\"},{\"variableName\":\"groupId\",\"variableType\":\"string\",\"$$hashKey\":\"uiGrid-000H\"}]","metadata":""},"stencil":{"id":"BPMNDiagram"},"childShapes":[{"resourceId":"startEvent1","properties":{"overrideid":"","name":"","documentation":"","executionlisteners":"","initiator":"","formkeydefinition":"","formreference":"","fieldstovariables":"","formproperties":""},"stencil":{"id":"StartNoneEvent"},"childShapes":[],"outgoing":[{"resourceId":"sid-09741E1A-4435-4F5B-8144-B09D9F7DA10A"}],"bounds":{"lowerRight":{"x":130,"y":115},"upperLeft":{"x":100,"y":85}},"dockers":[]},{"resourceId":"sid-5A5CED46-B6B2-47EE-85E0-6D2E07D9A311","properties":{"overrideid":"","name":"Get group member","documentation":"","asynchronousdefinition":"false","exclusivedefinition":"false","executionlisteners":"","multiinstance_type":"None","multiinstance_cardinality":"","multiinstance_collection":"","multiinstance_variable":"","multiinstance_condition":"","isforcompensation":"false","servicetaskclass":"com.activiti.extension.conf.MyJavaDelegate","servicetaskexpression":"","servicetaskdelegateexpression":"","servicetaskfields":null,"servicetaskresultvariable":"","executionvariables":null},"stencil":{"id":"ServiceTask"},"childShapes":[],"outgoing":[{"resourceId":"sid-505BA339-20EF-4307-8244-9C139BF4E0CC"}],"bounds":{"lowerRight":{"x":455,"y":150},"upperLeft":{"x":355,"y":70}},"dockers":[]},{"resourceId":"sid-03E5361B-085F-4001-B0D0-FB9C053C00E8","properties":{"overrideid":"","name":"","documentation":"","executionlisteners":""},"stencil":{"id":"EndNoneEvent"},"childShapes":[],"outgoing":[],"bounds":{"lowerRight":{"x":713,"y":129},"upperLeft":{"x":685,"y":101}},"dockers":[]},{"resourceId":"sid-F68312EC-1263-4C27-B588-94516E4314FA","properties":{"overrideid":"","name":"Display group member ","documentation":"","asynchronousdefinition":"false","exclusivedefinition":"false","executionlisteners":"","multiinstance_type":"None","multiinstance_cardinality":"","multiinstance_collection":"","multiinstance_variable":"","multiinstance_condition":"","isforcompensation":"false","usertasksendemail":false,"usertaskassignment":"","formkeydefinition":"","formreference":{"id":16018,"name":"Display Group Details","referenceId":null,"variablesmapping":[]},"fieldstovariables":"","duedatedefinition":"","prioritydefinition":"","categorydefinition":"","formproperties":"","tasklisteners":"","emailtemplate":""},"stencil":{"id":"UserTask"},"childShapes":[],"outgoing":[{"resourceId":"sid-66672557-D263-4216-B612-5F27CA12632E"}],"bounds":{"lowerRight":{"x":620,"y":150},"upperLeft":{"x":520,"y":70}},"dockers":[]},{"resourceId":"sid-505BA339-20EF-4307-8244-9C139BF4E0CC","properties":{"overrideid":"","name":"","documentation":"","conditionsequenceflow":"","executionlisteners":"","defaultflow":"false"},"stencil":{"id":"SequenceFlow"},"childShapes":[],"outgoing":[{"resourceId":"sid-F68312EC-1263-4C27-B588-94516E4314FA"}],"bounds":{"lowerRight":{"x":519.37109375,"y":110},"upperLeft":{"x":455.62890625,"y":110}},"dockers":[{"x":50,"y":40},{"x":50,"y":40}],"target":{"resourceId":"sid-F68312EC-1263-4C27-B588-94516E4314FA"}},{"resourceId":"sid-66672557-D263-4216-B612-5F27CA12632E","properties":{"overrideid":"","name":"","documentation":"","conditionsequenceflow":"","executionlisteners":"","defaultflow":"false"},"stencil":{"id":"SequenceFlow"},"childShapes":[],"outgoing":[{"resourceId":"sid-03E5361B-085F-4001-B0D0-FB9C053C00E8"}],"bounds":{"lowerRight":{"x":684.8991878114848,"y":114.45345689191802},"upperLeft":{"x":620.3820621885152,"y":111.95279310808198}},"dockers":[{"x":50,"y":40},{"x":14,"y":14}],"target":{"resourceId":"sid-03E5361B-085F-4001-B0D0-FB9C053C00E8"}},{"resourceId":"sid-5753448E-A11C-4274-9C25-240AD50D6ABD","properties":{"scriptformat":"javascript","scripttext":"execution.setVariable(\"groupId\", 3003);","executionvariables":"","overrideid":"","name":"Set initial value","documentation":"","asynchronousdefinition":"false","exclusivedefinition":"false","executionlisteners":"","multiinstance_type":"None","multiinstance_cardinality":"","multiinstance_collection":"","multiinstance_variable":"","multiinstance_condition":"","isforcompensation":"false"},"stencil":{"id":"ScriptTask"},"childShapes":[],"outgoing":[{"resourceId":"sid-64962249-96AD-4F98-8F9F-84D8A546AFF1"}],"bounds":{"lowerRight":{"x":275,"y":150},"upperLeft":{"x":175,"y":70}},"dockers":[]},{"resourceId":"sid-09741E1A-4435-4F5B-8144-B09D9F7DA10A","properties":{"overrideid":"","name":"","documentation":"","conditionsequenceflow":"","executionlisteners":"","defaultflow":"false","showdiamondmarker":false},"stencil":{"id":"SequenceFlow"},"childShapes":[],"outgoing":[{"resourceId":"sid-5753448E-A11C-4274-9C25-240AD50D6ABD"}],"bounds":{"lowerRight":{"x":174.9609375,"y":100},"upperLeft":{"x":130.34375,"y":100}},"dockers":[{"x":15,"y":15},{"x":16.5,"y":30}],"target":{"resourceId":"sid-5753448E-A11C-4274-9C25-240AD50D6ABD"}},{"resourceId":"sid-64962249-96AD-4F98-8F9F-84D8A546AFF1","properties":{"overrideid":"","name":"","documentation":"","conditionsequenceflow":"","executionlisteners":"","defaultflow":"false"},"stencil":{"id":"SequenceFlow"},"childShapes":[],"outgoing":[{"resourceId":"sid-5A5CED46-B6B2-47EE-85E0-6D2E07D9A311"}],"bounds":{"lowerRight":{"x":354.78125,"y":110},"upperLeft":{"x":275.21875,"y":110}},"dockers":[{"x":50,"y":40},{"x":50,"y":40}],"target":{"resourceId":"sid-5A5CED46-B6B2-47EE-85E0-6D2E07D9A311"}}],"bounds":{"lowerRight":{"x":1200,"y":1050},"upperLeft":{"x":0,"y":0}},"stencilset":{"url":"stencilsets/bpmn2.0/bpmn2.0.json","namespace":"http://b3mn.org/stencilset/bpmn2.0#"},"ssextensions":[]}