{"resourceId":19020,"properties":{"process_id":"SubProcessExample","name":"Sub Process Example","documentation":"","process_author":"","process_version":"","process_namespace":"http://www.activiti.org/processdef","executionlisteners":"","eventlisteners":"","signaldefinitions":"","messagedefinitions":"","executionvariables":"[{\"variableName\":\"mailbody\",\"variableType\":\"string\",\"$$hashKey\":\"uiGrid-0007\"},{\"variableName\":\"groupId\",\"variableType\":\"integer\",\"$$hashKey\":\"uiGrid-0009\"},{\"variableName\":\"innerIndex\",\"variableType\":\"integer\",\"$$hashKey\":\"uiGrid-000B\"},{\"variableName\":\"subject\",\"variableType\":\"string\",\"$$hashKey\":\"uiGrid-000R\"}]","metadata":""},"stencil":{"id":"BPMNDiagram"},"childShapes":[{"resourceId":"startEvent1","properties":{"overrideid":"","name":"","documentation":"","executionlisteners":"","initiator":"","formkeydefinition":"","formreference":"","fieldstovariables":"","formproperties":""},"stencil":{"id":"StartNoneEvent"},"childShapes":[],"outgoing":[{"resourceId":"sid-E64BB973-1763-4488-B0CF-32E4E037FA7A"}],"bounds":{"lowerRight":{"x":90,"y":130},"upperLeft":{"x":60,"y":100}},"dockers":[]},{"resourceId":"sid-A34CEB0D-FB25-415D-A64C-C46F6CCEB706","properties":{"overrideid":"","name":"Type Mail Content\nand Subject","documentation":"","asynchronousdefinition":"false","exclusivedefinition":"false","executionlisteners":"","multiinstance_type":"None","multiinstance_cardinality":"","multiinstance_collection":"","multiinstance_variable":"","multiinstance_condition":"","isforcompensation":"false","usertasksendemail":false,"usertaskassignment":"","formkeydefinition":"","formreference":{"id":19021,"name":"Sub Process Example","referenceId":null,"variablesmapping":[{"mappedVariable":"mailbody","inProcessVariable":"","outProcessVariable":"mailbody","typeOfMapping":"outputMap","inVariableType":"formField","outVariableType":"restResponse"},{"mappedVariable":"subject","inProcessVariable":"","outProcessVariable":"subject","typeOfMapping":"outputMap","inVariableType":"formField","outVariableType":"restResponse"}]},"fieldstovariables":"","duedatedefinition":"","prioritydefinition":"","categorydefinition":"","formproperties":"","tasklisteners":"","emailtemplate":""},"stencil":{"id":"UserTask"},"childShapes":[],"outgoing":[{"resourceId":"sid-29649C0C-6BC2-4F80-AB4A-9F6F3AE9D71A"}],"bounds":{"lowerRight":{"x":250,"y":155},"upperLeft":{"x":150,"y":75}},"dockers":[]},{"resourceId":"sid-E64BB973-1763-4488-B0CF-32E4E037FA7A","properties":{"overrideid":"","name":"","documentation":"","conditionsequenceflow":"","executionlisteners":"","defaultflow":"false"},"stencil":{"id":"SequenceFlow"},"childShapes":[],"outgoing":[{"resourceId":"sid-A34CEB0D-FB25-415D-A64C-C46F6CCEB706"}],"bounds":{"lowerRight":{"x":149.1953125,"y":115},"upperLeft":{"x":90.6484375,"y":115}},"dockers":[{"x":15,"y":15},{"x":50,"y":40}],"target":{"resourceId":"sid-A34CEB0D-FB25-415D-A64C-C46F6CCEB706"}},{"resourceId":"sid-429AE61F-7BA1-45FB-8323-DF35552174C1","properties":{"scriptformat":"javascript","scripttext":"execution.setVariable(\"groupId\", 3003);\r\nexecution.setVariable(\"innerIndex\", 0);\r\n","executionvariables":"","overrideid":"","name":"initialization variable","documentation":"","asynchronousdefinition":"false","exclusivedefinition":"false","executionlisteners":"","multiinstance_type":"None","multiinstance_cardinality":"","multiinstance_collection":"","multiinstance_variable":"","multiinstance_condition":"","isforcompensation":"false"},"stencil":{"id":"ScriptTask"},"childShapes":[],"outgoing":[{"resourceId":"sid-0EB33CAB-DD87-48E3-BD10-EEF7E2D927C5"}],"bounds":{"lowerRight":{"x":385,"y":155},"upperLeft":{"x":285,"y":75}},"dockers":[]},{"resourceId":"sid-29649C0C-6BC2-4F80-AB4A-9F6F3AE9D71A","properties":{"overrideid":"","name":"","documentation":"","conditionsequenceflow":"","executionlisteners":"","defaultflow":"false"},"stencil":{"id":"SequenceFlow"},"childShapes":[],"outgoing":[{"resourceId":"sid-429AE61F-7BA1-45FB-8323-DF35552174C1"}],"bounds":{"lowerRight":{"x":284.4296875,"y":115},"upperLeft":{"x":250.5703125,"y":115}},"dockers":[{"x":50,"y":40},{"x":50,"y":40}],"target":{"resourceId":"sid-429AE61F-7BA1-45FB-8323-DF35552174C1"}},{"resourceId":"sid-A8C6FBD1-E93D-4FAB-B2B2-C54BF1756168","properties":{"overrideid":"","name":"Get Group details","documentation":"","restcalltask_endpoint":{"http_method":"GET","endpoint_config":{"id":1,"tenantId":1,"name":"APS","protocol":"HTTP","host":"localhost","port":"8080","path":"/","basicAuthId":1,"basicAuthName":"aps_admin","requestHeaders":null},"rest_url":"activiti-app/api/enterprise/groups/${groupId}/users"},"restcalltask_request_mapping":"","restcalltask_response_mapping":[{"jsonPropertyName":"data","processVariableName":"groupDetails","processVariableType":"string","$$hashKey":"uiGrid-000L"},{"processVariableType":"string","$$hashKey":"uiGrid-000T","jsonPropertyName":"total","processVariableName":"teamsize"}],"restcalltask_request_headers":""},"stencil":{"id":"RestCallTask"},"childShapes":[],"outgoing":[{"resourceId":"sid-B7E09D17-813F-4121-83EC-B9315A92CC02"}],"bounds":{"lowerRight":{"x":535,"y":160},"upperLeft":{"x":435,"y":80}},"dockers":[]},{"resourceId":"sid-0EB33CAB-DD87-48E3-BD10-EEF7E2D927C5","properties":{"overrideid":"","name":"","documentation":"","conditionsequenceflow":"","executionlisteners":"","defaultflow":"false"},"stencil":{"id":"SequenceFlow"},"childShapes":[],"outgoing":[{"resourceId":"sid-A8C6FBD1-E93D-4FAB-B2B2-C54BF1756168"}],"bounds":{"lowerRight":{"x":434.78180509302086,"y":118.32606016976736},"upperLeft":{"x":385.21819490697914,"y":116.67393983023264}},"dockers":[{"x":50,"y":40},{"x":50,"y":40}],"target":{"resourceId":"sid-A8C6FBD1-E93D-4FAB-B2B2-C54BF1756168"}},{"resourceId":"sid-5C6B8FB3-F78D-4BED-9ABD-0C2E85B08C61","properties":{"overrideid":"","name":"","documentation":"","asynchronousdefinition":"false","exclusivedefinition":"false","executionlisteners":"","multiinstance_type":"Parallel","multiinstance_cardinality":"${teamsize}","multiinstance_collection":"","multiinstance_variable":"","multiinstance_condition":"","istransaction":"false"},"stencil":{"id":"SubProcess"},"childShapes":[{"resourceId":"sid-B063C7E7-7653-4980-A81C-86B42AC1A828","properties":{"overrideid":"","name":"","documentation":"","executionlisteners":"","initiator":"","formkeydefinition":"","formreference":"","fieldstovariables":"","formproperties":""},"stencil":{"id":"StartNoneEvent"},"childShapes":[],"outgoing":[{"resourceId":"sid-BAEC7580-A6E1-438C-A884-2C0B86F012CF"}],"bounds":{"lowerRight":{"x":110,"y":45},"upperLeft":{"x":80,"y":15}},"dockers":[]},{"resourceId":"sid-A5BE7894-BEFE-4AEB-A7A9-CB4D26D563F9","properties":{"scriptformat":"javascript","scripttext":"var i = execution.getVariable(\"innerIndex\");\nvar temp = execution.getVariable(\"groupDetails\");\nvar data = JSON.parse(temp);\nexecution.setVariable(\"assigneeUser\", data[i].email);\ni++;\nexecution.setVariable(\"innerIndex\", i);\n//execution.setVariable(\"closeInstance\", false);","executionvariables":"","overrideid":"","name":"increment variable and get rest data one by one","documentation":"","asynchronousdefinition":"false","exclusivedefinition":"false","executionlisteners":"","multiinstance_type":"None","multiinstance_cardinality":"","multiinstance_collection":"","multiinstance_variable":"","multiinstance_condition":"","isforcompensation":"false"},"stencil":{"id":"ScriptTask"},"childShapes":[],"outgoing":[{"resourceId":"sid-C39E5603-7596-4D2B-8FD3-7B0C9D5DB9BE"}],"bounds":{"lowerRight":{"x":145,"y":170},"upperLeft":{"x":45,"y":90}},"dockers":[]},{"resourceId":"sid-A3A443CF-3E0C-4893-A3A0-F70F49D89C21","properties":{"overrideid":"","name":"","documentation":"","executionlisteners":""},"stencil":{"id":"EndNoneEvent"},"childShapes":[],"outgoing":[],"bounds":{"lowerRight":{"x":304,"y":44},"upperLeft":{"x":276,"y":16}},"dockers":[]},{"resourceId":"sid-14CDB485-0A00-4EBA-8926-0246054533A7","properties":{"overrideid":"","name":"Send Mail","documentation":"","asynchronousdefinition":"false","exclusivedefinition":"false","executionlisteners":"","multiinstance_type":"None","multiinstance_cardinality":"","multiinstance_collection":"","multiinstance_variable":"","multiinstance_condition":"","isforcompensation":"false","mailtaskto":"${assigneeUser}","mailtaskfrom":"","mailtasksubject":"${subject}","mailtaskcc":"","mailtaskbcc":"","mailtasktext":"${mailbody}","mailtaskhtml":"","mailtaskcharset":""},"stencil":{"id":"MailTask"},"childShapes":[],"outgoing":[{"resourceId":"sid-A7862B28-A5FD-4262-9DDD-9BF90645AB19"}],"bounds":{"lowerRight":{"x":340,"y":170},"upperLeft":{"x":240,"y":90}},"dockers":[]}],"outgoing":[{"resourceId":"sid-3A92B862-3AAE-4B60-B1B7-DF17989ABA47"}],"bounds":{"lowerRight":{"x":952,"y":213},"upperLeft":{"x":570,"y":30}},"dockers":[]},{"resourceId":"sid-B7E09D17-813F-4121-83EC-B9315A92CC02","properties":{"overrideid":"","name":"","documentation":"","conditionsequenceflow":"","executionlisteners":"","defaultflow":"false"},"stencil":{"id":"SequenceFlow"},"childShapes":[],"outgoing":[{"resourceId":"sid-5C6B8FB3-F78D-4BED-9ABD-0C2E85B08C61"}],"bounds":{"lowerRight":{"x":569.5234375,"y":121.5},"upperLeft":{"x":535.62890625,"y":120}},"dockers":[{"x":50,"y":40},{"x":567.5,"y":120},{"x":567.5,"y":121.5},{"x":191,"y":91.5}],"target":{"resourceId":"sid-5C6B8FB3-F78D-4BED-9ABD-0C2E85B08C61"}},{"resourceId":"sid-47387828-7F66-448B-BAF5-869EFEF97A48","properties":{"overrideid":"","name":"","documentation":"","executionlisteners":""},"stencil":{"id":"EndNoneEvent"},"childShapes":[],"outgoing":[],"bounds":{"lowerRight":{"x":1018,"y":135.5},"upperLeft":{"x":990,"y":107.5}},"dockers":[]},{"resourceId":"sid-C39E5603-7596-4D2B-8FD3-7B0C9D5DB9BE","properties":{"overrideid":"","name":"","documentation":"","conditionsequenceflow":"","executionlisteners":"","defaultflow":"false","showdiamondmarker":false},"stencil":{"id":"SequenceFlow"},"childShapes":[],"outgoing":[{"resourceId":"sid-14CDB485-0A00-4EBA-8926-0246054533A7"}],"bounds":{"lowerRight":{"x":809.609375,"y":161},"upperLeft":{"x":715.8046875,"y":160}},"dockers":[{"x":50,"y":40},{"x":792.5,"y":160},{"x":792.5,"y":161},{"x":13,"y":41}],"target":{"resourceId":"sid-14CDB485-0A00-4EBA-8926-0246054533A7"}},{"resourceId":"sid-A7862B28-A5FD-4262-9DDD-9BF90645AB19","properties":{"overrideid":"","name":"","documentation":"","conditionsequenceflow":"","executionlisteners":"","defaultflow":"false"},"stencil":{"id":"SequenceFlow"},"childShapes":[],"outgoing":[{"resourceId":"sid-A3A443CF-3E0C-4893-A3A0-F70F49D89C21"}],"bounds":{"lowerRight":{"x":860,"y":119.9375},"upperLeft":{"x":860,"y":74.28125}},"dockers":[{"x":50,"y":40},{"x":14,"y":14}],"target":{"resourceId":"sid-A3A443CF-3E0C-4893-A3A0-F70F49D89C21"}},{"resourceId":"sid-BAEC7580-A6E1-438C-A884-2C0B86F012CF","properties":{"overrideid":"","name":"","documentation":"","conditionsequenceflow":"","executionlisteners":"","defaultflow":"false"},"stencil":{"id":"SequenceFlow"},"childShapes":[],"outgoing":[{"resourceId":"sid-A5BE7894-BEFE-4AEB-A7A9-CB4D26D563F9"}],"bounds":{"lowerRight":{"x":665,"y":119.9375},"upperLeft":{"x":665,"y":75.0625}},"dockers":[{"x":15,"y":15},{"x":50,"y":40}],"target":{"resourceId":"sid-A5BE7894-BEFE-4AEB-A7A9-CB4D26D563F9"}},{"resourceId":"sid-3A92B862-3AAE-4B60-B1B7-DF17989ABA47","properties":{"overrideid":"","name":"","documentation":"","conditionsequenceflow":"","executionlisteners":"","defaultflow":"false"},"stencil":{"id":"SequenceFlow"},"childShapes":[],"outgoing":[{"resourceId":"sid-47387828-7F66-448B-BAF5-869EFEF97A48"}],"bounds":{"lowerRight":{"x":989.7109375,"y":121.5},"upperLeft":{"x":952.79296875,"y":121.5}},"dockers":[{"x":191,"y":91.5},{"x":14,"y":14}],"target":{"resourceId":"sid-47387828-7F66-448B-BAF5-869EFEF97A48"}}],"bounds":{"lowerRight":{"x":1200,"y":1050},"upperLeft":{"x":0,"y":0}},"stencilset":{"url":"stencilsets/bpmn2.0/bpmn2.0.json","namespace":"http://b3mn.org/stencilset/bpmn2.0#"},"ssextensions":[]}