<?xml version='1.0' encoding='UTF-8'?>
<definitions xmlns="http://www.omg.org/spec/BPMN/20100524/MODEL" xmlns:xsi="http://www.w3.org/2001/XMLSchema-instance" xmlns:xsd="http://www.w3.org/2001/XMLSchema" xmlns:activiti="http://activiti.org/bpmn" xmlns:bpmndi="http://www.omg.org/spec/BPMN/20100524/DI" xmlns:omgdc="http://www.omg.org/spec/DD/20100524/DC" xmlns:omgdi="http://www.omg.org/spec/DD/20100524/DI" typeLanguage="http://www.w3.org/2001/XMLSchema" expressionLanguage="http://www.w3.org/1999/XPath" targetNamespace="http://www.activiti.org/processdef" xmlns:modeler="http://activiti.com/modeler" modeler:version="1.0en" modeler:exportDateTime="20190610155331344" modeler:modelId="19020" modeler:modelVersion="20" modeler:modelLastUpdated="1560162144049">
  <process id="SubProcessExample" name="Sub Process Example" isExecutable="true">
    <extensionElements>
      <modeler:executionvariables xmlns:modeler="http://activiti.com/modeler" modeler:variableName="mailbody" modeler:variableType="string"/>
      <modeler:executionvariables xmlns:modeler="http://activiti.com/modeler" modeler:variableName="groupId" modeler:variableType="integer"/>
      <modeler:executionvariables xmlns:modeler="http://activiti.com/modeler" modeler:variableName="innerIndex" modeler:variableType="integer"/>
      <modeler:executionvariables xmlns:modeler="http://activiti.com/modeler" modeler:variableName="subject" modeler:variableType="string"/>
    </extensionElements>
    <startEvent id="startEvent1">
      <extensionElements>
        <modeler:editor-resource-id><![CDATA[startEvent1]]></modeler:editor-resource-id>
      </extensionElements>
    </startEvent>
    <userTask id="sid-A34CEB0D-FB25-415D-A64C-C46F6CCEB706" name="Type Mail Content&#xa;and Subject" activiti:assignee="$INITIATOR" activiti:formKey="19021">
      <extensionElements>
        <modeler:allow-send-email><![CDATA[false]]></modeler:allow-send-email>
        <modeler:form-reference-id><![CDATA[19021]]></modeler:form-reference-id>
        <modeler:form-reference-name><![CDATA[Sub Process Example]]></modeler:form-reference-name>
        <modeler:activiti-idm-initiator><![CDATA[true]]></modeler:activiti-idm-initiator>
        <modeler:variablesMapping>
          <modeler:mappedVariable><![CDATA[mailbody]]></modeler:mappedVariable>
          <modeler:outProcessVariable><![CDATA[mailbody]]></modeler:outProcessVariable>
          <modeler:inVariableType><![CDATA[formField]]></modeler:inVariableType>
          <modeler:outVariableType><![CDATA[restResponse]]></modeler:outVariableType>
          <modeler:typeOfMapping><![CDATA[outputMap]]></modeler:typeOfMapping>
        </modeler:variablesMapping>
        <modeler:variablesMapping>
          <modeler:mappedVariable><![CDATA[subject]]></modeler:mappedVariable>
          <modeler:outProcessVariable><![CDATA[subject]]></modeler:outProcessVariable>
          <modeler:inVariableType><![CDATA[formField]]></modeler:inVariableType>
          <modeler:outVariableType><![CDATA[restResponse]]></modeler:outVariableType>
          <modeler:typeOfMapping><![CDATA[outputMap]]></modeler:typeOfMapping>
        </modeler:variablesMapping>
        <modeler:editor-resource-id><![CDATA[sid-A34CEB0D-FB25-415D-A64C-C46F6CCEB706]]></modeler:editor-resource-id>
      </extensionElements>
    </userTask>
    <sequenceFlow id="sid-E64BB973-1763-4488-B0CF-32E4E037FA7A" sourceRef="startEvent1" targetRef="sid-A34CEB0D-FB25-415D-A64C-C46F6CCEB706">
      <extensionElements>
        <modeler:editor-resource-id><![CDATA[sid-E64BB973-1763-4488-B0CF-32E4E037FA7A]]></modeler:editor-resource-id>
      </extensionElements>
    </sequenceFlow>
    <scriptTask id="sid-429AE61F-7BA1-45FB-8323-DF35552174C1" name="initialization variable" scriptFormat="javascript" activiti:autoStoreVariables="false">
      <extensionElements>
        <modeler:editor-resource-id><![CDATA[sid-429AE61F-7BA1-45FB-8323-DF35552174C1]]></modeler:editor-resource-id>
      </extensionElements>
      <script><![CDATA[execution.setVariable("groupId", 3003);
execution.setVariable("innerIndex", 0);
]]></script>
    </scriptTask>
    <sequenceFlow id="sid-29649C0C-6BC2-4F80-AB4A-9F6F3AE9D71A" sourceRef="sid-A34CEB0D-FB25-415D-A64C-C46F6CCEB706" targetRef="sid-429AE61F-7BA1-45FB-8323-DF35552174C1">
      <extensionElements>
        <modeler:editor-resource-id><![CDATA[sid-29649C0C-6BC2-4F80-AB4A-9F6F3AE9D71A]]></modeler:editor-resource-id>
      </extensionElements>
    </sequenceFlow>
    <serviceTask id="sid-A8C6FBD1-E93D-4FAB-B2B2-C54BF1756168" name="Get Group details" activiti:async="true" activiti:delegateExpression="${activiti_restCallDelegate}">
      <extensionElements>
        <activiti:field name="baseEndpoint">
          <activiti:string><![CDATA[1]]></activiti:string>
        </activiti:field>
        <activiti:field name="baseEndpointName">
          <activiti:string><![CDATA[APS]]></activiti:string>
        </activiti:field>
        <activiti:field name="restUrl">
          <activiti:string><![CDATA[activiti-app/api/enterprise/groups/${groupId}/users]]></activiti:string>
        </activiti:field>
        <activiti:field name="httpMethod">
          <activiti:string><![CDATA[GET]]></activiti:string>
        </activiti:field>
        <modeler:response-mapping modeler:processVariableName="groupDetails" modeler:processVariableType="string" modeler:jsonPropertyName="data"/>
        <modeler:response-mapping modeler:processVariableName="teamsize" modeler:processVariableType="string" modeler:jsonPropertyName="total"/>
        <modeler:editor-resource-id><![CDATA[sid-A8C6FBD1-E93D-4FAB-B2B2-C54BF1756168]]></modeler:editor-resource-id>
      </extensionElements>
    </serviceTask>
    <sequenceFlow id="sid-0EB33CAB-DD87-48E3-BD10-EEF7E2D927C5" sourceRef="sid-429AE61F-7BA1-45FB-8323-DF35552174C1" targetRef="sid-A8C6FBD1-E93D-4FAB-B2B2-C54BF1756168">
      <extensionElements>
        <modeler:editor-resource-id><![CDATA[sid-0EB33CAB-DD87-48E3-BD10-EEF7E2D927C5]]></modeler:editor-resource-id>
      </extensionElements>
    </sequenceFlow>
    <subProcess id="sid-5C6B8FB3-F78D-4BED-9ABD-0C2E85B08C61" name="subProcess">
      <extensionElements>
        <modeler:editor-resource-id><![CDATA[sid-5C6B8FB3-F78D-4BED-9ABD-0C2E85B08C61]]></modeler:editor-resource-id>
      </extensionElements>
      <multiInstanceLoopCharacteristics isSequential="false">
        <loopCardinality>${teamsize}</loopCardinality>
      </multiInstanceLoopCharacteristics>
      <startEvent id="sid-B063C7E7-7653-4980-A81C-86B42AC1A828">
        <extensionElements>
          <modeler:editor-resource-id><![CDATA[sid-B063C7E7-7653-4980-A81C-86B42AC1A828]]></modeler:editor-resource-id>
        </extensionElements>
      </startEvent>
      <scriptTask id="sid-A5BE7894-BEFE-4AEB-A7A9-CB4D26D563F9" name="increment variable and get rest data one by one" scriptFormat="javascript" activiti:autoStoreVariables="false">
        <extensionElements>
          <modeler:editor-resource-id><![CDATA[sid-A5BE7894-BEFE-4AEB-A7A9-CB4D26D563F9]]></modeler:editor-resource-id>
        </extensionElements>
        <script><![CDATA[var i = execution.getVariable("innerIndex");
var temp = execution.getVariable("groupDetails");
var data = JSON.parse(temp);
execution.setVariable("assigneeUser", data[i].email);
i++;
execution.setVariable("innerIndex", i);
//execution.setVariable("closeInstance", false);]]></script>
      </scriptTask>
      <endEvent id="sid-A3A443CF-3E0C-4893-A3A0-F70F49D89C21">
        <extensionElements>
          <modeler:editor-resource-id><![CDATA[sid-A3A443CF-3E0C-4893-A3A0-F70F49D89C21]]></modeler:editor-resource-id>
        </extensionElements>
      </endEvent>
      <serviceTask id="sid-14CDB485-0A00-4EBA-8926-0246054533A7" name="Send Mail" activiti:type="mail">
        <extensionElements>
          <activiti:field name="to">
            <activiti:expression><![CDATA[${assigneeUser}]]></activiti:expression>
          </activiti:field>
          <activiti:field name="subject">
            <activiti:expression><![CDATA[${subject}]]></activiti:expression>
          </activiti:field>
          <activiti:field name="text">
            <activiti:expression><![CDATA[${mailbody}]]></activiti:expression>
          </activiti:field>
          <modeler:editor-resource-id><![CDATA[sid-14CDB485-0A00-4EBA-8926-0246054533A7]]></modeler:editor-resource-id>
        </extensionElements>
      </serviceTask>
      <sequenceFlow id="sid-C39E5603-7596-4D2B-8FD3-7B0C9D5DB9BE" sourceRef="sid-A5BE7894-BEFE-4AEB-A7A9-CB4D26D563F9" targetRef="sid-14CDB485-0A00-4EBA-8926-0246054533A7">
        <extensionElements>
          <modeler:editor-resource-id><![CDATA[sid-C39E5603-7596-4D2B-8FD3-7B0C9D5DB9BE]]></modeler:editor-resource-id>
        </extensionElements>
      </sequenceFlow>
      <sequenceFlow id="sid-A7862B28-A5FD-4262-9DDD-9BF90645AB19" sourceRef="sid-14CDB485-0A00-4EBA-8926-0246054533A7" targetRef="sid-A3A443CF-3E0C-4893-A3A0-F70F49D89C21">
        <extensionElements>
          <modeler:editor-resource-id><![CDATA[sid-A7862B28-A5FD-4262-9DDD-9BF90645AB19]]></modeler:editor-resource-id>
        </extensionElements>
      </sequenceFlow>
      <sequenceFlow id="sid-BAEC7580-A6E1-438C-A884-2C0B86F012CF" sourceRef="sid-B063C7E7-7653-4980-A81C-86B42AC1A828" targetRef="sid-A5BE7894-BEFE-4AEB-A7A9-CB4D26D563F9">
        <extensionElements>
          <modeler:editor-resource-id><![CDATA[sid-BAEC7580-A6E1-438C-A884-2C0B86F012CF]]></modeler:editor-resource-id>
        </extensionElements>
      </sequenceFlow>
    </subProcess>
    <sequenceFlow id="sid-B7E09D17-813F-4121-83EC-B9315A92CC02" sourceRef="sid-A8C6FBD1-E93D-4FAB-B2B2-C54BF1756168" targetRef="sid-5C6B8FB3-F78D-4BED-9ABD-0C2E85B08C61">
      <extensionElements>
        <modeler:editor-resource-id><![CDATA[sid-B7E09D17-813F-4121-83EC-B9315A92CC02]]></modeler:editor-resource-id>
      </extensionElements>
    </sequenceFlow>
    <endEvent id="sid-47387828-7F66-448B-BAF5-869EFEF97A48">
      <extensionElements>
        <modeler:editor-resource-id><![CDATA[sid-47387828-7F66-448B-BAF5-869EFEF97A48]]></modeler:editor-resource-id>
      </extensionElements>
    </endEvent>
    <sequenceFlow id="sid-3A92B862-3AAE-4B60-B1B7-DF17989ABA47" sourceRef="sid-5C6B8FB3-F78D-4BED-9ABD-0C2E85B08C61" targetRef="sid-47387828-7F66-448B-BAF5-869EFEF97A48">
      <extensionElements>
        <modeler:editor-resource-id><![CDATA[sid-3A92B862-3AAE-4B60-B1B7-DF17989ABA47]]></modeler:editor-resource-id>
      </extensionElements>
    </sequenceFlow>
  </process>
  <bpmndi:BPMNDiagram id="BPMNDiagram_SubProcessExample">
    <bpmndi:BPMNPlane bpmnElement="SubProcessExample" id="BPMNPlane_SubProcessExample">
      <bpmndi:BPMNShape bpmnElement="startEvent1" id="BPMNShape_startEvent1">
        <omgdc:Bounds height="30.0" width="30.0" x="60.0" y="100.0"/>
      </bpmndi:BPMNShape>
      <bpmndi:BPMNShape bpmnElement="sid-A34CEB0D-FB25-415D-A64C-C46F6CCEB706" id="BPMNShape_sid-A34CEB0D-FB25-415D-A64C-C46F6CCEB706">
        <omgdc:Bounds height="80.0" width="100.0" x="150.0" y="75.0"/>
      </bpmndi:BPMNShape>
      <bpmndi:BPMNShape bpmnElement="sid-429AE61F-7BA1-45FB-8323-DF35552174C1" id="BPMNShape_sid-429AE61F-7BA1-45FB-8323-DF35552174C1">
        <omgdc:Bounds height="80.0" width="100.0" x="285.0" y="75.0"/>
      </bpmndi:BPMNShape>
      <bpmndi:BPMNShape bpmnElement="sid-A8C6FBD1-E93D-4FAB-B2B2-C54BF1756168" id="BPMNShape_sid-A8C6FBD1-E93D-4FAB-B2B2-C54BF1756168">
        <omgdc:Bounds height="80.0" width="100.0" x="435.0" y="80.0"/>
      </bpmndi:BPMNShape>
      <bpmndi:BPMNShape bpmnElement="sid-5C6B8FB3-F78D-4BED-9ABD-0C2E85B08C61" id="BPMNShape_sid-5C6B8FB3-F78D-4BED-9ABD-0C2E85B08C61">
        <omgdc:Bounds height="183.0" width="382.0" x="570.0" y="30.0"/>
      </bpmndi:BPMNShape>
      <bpmndi:BPMNShape bpmnElement="sid-B063C7E7-7653-4980-A81C-86B42AC1A828" id="BPMNShape_sid-B063C7E7-7653-4980-A81C-86B42AC1A828">
        <omgdc:Bounds height="30.0" width="30.0" x="650.0" y="45.0"/>
      </bpmndi:BPMNShape>
      <bpmndi:BPMNShape bpmnElement="sid-A5BE7894-BEFE-4AEB-A7A9-CB4D26D563F9" id="BPMNShape_sid-A5BE7894-BEFE-4AEB-A7A9-CB4D26D563F9">
        <omgdc:Bounds height="80.0" width="100.0" x="615.0" y="120.0"/>
      </bpmndi:BPMNShape>
      <bpmndi:BPMNShape bpmnElement="sid-A3A443CF-3E0C-4893-A3A0-F70F49D89C21" id="BPMNShape_sid-A3A443CF-3E0C-4893-A3A0-F70F49D89C21">
        <omgdc:Bounds height="28.0" width="28.0" x="846.0" y="46.0"/>
      </bpmndi:BPMNShape>
      <bpmndi:BPMNShape bpmnElement="sid-14CDB485-0A00-4EBA-8926-0246054533A7" id="BPMNShape_sid-14CDB485-0A00-4EBA-8926-0246054533A7">
        <omgdc:Bounds height="80.0" width="100.0" x="810.0" y="120.0"/>
      </bpmndi:BPMNShape>
      <bpmndi:BPMNShape bpmnElement="sid-47387828-7F66-448B-BAF5-869EFEF97A48" id="BPMNShape_sid-47387828-7F66-448B-BAF5-869EFEF97A48">
        <omgdc:Bounds height="28.0" width="28.0" x="990.0" y="107.5"/>
      </bpmndi:BPMNShape>
      <bpmndi:BPMNEdge bpmnElement="sid-E64BB973-1763-4488-B0CF-32E4E037FA7A" id="BPMNEdge_sid-E64BB973-1763-4488-B0CF-32E4E037FA7A">
        <omgdi:waypoint x="90.0" y="115.0"/>
        <omgdi:waypoint x="150.0" y="115.0"/>
      </bpmndi:BPMNEdge>
      <bpmndi:BPMNEdge bpmnElement="sid-3A92B862-3AAE-4B60-B1B7-DF17989ABA47" id="BPMNEdge_sid-3A92B862-3AAE-4B60-B1B7-DF17989ABA47">
        <omgdi:waypoint x="952.0" y="121.5"/>
        <omgdi:waypoint x="990.0" y="121.5"/>
      </bpmndi:BPMNEdge>
      <bpmndi:BPMNEdge bpmnElement="sid-A7862B28-A5FD-4262-9DDD-9BF90645AB19" id="BPMNEdge_sid-A7862B28-A5FD-4262-9DDD-9BF90645AB19">
        <omgdi:waypoint x="860.0" y="120.0"/>
        <omgdi:waypoint x="860.0" y="74.0"/>
      </bpmndi:BPMNEdge>
      <bpmndi:BPMNEdge bpmnElement="sid-B7E09D17-813F-4121-83EC-B9315A92CC02" id="BPMNEdge_sid-B7E09D17-813F-4121-83EC-B9315A92CC02">
        <omgdi:waypoint x="535.0" y="120.0"/>
        <omgdi:waypoint x="567.5" y="120.0"/>
        <omgdi:waypoint x="567.5" y="121.5"/>
        <omgdi:waypoint x="570.0" y="121.5"/>
      </bpmndi:BPMNEdge>
      <bpmndi:BPMNEdge bpmnElement="sid-C39E5603-7596-4D2B-8FD3-7B0C9D5DB9BE" id="BPMNEdge_sid-C39E5603-7596-4D2B-8FD3-7B0C9D5DB9BE">
        <omgdi:waypoint x="715.0" y="160.0"/>
        <omgdi:waypoint x="792.5" y="160.0"/>
        <omgdi:waypoint x="792.5" y="161.0"/>
        <omgdi:waypoint x="810.0" y="161.0"/>
      </bpmndi:BPMNEdge>
      <bpmndi:BPMNEdge bpmnElement="sid-0EB33CAB-DD87-48E3-BD10-EEF7E2D927C5" id="BPMNEdge_sid-0EB33CAB-DD87-48E3-BD10-EEF7E2D927C5">
        <omgdi:waypoint x="385.0" y="116.66666666666667"/>
        <omgdi:waypoint x="435.0" y="118.33333333333333"/>
      </bpmndi:BPMNEdge>
      <bpmndi:BPMNEdge bpmnElement="sid-29649C0C-6BC2-4F80-AB4A-9F6F3AE9D71A" id="BPMNEdge_sid-29649C0C-6BC2-4F80-AB4A-9F6F3AE9D71A">
        <omgdi:waypoint x="250.0" y="115.0"/>
        <omgdi:waypoint x="285.0" y="115.0"/>
      </bpmndi:BPMNEdge>
      <bpmndi:BPMNEdge bpmnElement="sid-BAEC7580-A6E1-438C-A884-2C0B86F012CF" id="BPMNEdge_sid-BAEC7580-A6E1-438C-A884-2C0B86F012CF">
        <omgdi:waypoint x="665.0" y="75.0"/>
        <omgdi:waypoint x="665.0" y="120.0"/>
      </bpmndi:BPMNEdge>
    </bpmndi:BPMNPlane>
  </bpmndi:BPMNDiagram>
</definitions>