{"resourceId":35035,"properties":{"process_id":"UserandMailandScriptTaskExample","name":"User and Mail and Script Task Example","documentation":"","process_author":"","process_version":"","process_namespace":"http://www.activiti.org/processdef","executionlisteners":"","eventlisteners":"","signaldefinitions":"","messagedefinitions":"","executionvariables":"[{\"variableName\":\"mailbody\",\"variableType\":\"string\",\"$$hashKey\":\"uiGrid-0009\"},{\"variableName\":\"subject\",\"variableType\":\"string\",\"$$hashKey\":\"uiGrid-000F\"},{\"variableName\":\"emailid\",\"variableType\":\"string\",\"$$hashKey\":\"uiGrid-000L\"}]","metadata":""},"stencil":{"id":"BPMNDiagram"},"childShapes":[{"resourceId":"startEvent1","properties":{"overrideid":"","name":"","documentation":"","executionlisteners":"","initiator":"","formkeydefinition":"","formreference":"","fieldstovariables":"","formproperties":""},"stencil":{"id":"StartNoneEvent"},"childShapes":[],"outgoing":[{"resourceId":"sid-8CE33E49-502E-408D-AB7A-B93AB80AFFEA"}],"bounds":{"lowerRight":{"x":165,"y":145},"upperLeft":{"x":135,"y":115}},"dockers":[]},{"resourceId":"sid-29897CC3-78D2-469B-87C7-14BA02D078FE","properties":{"overrideid":"","name":"Give the Email Details","documentation":"","asynchronousdefinition":"false","exclusivedefinition":"false","executionlisteners":"","multiinstance_type":"None","multiinstance_cardinality":"","multiinstance_collection":"","multiinstance_variable":"","multiinstance_condition":"","isforcompensation":"false","usertasksendemail":false,"usertaskassignment":"","formkeydefinition":"","formreference":{"id":19021,"name":"Sub Process Example","referenceId":null,"variablesmapping":[{"mappedVariable":"mailbody","inProcessVariable":"","outProcessVariable":"mailbody","typeOfMapping":"outputMap","inVariableType":"formField","outVariableType":"restResponse"},{"mappedVariable":"subject","inProcessVariable":"","outProcessVariable":"subject","typeOfMapping":"outputMap","inVariableType":"formField","outVariableType":"restResponse"}]},"fieldstovariables":"","duedatedefinition":"","prioritydefinition":"","categorydefinition":"","formproperties":"","tasklisteners":"","emailtemplate":""},"stencil":{"id":"UserTask"},"childShapes":[],"outgoing":[{"resourceId":"sid-6FF0F54B-3C9F-44B7-8F70-E066448210AF"}],"bounds":{"lowerRight":{"x":330,"y":170},"upperLeft":{"x":230,"y":90}},"dockers":[]},{"resourceId":"sid-8CE33E49-502E-408D-AB7A-B93AB80AFFEA","properties":{"overrideid":"","name":"","documentation":"","conditionsequenceflow":"","executionlisteners":"","defaultflow":"false"},"stencil":{"id":"SequenceFlow"},"childShapes":[],"outgoing":[{"resourceId":"sid-29897CC3-78D2-469B-87C7-14BA02D078FE"}],"bounds":{"lowerRight":{"x":229.234375,"y":130},"upperLeft":{"x":165.21875,"y":130}},"dockers":[{"x":15,"y":15},{"x":50,"y":40}],"target":{"resourceId":"sid-29897CC3-78D2-469B-87C7-14BA02D078FE"}},{"resourceId":"sid-F97DB16D-1F1D-45AF-8CB8-4531EEE58E3A","properties":{"overrideid":"","name":"Send Email","documentation":"","asynchronousdefinition":"false","exclusivedefinition":"false","executionlisteners":"","multiinstance_type":"None","multiinstance_cardinality":"","multiinstance_collection":"","multiinstance_variable":"","multiinstance_condition":"","isforcompensation":"false","mailtaskto":"${emailid}","mailtaskfrom":"","mailtasksubject":"${subject}","mailtaskcc":"","mailtaskbcc":"","mailtasktext":"${mailbody}","mailtaskhtml":"","mailtaskcharset":""},"stencil":{"id":"MailTask"},"childShapes":[],"outgoing":[{"resourceId":"sid-C00406A7-3004-4F0D-A59C-FEC99F3D042F"}],"bounds":{"lowerRight":{"x":685,"y":170},"upperLeft":{"x":585,"y":90}},"dockers":[]},{"resourceId":"sid-52B0E14D-ABF7-4697-BDDB-DA47758D5A59","properties":{"overrideid":"","name":"","documentation":"","executionlisteners":""},"stencil":{"id":"EndNoneEvent"},"childShapes":[],"outgoing":[],"bounds":{"lowerRight":{"x":763,"y":144},"upperLeft":{"x":735,"y":116}},"dockers":[]},{"resourceId":"sid-C00406A7-3004-4F0D-A59C-FEC99F3D042F","properties":{"overrideid":"","name":"","documentation":"","conditionsequenceflow":"","executionlisteners":"","defaultflow":"false"},"stencil":{"id":"SequenceFlow"},"childShapes":[],"outgoing":[{"resourceId":"sid-52B0E14D-ABF7-4697-BDDB-DA47758D5A59"}],"bounds":{"lowerRight":{"x":734.640625,"y":130},"upperLeft":{"x":685.875,"y":130}},"dockers":[{"x":50,"y":40},{"x":14,"y":14}],"target":{"resourceId":"sid-52B0E14D-ABF7-4697-BDDB-DA47758D5A59"}},{"resourceId":"sid-A347F468-3CC1-43AD-836C-E633FF22643F","properties":{"scriptformat":"javascript","scripttext":"execution.setVariable(\"emailid\", 'malaivasan.d@muraai.com');","executionvariables":"","overrideid":"","name":"Set the value","documentation":"","asynchronousdefinition":"false","exclusivedefinition":"false","executionlisteners":"","multiinstance_type":"None","multiinstance_cardinality":"","multiinstance_collection":"","multiinstance_variable":"","multiinstance_condition":"","isforcompensation":"false"},"stencil":{"id":"ScriptTask"},"childShapes":[],"outgoing":[{"resourceId":"sid-1D0F5F0A-6C75-4637-A984-A2D3392E703E"}],"bounds":{"lowerRight":{"x":519.5,"y":170},"upperLeft":{"x":419.5,"y":90}},"dockers":[]},{"resourceId":"sid-6FF0F54B-3C9F-44B7-8F70-E066448210AF","properties":{"overrideid":"","name":"","documentation":"","conditionsequenceflow":"","executionlisteners":"","defaultflow":"false"},"stencil":{"id":"SequenceFlow"},"childShapes":[],"outgoing":[{"resourceId":"sid-A347F468-3CC1-43AD-836C-E633FF22643F"}],"bounds":{"lowerRight":{"x":418.904296875,"y":130},"upperLeft":{"x":330.595703125,"y":130}},"dockers":[{"x":50,"y":40},{"x":50,"y":40}],"target":{"resourceId":"sid-A347F468-3CC1-43AD-836C-E633FF22643F"}},{"resourceId":"sid-1D0F5F0A-6C75-4637-A984-A2D3392E703E","properties":{"overrideid":"","name":"","documentation":"","conditionsequenceflow":"","executionlisteners":"","defaultflow":"false"},"stencil":{"id":"SequenceFlow"},"childShapes":[],"outgoing":[{"resourceId":"sid-F97DB16D-1F1D-45AF-8CB8-4531EEE58E3A"}],"bounds":{"lowerRight":{"x":584.8671875,"y":130},"upperLeft":{"x":519.6328125,"y":130}},"dockers":[{"x":50,"y":40},{"x":50,"y":40}],"target":{"resourceId":"sid-F97DB16D-1F1D-45AF-8CB8-4531EEE58E3A"}}],"bounds":{"lowerRight":{"x":1200,"y":1050},"upperLeft":{"x":0,"y":0}},"stencilset":{"url":"stencilsets/bpmn2.0/bpmn2.0.json","namespace":"http://b3mn.org/stencilset/bpmn2.0#"},"ssextensions":[]}