<?xml version='1.0' encoding='UTF-8'?>
<definitions xmlns="http://www.omg.org/spec/BPMN/20100524/MODEL" xmlns:xsi="http://www.w3.org/2001/XMLSchema-instance" xmlns:xsd="http://www.w3.org/2001/XMLSchema" xmlns:activiti="http://activiti.org/bpmn" xmlns:bpmndi="http://www.omg.org/spec/BPMN/20100524/DI" xmlns:omgdc="http://www.omg.org/spec/DD/20100524/DC" xmlns:omgdi="http://www.omg.org/spec/DD/20100524/DI" typeLanguage="http://www.w3.org/2001/XMLSchema" expressionLanguage="http://www.w3.org/1999/XPath" targetNamespace="http://www.activiti.org/processdef" xmlns:modeler="http://activiti.com/modeler" modeler:version="1.0en" modeler:exportDateTime="20190610155331395" modeler:modelId="35035" modeler:modelVersion="6" modeler:modelLastUpdated="1560162144486">
  <process id="UserandMailandScriptTaskExample" name="User and Mail and Script Task Example" isExecutable="true">
    <extensionElements>
      <modeler:executionvariables xmlns:modeler="http://activiti.com/modeler" modeler:variableName="mailbody" modeler:variableType="string"/>
      <modeler:executionvariables xmlns:modeler="http://activiti.com/modeler" modeler:variableName="subject" modeler:variableType="string"/>
      <modeler:executionvariables xmlns:modeler="http://activiti.com/modeler" modeler:variableName="emailid" modeler:variableType="string"/>
    </extensionElements>
    <startEvent id="startEvent1">
      <extensionElements>
        <modeler:editor-resource-id><![CDATA[startEvent1]]></modeler:editor-resource-id>
      </extensionElements>
    </startEvent>
    <userTask id="sid-29897CC3-78D2-469B-87C7-14BA02D078FE" name="Give the Email Details" activiti:assignee="$INITIATOR" activiti:formKey="19021">
      <extensionElements>
        <modeler:allow-send-email><![CDATA[false]]></modeler:allow-send-email>
        <modeler:form-reference-id><![CDATA[19021]]></modeler:form-reference-id>
        <modeler:form-reference-name><![CDATA[Sub Process Example]]></modeler:form-reference-name>
        <modeler:activiti-idm-initiator><![CDATA[true]]></modeler:activiti-idm-initiator>
        <modeler:variablesMapping>
          <modeler:mappedVariable><![CDATA[mailbody]]></modeler:mappedVariable>
          <modeler:outProcessVariable><![CDATA[mailbody]]></modeler:outProcessVariable>
          <modeler:inVariableType><![CDATA[formField]]></modeler:inVariableType>
          <modeler:outVariableType><![CDATA[restResponse]]></modeler:outVariableType>
          <modeler:typeOfMapping><![CDATA[outputMap]]></modeler:typeOfMapping>
        </modeler:variablesMapping>
        <modeler:variablesMapping>
          <modeler:mappedVariable><![CDATA[subject]]></modeler:mappedVariable>
          <modeler:outProcessVariable><![CDATA[subject]]></modeler:outProcessVariable>
          <modeler:inVariableType><![CDATA[formField]]></modeler:inVariableType>
          <modeler:outVariableType><![CDATA[restResponse]]></modeler:outVariableType>
          <modeler:typeOfMapping><![CDATA[outputMap]]></modeler:typeOfMapping>
        </modeler:variablesMapping>
        <modeler:editor-resource-id><![CDATA[sid-29897CC3-78D2-469B-87C7-14BA02D078FE]]></modeler:editor-resource-id>
      </extensionElements>
    </userTask>
    <sequenceFlow id="sid-8CE33E49-502E-408D-AB7A-B93AB80AFFEA" sourceRef="startEvent1" targetRef="sid-29897CC3-78D2-469B-87C7-14BA02D078FE">
      <extensionElements>
        <modeler:editor-resource-id><![CDATA[sid-8CE33E49-502E-408D-AB7A-B93AB80AFFEA]]></modeler:editor-resource-id>
      </extensionElements>
    </sequenceFlow>
    <serviceTask id="sid-F97DB16D-1F1D-45AF-8CB8-4531EEE58E3A" name="Send Email" activiti:type="mail">
      <extensionElements>
        <activiti:field name="to">
          <activiti:expression><![CDATA[${emailid}]]></activiti:expression>
        </activiti:field>
        <activiti:field name="subject">
          <activiti:expression><![CDATA[${subject}]]></activiti:expression>
        </activiti:field>
        <activiti:field name="text">
          <activiti:expression><![CDATA[${mailbody}]]></activiti:expression>
        </activiti:field>
        <modeler:editor-resource-id><![CDATA[sid-F97DB16D-1F1D-45AF-8CB8-4531EEE58E3A]]></modeler:editor-resource-id>
      </extensionElements>
    </serviceTask>
    <endEvent id="sid-52B0E14D-ABF7-4697-BDDB-DA47758D5A59">
      <extensionElements>
        <modeler:editor-resource-id><![CDATA[sid-52B0E14D-ABF7-4697-BDDB-DA47758D5A59]]></modeler:editor-resource-id>
      </extensionElements>
    </endEvent>
    <sequenceFlow id="sid-C00406A7-3004-4F0D-A59C-FEC99F3D042F" sourceRef="sid-F97DB16D-1F1D-45AF-8CB8-4531EEE58E3A" targetRef="sid-52B0E14D-ABF7-4697-BDDB-DA47758D5A59">
      <extensionElements>
        <modeler:editor-resource-id><![CDATA[sid-C00406A7-3004-4F0D-A59C-FEC99F3D042F]]></modeler:editor-resource-id>
      </extensionElements>
    </sequenceFlow>
    <scriptTask id="sid-A347F468-3CC1-43AD-836C-E633FF22643F" name="Set the value" scriptFormat="javascript" activiti:autoStoreVariables="false">
      <extensionElements>
        <modeler:editor-resource-id><![CDATA[sid-A347F468-3CC1-43AD-836C-E633FF22643F]]></modeler:editor-resource-id>
      </extensionElements>
      <script><![CDATA[execution.setVariable("emailid", 'malaivasan.d@muraai.com');]]></script>
    </scriptTask>
    <sequenceFlow id="sid-6FF0F54B-3C9F-44B7-8F70-E066448210AF" sourceRef="sid-29897CC3-78D2-469B-87C7-14BA02D078FE" targetRef="sid-A347F468-3CC1-43AD-836C-E633FF22643F">
      <extensionElements>
        <modeler:editor-resource-id><![CDATA[sid-6FF0F54B-3C9F-44B7-8F70-E066448210AF]]></modeler:editor-resource-id>
      </extensionElements>
    </sequenceFlow>
    <sequenceFlow id="sid-1D0F5F0A-6C75-4637-A984-A2D3392E703E" sourceRef="sid-A347F468-3CC1-43AD-836C-E633FF22643F" targetRef="sid-F97DB16D-1F1D-45AF-8CB8-4531EEE58E3A">
      <extensionElements>
        <modeler:editor-resource-id><![CDATA[sid-1D0F5F0A-6C75-4637-A984-A2D3392E703E]]></modeler:editor-resource-id>
      </extensionElements>
    </sequenceFlow>
  </process>
  <bpmndi:BPMNDiagram id="BPMNDiagram_UserandMailandScriptTaskExample">
    <bpmndi:BPMNPlane bpmnElement="UserandMailandScriptTaskExample" id="BPMNPlane_UserandMailandScriptTaskExample">
      <bpmndi:BPMNShape bpmnElement="startEvent1" id="BPMNShape_startEvent1">
        <omgdc:Bounds height="30.0" width="30.0" x="135.0" y="115.0"/>
      </bpmndi:BPMNShape>
      <bpmndi:BPMNShape bpmnElement="sid-29897CC3-78D2-469B-87C7-14BA02D078FE" id="BPMNShape_sid-29897CC3-78D2-469B-87C7-14BA02D078FE">
        <omgdc:Bounds height="80.0" width="100.0" x="230.0" y="90.0"/>
      </bpmndi:BPMNShape>
      <bpmndi:BPMNShape bpmnElement="sid-F97DB16D-1F1D-45AF-8CB8-4531EEE58E3A" id="BPMNShape_sid-F97DB16D-1F1D-45AF-8CB8-4531EEE58E3A">
        <omgdc:Bounds height="80.0" width="100.0" x="585.0" y="90.0"/>
      </bpmndi:BPMNShape>
      <bpmndi:BPMNShape bpmnElement="sid-52B0E14D-ABF7-4697-BDDB-DA47758D5A59" id="BPMNShape_sid-52B0E14D-ABF7-4697-BDDB-DA47758D5A59">
        <omgdc:Bounds height="28.0" width="28.0" x="735.0" y="116.0"/>
      </bpmndi:BPMNShape>
      <bpmndi:BPMNShape bpmnElement="sid-A347F468-3CC1-43AD-836C-E633FF22643F" id="BPMNShape_sid-A347F468-3CC1-43AD-836C-E633FF22643F">
        <omgdc:Bounds height="80.0" width="100.0" x="419.5" y="90.0"/>
      </bpmndi:BPMNShape>
      <bpmndi:BPMNEdge bpmnElement="sid-8CE33E49-502E-408D-AB7A-B93AB80AFFEA" id="BPMNEdge_sid-8CE33E49-502E-408D-AB7A-B93AB80AFFEA">
        <omgdi:waypoint x="165.0" y="130.0"/>
        <omgdi:waypoint x="230.0" y="130.0"/>
      </bpmndi:BPMNEdge>
      <bpmndi:BPMNEdge bpmnElement="sid-C00406A7-3004-4F0D-A59C-FEC99F3D042F" id="BPMNEdge_sid-C00406A7-3004-4F0D-A59C-FEC99F3D042F">
        <omgdi:waypoint x="685.0" y="130.0"/>
        <omgdi:waypoint x="735.0" y="130.0"/>
      </bpmndi:BPMNEdge>
      <bpmndi:BPMNEdge bpmnElement="sid-6FF0F54B-3C9F-44B7-8F70-E066448210AF" id="BPMNEdge_sid-6FF0F54B-3C9F-44B7-8F70-E066448210AF">
        <omgdi:waypoint x="330.0" y="130.0"/>
        <omgdi:waypoint x="419.5" y="130.0"/>
      </bpmndi:BPMNEdge>
      <bpmndi:BPMNEdge bpmnElement="sid-1D0F5F0A-6C75-4637-A984-A2D3392E703E" id="BPMNEdge_sid-1D0F5F0A-6C75-4637-A984-A2D3392E703E">
        <omgdi:waypoint x="519.5" y="130.0"/>
        <omgdi:waypoint x="585.0" y="130.0"/>
      </bpmndi:BPMNEdge>
    </bpmndi:BPMNPlane>
  </bpmndi:BPMNDiagram>
</definitions>