{"name":"Aps Training App","description":"","definition":{"models":[{"id":28030,"name":"Intermediate signal Process","version":8,"modelType":0,"description":"","stencilSetId":0,"createdByFullName":" Administrator","createdBy":1,"lastUpdatedByFullName":" Administrator","lastUpdatedBy":1,"lastUpdated":"2019-06-10T10:22:23.445+0000"},{"id":33033,"name":"Boundary Message Event Example","version":4,"modelType":0,"description":"","stencilSetId":0,"createdByFullName":" Administrator","createdBy":1,"lastUpdatedByFullName":" Administrator","lastUpdatedBy":1,"lastUpdated":"2019-06-10T10:22:23.554+0000"},{"id":32033,"name":"Boundary signal event Example","version":7,"modelType":0,"description":"","stencilSetId":0,"createdByFullName":" Administrator","createdBy":1,"lastUpdatedByFullName":" Administrator","lastUpdatedBy":1,"lastUpdated":"2019-06-10T10:22:23.648+0000"},{"id":31031,"name":"Boundary timer event Example","version":5,"modelType":0,"description":"","stencilSetId":0,"createdByFullName":" Administrator","createdBy":1,"lastUpdatedByFullName":" Administrator","lastUpdatedBy":1,"lastUpdated":"2019-06-10T10:22:23.726+0000"},{"id":27027,"name":"Boundary Error Event Example","version":11,"modelType":0,"description":null,"stencilSetId":0,"createdByFullName":" Administrator","createdBy":1,"lastUpdatedByFullName":" Administrator","lastUpdatedBy":1,"lastUpdated":"2019-06-10T10:22:23.843+0000"},{"id":17017,"name":"GatewaysProcess","version":33,"modelType":0,"description":"","stencilSetId":0,"createdByFullName":" Administrator","createdBy":1,"lastUpdatedByFullName":" Administrator","lastUpdatedBy":1,"lastUpdated":"2019-06-10T10:22:23.937+0000"},{"id":19020,"name":"Sub Process Example","version":20,"modelType":0,"description":null,"stencilSetId":0,"createdByFullName":" Administrator","createdBy":1,"lastUpdatedByFullName":" Administrator","lastUpdatedBy":1,"lastUpdated":"2019-06-10T10:22:24.049+0000"},{"id":13013,"name":"Doc Generate","version":20,"modelType":0,"description":null,"stencilSetId":0,"createdByFullName":" Administrator","createdBy":1,"lastUpdatedByFullName":" Administrator","lastUpdatedBy":1,"lastUpdated":"2019-06-10T10:22:24.143+0000"},{"id":25039,"name":"Decision Example1","version":4,"modelType":0,"description":null,"stencilSetId":0,"createdByFullName":" Administrator","createdBy":1,"lastUpdatedByFullName":" Administrator","lastUpdatedBy":1,"lastUpdated":"2019-06-10T10:22:24.252+0000"},{"id":35037,"name":"Rest call task Example","version":4,"modelType":0,"description":null,"stencilSetId":0,"createdByFullName":" Administrator","createdBy":1,"lastUpdatedByFullName":" Administrator","lastUpdatedBy":1,"lastUpdated":"2019-06-10T10:22:24.314+0000"},{"id":16017,"name":"ServiceTask Example","version":63,"modelType":0,"description":null,"stencilSetId":0,"createdByFullName":" Administrator","createdBy":1,"lastUpdatedByFullName":" Administrator","lastUpdatedBy":1,"lastUpdated":"2019-06-10T10:22:24.408+0000"},{"id":35035,"name":"User and Mail and Script Task Example","version":6,"modelType":0,"description":"","stencilSetId":0,"createdByFullName":" Administrator","createdBy":1,"lastUpdatedByFullName":" Administrator","lastUpdatedBy":1,"lastUpdated":"2019-06-10T10:22:24.486+0000"},{"id":28031,"name":"Intermediate msg event","version":6,"modelType":0,"description":"","stencilSetId":0,"createdByFullName":" Administrator","createdBy":1,"lastUpdatedByFullName":" Administrator","lastUpdatedBy":1,"lastUpdated":"2019-06-10T10:22:24.564+0000"},{"id":25032,"name":"decision tables Sample","version":6,"modelType":0,"description":null,"stencilSetId":0,"createdByFullName":" Administrator","createdBy":1,"lastUpdatedByFullName":" Administrator","lastUpdatedBy":1,"lastUpdated":"2019-06-10T10:22:24.658+0000"}],"theme":"theme-5","icon":"glyphicon-asterisk","publishIdentityInfo":[]}}